{
"type": "FeatureCollection",
"name": "nps_nhps",
"crs": { "type": "name", "properties": { "name": "urn:ogc:def:crs:OGC:1.3:CRS84" } },
"features": [
{ "type": "Feature", "properties": { "UNIT_NAME": "Independence National Historical Park", "PARKNAME": "Independence", "UNIT_TYPE": "National Historical Park", "STATE": "PA", "REGION": "NE", "SITE_NAME": null }, "geometry": { "type": "MultiPolygon", "coordinates": [ [ [ [ -75.152198215999988, 39.950617282999985 ], [ -75.152225225999985, 39.950488904 ], [ -75.152344441000025, 39.950503826999977 ], [ -75.15240117899998, 39.950511436999989 ], [ -75.152333140999986, 39.950847296 ], [ -75.15227194, 39.950839289999976 ], [ -75.152156150999986, 39.950824608 ], [ -75.152176759999975, 39.950725448000014 ], [ -75.152198215999988, 39.950617282999985 ] ] ], [ [ [ -75.155580616, 39.946042991000013 ], [ -75.155608657000016, 39.945914889 ], [ -75.155837368, 39.94594293900002 ], [ -75.155762051000011, 39.946294622999972 ], [ -75.155747637, 39.946292796000023 ], [ -75.155531646999975, 39.946266691 ], [ -75.155580616, 39.946042991000013 ] ] ], [ [ [ -75.148793624, 39.946059272000014 ], [ -75.148835756999972, 39.945869746000028 ], [ -75.14889823599998, 39.945877392999989 ], [ -75.148925083, 39.945880724 ], [ -75.148933535000026, 39.945843591000028 ], [ -75.149082727, 39.945862201000011 ], [ -75.149292054, 39.945888003999983 ], [ -75.149292539999976, 39.945888062999984 ], [ -75.149288625999986, 39.945906752999974 ], [ -75.149504529000012, 39.945933535999984 ], [ -75.149498906000019, 39.945961841999974 ], [ -75.149459158000013, 39.94614371199998 ], [ -75.149404198000013, 39.946136739 ], [ -75.149351022000019, 39.946129988999985 ], [ -75.149295680000023, 39.946122971000023 ], [ -75.149244945000021, 39.946116355000015 ], [ -75.149112033, 39.946099670000024 ], [ -75.149032768999973, 39.94608961199998 ], [ -75.148920280000027, 39.946075641999983 ], [ -75.148854351000011, 39.946067088 ], [ -75.148793624, 39.946059272000014 ] ] ], [ [ [ -75.145374272000026, 39.955315375999987 ], [ -75.145421914, 39.955092601999979 ], [ -75.14542310600001, 39.955092756999989 ], [ -75.145423258999983, 39.955092775000026 ], [ -75.145483594999973, 39.95510060700002 ], [ -75.145545894, 39.955107936 ], [ -75.145552394999982, 39.955109627000013 ], [ -75.145608804, 39.955116014 ], [ -75.14561613799998, 39.955117807000022 ], [ -75.145673741999985, 39.955124496 ], [ -75.145683556999984, 39.955125453 ], [ -75.145733080000014, 39.955131591999987 ], [ -75.145738449000021, 39.955132237999976 ], [ -75.145738753999979, 39.955132699999979 ], [ -75.146062410000013, 39.955172789000017 ], [ -75.146078601999989, 39.955211240999972 ], [ -75.146096525000019, 39.955249568 ], [ -75.146071791, 39.955362429 ], [ -75.146063412999979, 39.955403149 ], [ -75.145933389, 39.955386229999988 ], [ -75.145785382999975, 39.955367648999982 ], [ -75.145692528999973, 39.95535587400002 ], [ -75.145625301, 39.95534737600002 ], [ -75.1455671, 39.955339693999974 ], [ -75.145505582999988, 39.95533157 ], [ -75.145440536000024, 39.955324098 ], [ -75.145374272000026, 39.955315375999987 ] ] ], [ [ [ -75.149482988999978, 39.945663613000022 ], [ -75.149463158, 39.945660993999979 ], [ -75.149463136, 39.945661084 ], [ -75.149237791000019, 39.945632353 ], [ -75.149183385000015, 39.945625377999988 ], [ -75.149127943, 39.945618739 ], [ -75.149072267, 39.945611247999977 ], [ -75.149016231000019, 39.945604102 ], [ -75.14898095, 39.945599604 ], [ -75.148962582000024, 39.945597159999977 ], [ -75.148909635999985, 39.945589961 ], [ -75.148945765, 39.945429076999972 ], [ -75.148998627000026, 39.945435340000017 ], [ -75.149052558, 39.945442438999976 ], [ -75.149108258000012, 39.945449424 ], [ -75.149163586999975, 39.94545595 ], [ -75.149220051999976, 39.945463408000023 ], [ -75.149273215, 39.945470186000023 ], [ -75.149499209, 39.945499397999981 ], [ -75.14947601, 39.945603383 ], [ -75.149495892, 39.945605828 ], [ -75.149509593, 39.945544491000021 ], [ -75.149517382, 39.945512623000013 ], [ -75.149524725999981, 39.945479201000012 ], [ -75.149878713000021, 39.945523763999972 ], [ -75.149871269000016, 39.945557443999974 ], [ -75.149864518000015, 39.945587994 ], [ -75.149850932999982, 39.945649499000012 ], [ -75.149837819000027, 39.945708857 ], [ -75.149482988999978, 39.945663613000022 ] ] ], [ [ [ -75.143621176000011, 39.950894872999982 ], [ -75.143698691999987, 39.950553709000019 ], [ -75.144164494999984, 39.950615239 ], [ -75.144080159, 39.950956682000026 ], [ -75.144014250999987, 39.950948013000016 ], [ -75.143621176000011, 39.950894872999982 ] ] ], [ [ [ -75.143717096999978, 39.950472789 ], [ -75.143734102999986, 39.95039780899998 ], [ -75.143747081000015, 39.950344514 ], [ -75.143753442, 39.950313592999976 ], [ -75.143759132000014, 39.950286636999977 ], [ -75.143771644000026, 39.950231218999988 ], [ -75.143782400000021, 39.950186 ], [ -75.143794249999985, 39.950135795 ], [ -75.143811810999978, 39.950060012999984 ], [ -75.143903465999983, 39.950072055000021 ], [ -75.143987407, 39.950082722 ], [ -75.144035323000026, 39.950088193999989 ], [ -75.144081129000028, 39.95009481 ], [ -75.144125445999975, 39.950099798 ], [ -75.144279273999985, 39.950118933 ], [ -75.144335029, 39.950126867999984 ], [ -75.144394793, 39.950133795999989 ], [ -75.144339415, 39.950374313999987 ], [ -75.144357437, 39.950376991999974 ], [ -75.144347380999989, 39.950423086 ], [ -75.144297955000013, 39.950416387000018 ], [ -75.144213510999975, 39.95040531 ], [ -75.144202084000028, 39.950460412999973 ], [ -75.144184055999972, 39.950536446 ], [ -75.144034869, 39.950515955000014 ], [ -75.143717096999978, 39.950472789 ] ] ], [ [ [ -75.14650207699998, 39.949323726999978 ], [ -75.14651055600001, 39.949282525 ], [ -75.146618137000019, 39.949294779000013 ], [ -75.146637425999984, 39.949296976000028 ], [ -75.146739109, 39.948822428000028 ], [ -75.146770518999972, 39.948825839 ], [ -75.146800985000027, 39.948829589000013 ], [ -75.14675910699998, 39.949028165000016 ], [ -75.146762145000025, 39.949039923999976 ], [ -75.146706569, 39.949305582000022 ], [ -75.146723759, 39.949308825 ], [ -75.146838135, 39.949321672 ], [ -75.146856620999984, 39.949324191000017 ], [ -75.14685665899998, 39.949324194999974 ], [ -75.146840296999983, 39.949406790000012 ], [ -75.146832689, 39.949445191 ], [ -75.146809319, 39.949563153999975 ], [ -75.146801429999982, 39.949602975 ], [ -75.146778781000023, 39.949717304999979 ], [ -75.146735289999981, 39.949901329 ], [ -75.146732908, 39.949911408 ], [ -75.146680979999985, 39.95015237299998 ], [ -75.146622089, 39.950145299999974 ], [ -75.146564626999975, 39.950138401 ], [ -75.146492551999984, 39.950129746000016 ], [ -75.146457231, 39.950125221 ], [ -75.146444239, 39.950123545999986 ], [ -75.146376025999984, 39.950114747999976 ], [ -75.146334466999974, 39.950109387999987 ], [ -75.146404759, 39.949780553999972 ], [ -75.146431565, 39.949655156 ], [ -75.146449018, 39.949573510999983 ], [ -75.146467794999978, 39.949485663000019 ], [ -75.146484481000016, 39.949407603999987 ], [ -75.146493444999976, 39.949365672999988 ], [ -75.14650207699998, 39.949323726999978 ] ] ], [ [ [ -75.172140018, 40.033935096 ], [ -75.172074685999974, 40.033896570000024 ], [ -75.171957943, 40.033828835 ], [ -75.172124667, 40.033666239000013 ], [ -75.172148360999984, 40.033643787000017 ], [ -75.172180872000013, 40.03361163400001 ], [ -75.172238128, 40.033554813000023 ], [ -75.172254090000024, 40.03353910300001 ], [ -75.172279237999987, 40.033514874 ], [ -75.172330292000026, 40.033464621 ], [ -75.172364657, 40.033430106000026 ], [ -75.172384405, 40.033410389999972 ], [ -75.172416326000018, 40.033379180999987 ], [ -75.172567769000011, 40.033229979999987 ], [ -75.172577210999975, 40.03323647000002 ], [ -75.17260521999998, 40.033253488000014 ], [ -75.172668381, 40.033292787 ], [ -75.172786969000015, 40.033363450000024 ], [ -75.172838902000024, 40.033395688999974 ], [ -75.172844715, 40.033399436000025 ], [ -75.172575127000016, 40.033666771000014 ], [ -75.172607216000017, 40.033685795 ], [ -75.172515729, 40.033776325000019 ], [ -75.172464048, 40.033828482999979 ], [ -75.172442612999987, 40.033849814 ], [ -75.172457209000015, 40.033859081 ], [ -75.172505681000018, 40.033887838 ], [ -75.172548464999977, 40.033909715 ], [ -75.172579168000027, 40.033908521 ], [ -75.172680335999985, 40.033968996 ], [ -75.17266235, 40.033985949 ], [ -75.172667696000019, 40.033989583999983 ], [ -75.172628283999984, 40.034027760000015 ], [ -75.17260875, 40.03404637 ], [ -75.172595349, 40.034060223999973 ], [ -75.17250519800001, 40.034147285000017 ], [ -75.172378112999979, 40.034074963000023 ], [ -75.17231324, 40.034036786 ], [ -75.172256457, 40.034003516999974 ], [ -75.172242333999975, 40.033994410999981 ], [ -75.172196586999974, 40.033968599 ], [ -75.172140018, 40.033935096 ] ] ], [ [ [ -75.148770814999978, 39.94705481699998 ], [ -75.148793966000028, 39.94695513 ], [ -75.148794701999975, 39.946951953 ], [ -75.148811575000025, 39.946879315 ], [ -75.148827283, 39.946811673000013 ], [ -75.148840001999986, 39.946756891 ], [ -75.148657144000026, 39.94673584100002 ], [ -75.148657882, 39.946732579000013 ], [ -75.148641920999978, 39.946730708000018 ], [ -75.148665951999988, 39.946617646 ], [ -75.148690171, 39.946501738 ], [ -75.148690588000022, 39.946500179999987 ], [ -75.148691563, 39.946500312000012 ], [ -75.148695017000023, 39.946483624 ], [ -75.148695170999986, 39.946483001 ], [ -75.148768696, 39.946184125 ], [ -75.148850042999982, 39.94619400800002 ], [ -75.148930988000018, 39.946204179 ], [ -75.149085563000028, 39.946223824000015 ], [ -75.149129080000023, 39.946229143999972 ], [ -75.149173825, 39.946234182000012 ], [ -75.149192732000017, 39.946236592 ], [ -75.149242226000013, 39.946242899000026 ], [ -75.149306444, 39.946251013 ], [ -75.149375210000017, 39.946259839999982 ], [ -75.149437327999976, 39.946267751999983 ], [ -75.149393727000017, 39.946457539999983 ], [ -75.149381268000013, 39.946511756 ], [ -75.14936284700002, 39.946593952 ], [ -75.149353207, 39.946641230000012 ], [ -75.149352831999977, 39.946643064 ], [ -75.149352492, 39.946644359 ], [ -75.149346338999976, 39.946667833 ], [ -75.149075243000027, 39.946633022000015 ], [ -75.149072620000027, 39.946642978 ], [ -75.149191918999975, 39.946658411999977 ], [ -75.149344300999985, 39.946676965 ], [ -75.149328718, 39.946748856 ], [ -75.149325363, 39.94676429499998 ], [ -75.149321283, 39.946781526999985 ], [ -75.149312454999972, 39.946818735000022 ], [ -75.149290668999981, 39.946916015 ], [ -75.149180902000012, 39.946901686999979 ], [ -75.149180785, 39.946904733 ], [ -75.149173006000012, 39.946903685999985 ], [ -75.149098849999973, 39.946893682999985 ], [ -75.149094052, 39.946915908 ], [ -75.14908871, 39.946938519000014 ], [ -75.149077025999986, 39.946988002000012 ], [ -75.149053993, 39.946985155999982 ], [ -75.14898185200002, 39.947298369 ], [ -75.148959363000017, 39.947385123 ], [ -75.148958973, 39.947385070999985 ], [ -75.148899302000018, 39.947377201 ], [ -75.14880107800002, 39.947365213000012 ], [ -75.148701636999988, 39.947352702999979 ], [ -75.148755204999986, 39.947124218 ], [ -75.148770814999978, 39.94705481699998 ] ] ], [ [ [ -75.146581878, 39.946523023 ], [ -75.146617049999975, 39.946364857999981 ], [ -75.14697763800001, 39.946411886000021 ], [ -75.147146065000015, 39.946433935000016 ], [ -75.14743929399998, 39.946471067 ], [ -75.147640363, 39.946497142 ], [ -75.148014138, 39.946544765 ], [ -75.14791840800001, 39.946976453 ], [ -75.147877548, 39.947159602 ], [ -75.147856913999988, 39.947250403999988 ], [ -75.147438841, 39.947197260999985 ], [ -75.147417834, 39.947194554000021 ], [ -75.14734682, 39.947185403999981 ], [ -75.146982560000026, 39.947139875 ], [ -75.146819713000014, 39.947119446999977 ], [ -75.146723553000015, 39.947106211 ], [ -75.146635652999976, 39.947095256000011 ], [ -75.146458134, 39.94707269700001 ], [ -75.146469889, 39.947019179 ], [ -75.146480903999986, 39.946969828000022 ], [ -75.146491734, 39.946920176999981 ], [ -75.146494600999972, 39.94690887500002 ], [ -75.14650522300002, 39.946866995 ], [ -75.146514915000012, 39.9468218 ], [ -75.146524546000023, 39.946778094000024 ], [ -75.146533745999989, 39.946735572000023 ], [ -75.146549643000014, 39.946665118 ], [ -75.146560016000024, 39.946619793000025 ], [ -75.146570860999987, 39.946572372999981 ], [ -75.146581878, 39.946523023 ] ] ], [ [ [ -75.144436084, 39.947227047000013 ], [ -75.144493988000022, 39.946949309 ], [ -75.144506085999978, 39.946950931 ], [ -75.144838271000026, 39.946995457000014 ], [ -75.144928619999973, 39.947007568 ], [ -75.145022938000011, 39.947020211 ], [ -75.145081880000021, 39.947028112 ], [ -75.145126184, 39.947034047999978 ], [ -75.145694600000013, 39.947110235000025 ], [ -75.146254533999979, 39.94718528300001 ], [ -75.14616266500002, 39.947600523 ], [ -75.14610653699998, 39.947854248 ], [ -75.146075903999986, 39.947992710999984 ], [ -75.146072625999977, 39.948007533 ], [ -75.146046028, 39.948127750000026 ], [ -75.146033699999975, 39.948183476 ], [ -75.146023657, 39.948228872000016 ], [ -75.146014055000023, 39.948272266 ], [ -75.146003925, 39.948318050000012 ], [ -75.145993965, 39.948363087000018 ], [ -75.145971224999982, 39.948465865 ], [ -75.145951889, 39.948553247 ], [ -75.145862838000028, 39.948541095 ], [ -75.145773969, 39.948528966000026 ], [ -75.145703158, 39.948519302000022 ], [ -75.145555845999979, 39.948499197 ], [ -75.145470846000023, 39.948487595000017 ], [ -75.145383176999985, 39.948475630000019 ], [ -75.145327410999982, 39.948468019000018 ], [ -75.145312096, 39.948465928000019 ], [ -75.145388836, 39.948098959999982 ], [ -75.145398995, 39.948049936000018 ], [ -75.145425009, 39.947925386 ], [ -75.145427700000027, 39.947912507000012 ], [ -75.145452334000026, 39.947794574999989 ], [ -75.145456759000012, 39.947773989999973 ], [ -75.145472483999981, 39.947698089000028 ], [ -75.145507345999988, 39.947532624000019 ], [ -75.145453396999983, 39.947498349 ], [ -75.145452980000016, 39.947498103999976 ], [ -75.145321349000028, 39.947420808 ], [ -75.145290930999977, 39.947417197 ], [ -75.145288016999984, 39.947416851000014 ], [ -75.144736779000027, 39.947342725999988 ], [ -75.144420825, 39.947300236999979 ], [ -75.144424781999987, 39.947281262 ], [ -75.144436084, 39.947227047000013 ] ] ], [ [ [ -75.149036244, 39.95046161 ], [ -75.149318936999975, 39.949143326000012 ], [ -75.149621124000021, 39.949181102000011 ], [ -75.149668306000024, 39.949187 ], [ -75.149713591000022, 39.949192647000018 ], [ -75.150169160000019, 39.949250275 ], [ -75.150288400000022, 39.949265135000019 ], [ -75.150596877, 39.949305274999972 ], [ -75.150306777000026, 39.950625914999989 ], [ -75.14999829300001, 39.950585776000025 ], [ -75.149338307999983, 39.950499977999982 ], [ -75.149036244, 39.95046161 ] ] ], [ [ [ -75.148346236, 39.953828236999982 ], [ -75.148587975999988, 39.952722445 ], [ -75.149183676, 39.952791878000028 ], [ -75.149757399, 39.952860692 ], [ -75.149586549, 39.953651990000026 ], [ -75.149402846999976, 39.95448582 ], [ -75.148818452, 39.954416869 ], [ -75.148232324, 39.954348044000028 ], [ -75.148346236, 39.953828236999982 ] ] ], [ [ [ -75.146353418999979, 39.947571716000027 ], [ -75.146361655000021, 39.947534981 ], [ -75.146374332, 39.947478397999987 ], [ -75.146434966000015, 39.947207890000016 ], [ -75.146497501, 39.947216226000023 ], [ -75.146570119999978, 39.947225907000018 ], [ -75.146643381999979, 39.947235674000012 ], [ -75.146781894000014, 39.947254144 ], [ -75.146872799999983, 39.947266262000028 ], [ -75.146948230000021, 39.947276321 ], [ -75.147043446999987, 39.947289018 ], [ -75.14712935, 39.94730046799998 ], [ -75.147200141999974, 39.947309905999987 ], [ -75.147273736999978, 39.947319719 ], [ -75.14733572, 39.947327981 ], [ -75.147405446999983, 39.94733727800002 ], [ -75.147479839000027, 39.94734719500002 ], [ -75.147567173000027, 39.947358838000014 ], [ -75.147655412, 39.947370604000014 ], [ -75.147714208000025, 39.94737844399998 ], [ -75.147770449, 39.94738594 ], [ -75.147823362, 39.947392994999973 ], [ -75.147783774, 39.94756967 ], [ -75.147729240999979, 39.947562678 ], [ -75.147672164000028, 39.947555366000017 ], [ -75.147652945, 39.9475529 ], [ -75.147652779999987, 39.947553271 ], [ -75.147651489999987, 39.947563257000013 ], [ -75.147780923000028, 39.947581803 ], [ -75.147781052000028, 39.947581816000024 ], [ -75.147771230999979, 39.947625640000012 ], [ -75.147758974, 39.947680330000026 ], [ -75.147758958, 39.947680397999989 ], [ -75.147758845999988, 39.947680403 ], [ -75.147743344, 39.947750091999978 ], [ -75.147729362, 39.947812490999979 ], [ -75.147698312999978, 39.94795104100001 ], [ -75.147685447000015, 39.948008462000018 ], [ -75.147669189999988, 39.948081012999978 ], [ -75.147562164000021, 39.948558618999982 ], [ -75.147516784, 39.948761123999986 ], [ -75.147433232000026, 39.948749514999975 ], [ -75.147363101999986, 39.948740218000012 ], [ -75.14728009800001, 39.948729118000017 ], [ -75.147209369999985, 39.948719658000016 ], [ -75.147117718, 39.948707392000017 ], [ -75.147076818000016, 39.948703600999977 ], [ -75.14707678000002, 39.948703595999973 ], [ -75.146986022000021, 39.94869137500001 ], [ -75.146927775, 39.948683532000018 ], [ -75.146890294, 39.948678484000027 ], [ -75.146865678999973, 39.948675168000022 ], [ -75.146804907999979, 39.948666985999978 ], [ -75.146553357000016, 39.948633111 ], [ -75.146127057, 39.948575700999982 ], [ -75.146213333, 39.948196172 ], [ -75.146220732000018, 39.948163616999977 ], [ -75.146277404999978, 39.947910824000019 ], [ -75.146295371, 39.947830646999989 ], [ -75.14632859, 39.947682440999984 ], [ -75.146340531000021, 39.947629192000022 ], [ -75.146353418999979, 39.947571716000027 ] ] ], [ [ [ -75.142881314000022, 39.946827016999976 ], [ -75.142904150999982, 39.946730823999985 ], [ -75.142922645, 39.946733322999989 ], [ -75.143225219999977, 39.946774179999977 ], [ -75.143281283000022, 39.946781749000024 ], [ -75.14330355200002, 39.946784756 ], [ -75.143378508000012, 39.946795251000026 ], [ -75.143391511, 39.94679746700001 ], [ -75.143392054, 39.946797538 ], [ -75.143469358, 39.946807885 ], [ -75.143505918000017, 39.94681277799998 ], [ -75.14354649500001, 39.946819217999973 ], [ -75.143623509, 39.946830509 ], [ -75.143624462999981, 39.946830637 ], [ -75.143650013000013, 39.946834041999978 ], [ -75.14371887599998, 39.946842323999988 ], [ -75.14375547100002, 39.946846990999973 ], [ -75.143832703999976, 39.946857248000015 ], [ -75.143865435, 39.946862131999978 ], [ -75.143903939999973, 39.946867876999988 ], [ -75.143946176999975, 39.946873246 ], [ -75.143984261000014, 39.946878093 ], [ -75.144080966999979, 39.946891803000028 ], [ -75.14415168, 39.946900606999975 ], [ -75.14420845, 39.946907414 ], [ -75.144253720999984, 39.946913237999979 ], [ -75.144299486000023, 39.94691924 ], [ -75.144274723000024, 39.947037487999978 ], [ -75.14427387500001, 39.947041534 ], [ -75.144272853000018, 39.947046414 ], [ -75.144271215, 39.947054224 ], [ -75.144257965, 39.947111457 ], [ -75.144250523999972, 39.947153031000028 ], [ -75.144241971999975, 39.947193851 ], [ -75.144191695000018, 39.947433951 ], [ -75.14418581000001, 39.947462291000022 ], [ -75.144179926999982, 39.947490631999983 ], [ -75.144169531999978, 39.947540694999986 ], [ -75.144162821, 39.947573018000014 ], [ -75.144147331999989, 39.947647620999987 ], [ -75.14413929, 39.94768637300001 ], [ -75.144127391999973, 39.947743678999984 ], [ -75.144112085000017, 39.947817401 ], [ -75.144100123999976, 39.947875012 ], [ -75.144094683999981, 39.947901216999981 ], [ -75.14408217099998, 39.947964044 ], [ -75.144072661999985, 39.94800750600001 ], [ -75.144050790999984, 39.948114176 ], [ -75.144039588999988, 39.948167770999987 ], [ -75.14403229200002, 39.948202674000015 ], [ -75.144015591000027, 39.948282587 ], [ -75.14393458, 39.948273186 ], [ -75.143879323000021, 39.948266636000028 ], [ -75.143824083000027, 39.94825956699998 ], [ -75.143768825999985, 39.948253013999988 ], [ -75.143715789, 39.948246341000015 ], [ -75.143709173, 39.948245164000014 ], [ -75.143577908, 39.948228852 ], [ -75.143573941999989, 39.948228079999978 ], [ -75.143476739999983, 39.948215102 ], [ -75.143371118, 39.948201766000011 ], [ -75.143316772999981, 39.948194546000025 ], [ -75.143258412000023, 39.948187755999982 ], [ -75.14316341, 39.948175510999988 ], [ -75.143097580000017, 39.948166668 ], [ -75.14302734, 39.948157041 ], [ -75.142953552, 39.948147329999983 ], [ -75.142866507, 39.948135954 ], [ -75.142797109000014, 39.948127541000019 ], [ -75.142729976, 39.948117982999975 ], [ -75.14266195, 39.948108577000028 ], [ -75.142595422999989, 39.948100565 ], [ -75.142640441000026, 39.947893614 ], [ -75.142653666, 39.947838371999978 ], [ -75.142665892000025, 39.947786013999973 ], [ -75.142677820000017, 39.947729547999984 ], [ -75.142686016000027, 39.947700626000028 ], [ -75.142688919000022, 39.947686782 ], [ -75.142697446999989, 39.947646105999979 ], [ -75.14271549, 39.947565305000012 ], [ -75.142730286000017, 39.947505305999982 ], [ -75.142738312, 39.947464525999976 ], [ -75.142746946999978, 39.947420642 ], [ -75.142747714999985, 39.947417353 ], [ -75.142760098, 39.947366235 ], [ -75.14277513899998, 39.947299511999972 ], [ -75.14278564, 39.947252771000024 ], [ -75.142801371000019, 39.947183489999986 ], [ -75.142813381, 39.94712934 ], [ -75.142825409000011, 39.94707481 ], [ -75.142837163000024, 39.947021522999989 ], [ -75.142839814000013, 39.947009517000026 ], [ -75.142848913000023, 39.946968545 ], [ -75.142858639999986, 39.94692477000001 ], [ -75.142866023000011, 39.946892495999975 ], [ -75.142870169999981, 39.946874353999988 ], [ -75.142872607000015, 39.946863701999973 ], [ -75.142881314000022, 39.946827016999976 ] ] ], [ [ [ -75.147913112000026, 39.947830281 ], [ -75.147924736, 39.947774310999989 ], [ -75.147937916999979, 39.947713842999974 ], [ -75.147948298000017, 39.947664896999981 ], [ -75.147959879999974, 39.947611221999978 ], [ -75.147968882999976, 39.947575980000011 ], [ -75.147979543000019, 39.947525983 ], [ -75.14800721, 39.947395560000018 ], [ -75.148194483, 39.947419557999979 ], [ -75.148314336999988, 39.947435268 ], [ -75.148446826999987, 39.947452954000028 ], [ -75.148388236000017, 39.947721210999987 ], [ -75.148373602999982, 39.947789170000021 ], [ -75.148408784000026, 39.947793683999976 ], [ -75.148423416000014, 39.947725731999981 ], [ -75.148482001, 39.947457504999988 ], [ -75.148615228999972, 39.947474745000022 ], [ -75.148693686, 39.947484712 ], [ -75.148706565999987, 39.947486426000012 ], [ -75.148839125999984, 39.947503691 ], [ -75.14891521200002, 39.947513597000011 ], [ -75.148990205000018, 39.947523644 ], [ -75.149067028, 39.947534014999974 ], [ -75.149153528, 39.947545317 ], [ -75.149240003999978, 39.947556979000012 ], [ -75.149292247, 39.947563321000018 ], [ -75.14933893, 39.947569808000026 ], [ -75.149390832999984, 39.947576154999979 ], [ -75.149421288999974, 39.947580572999982 ], [ -75.149399800000026, 39.947678777000021 ], [ -75.149388762, 39.947729724 ], [ -75.149377333000018, 39.947780652 ], [ -75.149370626, 39.94781271 ], [ -75.149365172999978, 39.947836688 ], [ -75.14935432599998, 39.947886360999973 ], [ -75.149338090000015, 39.947960290000026 ], [ -75.149305848999973, 39.948108049999973 ], [ -75.14927639299998, 39.948243333 ], [ -75.149252231, 39.948353352000026 ], [ -75.149216132999982, 39.948520658 ], [ -75.14912231400001, 39.94895096800002 ], [ -75.149022218000027, 39.948937828999988 ], [ -75.14892484500001, 39.948925014999986 ], [ -75.148827919999974, 39.948912321000023 ], [ -75.148653630000013, 39.948889668 ], [ -75.14862584399998, 39.948886682000023 ], [ -75.148095816000023, 39.948817272999975 ], [ -75.148058389000028, 39.948812205000024 ], [ -75.147932939999976, 39.948796050999988 ], [ -75.147708073999979, 39.948766305999982 ], [ -75.147731034, 39.948660292999989 ], [ -75.147734556999978, 39.948644388 ], [ -75.147754920000011, 39.948548319 ], [ -75.147769778999987, 39.948480325 ], [ -75.147782220000011, 39.948427136000021 ], [ -75.147795572, 39.948368271999982 ], [ -75.147806904999982, 39.948315026999978 ], [ -75.147816278, 39.948274251999976 ], [ -75.147817710000027, 39.948267176 ], [ -75.147824731000014, 39.948234760999981 ], [ -75.147833669000022, 39.948194571999977 ], [ -75.147839944999987, 39.948166583999978 ], [ -75.147857586999976, 39.948084842000014 ], [ -75.147857609000027, 39.948084747 ], [ -75.147869033, 39.948030957000014 ], [ -75.147877484999981, 39.947993982000014 ], [ -75.147885120000012, 39.947957587000019 ], [ -75.147893249999981, 39.947920313999987 ], [ -75.147896012, 39.947909427000013 ], [ -75.147901362000027, 39.947883573000013 ], [ -75.147913112000026, 39.947830281 ] ] ], [ [ [ -75.149574179000012, 39.947707098000024 ], [ -75.149597465, 39.947607824999977 ], [ -75.150051084999973, 39.947666143 ], [ -75.150524682000025, 39.947724875 ], [ -75.150996002999989, 39.947781189000011 ], [ -75.151000285, 39.947782123000025 ], [ -75.151001652, 39.947782741000026 ], [ -75.151002725000012, 39.947783569000023 ], [ -75.151003480999975, 39.947784569000021 ], [ -75.151003892, 39.947785711 ], [ -75.15100394000001, 39.9477882 ], [ -75.150908137999977, 39.948234929000023 ], [ -75.150835331999986, 39.948547473000019 ], [ -75.150765884, 39.948860820999982 ], [ -75.150701669999989, 39.94916608 ], [ -75.150242613999978, 39.94911135000001 ], [ -75.14976524399998, 39.949053296999978 ], [ -75.149294995, 39.948994944 ], [ -75.149574179000012, 39.947707098000024 ] ] ], [ [ [ -75.149025498000015, 39.950689555 ], [ -75.149025943000026, 39.950688741000022 ], [ -75.149026693, 39.95068876900001 ], [ -75.150228991, 39.950853092999978 ], [ -75.150228450999975, 39.950855414999978 ], [ -75.150162306000027, 39.951180323000017 ], [ -75.150065448000021, 39.951616114999979 ], [ -75.14995447299998, 39.952120791000027 ], [ -75.149899084000026, 39.952370137 ], [ -75.149831300000017, 39.952678553999988 ], [ -75.149829133000026, 39.952678670000012 ], [ -75.149425464999979, 39.952628874000027 ], [ -75.149016820999975, 39.952578924000022 ], [ -75.148614219000024, 39.952530140000022 ], [ -75.148744306000026, 39.951946162000013 ], [ -75.148861179999983, 39.951416955000013 ], [ -75.148954199, 39.950983146999988 ], [ -75.149024323, 39.950693081999987 ], [ -75.149025498000015, 39.950689555 ] ] ] ] } },
{ "type": "Feature", "properties": { "UNIT_NAME": "Boston National Historical Park", "PARKNAME": "Boston", "UNIT_TYPE": "National Historical Park", "STATE": "MA", "REGION": "NE", "SITE_NAME": null }, "geometry": { "type": "MultiPolygon", "coordinates": [ [ [ [ -71.053597389, 42.363821186 ], [ -71.053705273999981, 42.363643751999973 ], [ -71.053889019, 42.363829076 ], [ -71.053807172, 42.363900007999973 ], [ -71.05378828, 42.363884918999986 ], [ -71.053597389, 42.363821186 ] ] ], [ [ [ -71.057384359000025, 42.358363497000028 ], [ -71.057546675000026, 42.358360609999977 ], [ -71.057545184, 42.358573974000024 ], [ -71.057349117, 42.358577360000027 ], [ -71.057375406, 42.358428552000021 ], [ -71.057384359000025, 42.358363497000028 ] ] ], [ [ [ -71.057268061, 42.358694356 ], [ -71.057692327999973, 42.358674742 ], [ -71.057703442, 42.358769404999975 ], [ -71.057280376999984, 42.358790463999981 ], [ -71.057268061, 42.358694356 ] ] ], [ [ [ -71.056040766000024, 42.359964976000015 ], [ -71.056399156999987, 42.359923776000016 ], [ -71.056437266999978, 42.360132521000025 ], [ -71.056076710000013, 42.360170921000019 ], [ -71.056040766000024, 42.359964976000015 ] ] ], [ [ [ -71.058421107000015, 42.357201875999976 ], [ -71.058121697999979, 42.357055958999979 ], [ -71.05813996, 42.35682213299998 ], [ -71.058342654, 42.356877108999981 ], [ -71.058415825999987, 42.35689791599998 ], [ -71.058443298999975, 42.356926922000014 ], [ -71.058578751000027, 42.356980917999977 ], [ -71.058612122, 42.357034525000017 ], [ -71.058437742000024, 42.357201309 ], [ -71.058426856999972, 42.35719577499998 ], [ -71.058421107000015, 42.357201875999976 ] ] ], [ [ [ -71.053934920000017, 42.376295815 ], [ -71.054886316000022, 42.375701890000016 ], [ -71.054911172, 42.375723952999977 ], [ -71.055036675, 42.37583427200002 ], [ -71.054080660000011, 42.376428723 ], [ -71.053934920000017, 42.376295815 ] ] ], [ [ [ -71.054177024000012, 42.366531235000025 ], [ -71.054249469000013, 42.366432664 ], [ -71.054084551000017, 42.366336685000022 ], [ -71.054154837999988, 42.366268355999978 ], [ -71.054232731000013, 42.36630980000001 ], [ -71.054283259999977, 42.366254449 ], [ -71.054108594000013, 42.366163921 ], [ -71.05419853, 42.366071853999983 ], [ -71.054296178000016, 42.365971897 ], [ -71.054463849, 42.366073379999989 ], [ -71.054446639999981, 42.36608636699998 ], [ -71.054527031000021, 42.366134664000015 ], [ -71.054509755000026, 42.366157193999982 ], [ -71.054761352000014, 42.366253598000014 ], [ -71.054573738999977, 42.366546707999987 ], [ -71.054403834000027, 42.36648974000002 ], [ -71.054337485000019, 42.366605231 ], [ -71.054177024000012, 42.366531235000025 ] ] ], [ [ [ -71.051120981, 42.377096388999973 ], [ -71.052437887999986, 42.376263892999987 ], [ -71.052732767, 42.376529184 ], [ -71.051419276, 42.377359625999986 ], [ -71.051120981, 42.377096388999973 ] ] ], [ [ [ -71.045734104000019, 42.332168126999989 ], [ -71.045798903, 42.332167662000018 ], [ -71.045865267000011, 42.332168645000024 ], [ -71.045931255000028, 42.332171607000021 ], [ -71.045996011, 42.332176725000011 ], [ -71.04606064, 42.3321831 ], [ -71.046126717, 42.332190204000028 ], [ -71.046190464, 42.332200809000028 ], [ -71.046255060000021, 42.332211326999982 ], [ -71.046317462, 42.332223908 ], [ -71.04638081600001, 42.332238562999976 ], [ -71.046442217, 42.332254560000024 ], [ -71.046503127, 42.332271994999985 ], [ -71.046564258999979, 42.332292134999989 ], [ -71.046662406, 42.332328173 ], [ -71.046698698, 42.332343439999988 ], [ -71.046733164999978, 42.33235933200001 ], [ -71.046766771000023, 42.332376658999976 ], [ -71.046798793, 42.332395242000018 ], [ -71.046831301999987, 42.332413916 ], [ -71.046862584999985, 42.332433937000019 ], [ -71.046892285000013, 42.33245467 ], [ -71.046922102, 42.332476034000024 ], [ -71.046950829000025, 42.332497393999972 ], [ -71.04697686999998, 42.332520815 ], [ -71.047003517, 42.332544236999979 ], [ -71.047028220000016, 42.332568373000015 ], [ -71.047052189, 42.332593136000014 ], [ -71.047076034999975, 42.332617986 ], [ -71.047097326000028, 42.33264409100002 ], [ -71.047117402000026, 42.332670278000023 ], [ -71.047136501000011, 42.332697091999989 ], [ -71.047147377999977, 42.332720452 ], [ -71.047158141000011, 42.332742462 ], [ -71.047167437999974, 42.332765817 ], [ -71.047174429999984, 42.332789161999983 ], [ -71.047181669999986, 42.332811788000015 ], [ -71.047187193000013, 42.332836568 ], [ -71.047190796, 42.332859180000014 ], [ -71.047188084000027, 42.332881855999972 ], [ -71.047183077999989, 42.332903084 ], [ -71.047178315999986, 42.332924311999989 ], [ -71.047172096, 42.332945533999975 ], [ -71.047165032, 42.332966123 ], [ -71.047156388000019, 42.33298733700002 ], [ -71.047146533999978, 42.333007914 ], [ -71.047136802000011, 42.333028402000025 ], [ -71.04712585599998, 42.333048975999986 ], [ -71.047113462000027, 42.333068104 ], [ -71.047100095000019, 42.333087947000024 ], [ -71.0470871, 42.33310644300002 ], [ -71.047071432999985, 42.333125557000017 ], [ -71.047055403, 42.333144039 ], [ -71.047039746, 42.333161803 ], [ -71.047021297000015, 42.333179557999983 ], [ -71.04700455, 42.333196687 ], [ -71.046965973, 42.333229485 ], [ -71.046945473999983, 42.333245160999979 ], [ -71.046923403, 42.333260197000016 ], [ -71.046902068, 42.333274518999986 ], [ -71.046878916000026, 42.333288112 ], [ -71.04685637, 42.333301708000022 ], [ -71.046833339999978, 42.333315390999985 ], [ -71.046795841, 42.333333069 ], [ -71.046739473, 42.33335886499998 ], [ -71.046680075999973, 42.333384739999985 ], [ -71.046620083999983, 42.333408540999983 ], [ -71.046558889999972, 42.333430897000028 ], [ -71.046497218000013, 42.3334519 ], [ -71.046433508, 42.333470196 ], [ -71.046369799, 42.333487769999977 ], [ -71.046304522000014, 42.333503986999972 ], [ -71.046239750999973, 42.33351750700001 ], [ -71.046173536000026, 42.33352958 ], [ -71.046107569000014, 42.333540302000017 ], [ -71.046042839, 42.333548240000027 ], [ -71.045922506000011, 42.333560096999975 ], [ -71.0458011, 42.333569253 ], [ -71.045679722999978, 42.333574264999982 ], [ -71.045558367000012, 42.333576486000027 ], [ -71.045436067000026, 42.333574651 ], [ -71.045404659999974, 42.333571828 ], [ -71.045308752999972, 42.333561814 ], [ -71.045404597000015, 42.333411935000015 ], [ -71.045432732999984, 42.333363339000016 ], [ -71.045459419, 42.333313389000011 ], [ -71.04548381, 42.333262708 ], [ -71.04549606, 42.333229804999974 ], [ -71.045512960999986, 42.333190799000022 ], [ -71.045529029000022, 42.333150349 ], [ -71.045542419000014, 42.333110608000027 ], [ -71.045554964000019, 42.33307023499998 ], [ -71.045564967000018, 42.333029130999989 ], [ -71.04557229400001, 42.332988646999979 ], [ -71.045578535, 42.332947529000023 ], [ -71.045582592000017, 42.332906401 ], [ -71.045584943999984, 42.332865896999976 ], [ -71.045583935000025, 42.332837801999972 ], [ -71.045582067999987, 42.332810337000012 ], [ -71.045578626, 42.332782865000013 ], [ -71.045573962, 42.332756107000023 ], [ -71.045567124, 42.332728621 ], [ -71.045559921, 42.332701133 ], [ -71.045551611, 42.332675083000026 ], [ -71.045540879999976, 42.332648931999984 ], [ -71.045529303000023, 42.332622147 ], [ -71.045517234999977, 42.332595990000016 ], [ -71.045503095000015, 42.332571266 ], [ -71.045429528, 42.332457809 ], [ -71.04539272300002, 42.33239590300002 ], [ -71.0453536, 42.332335338 ], [ -71.045311805999972, 42.332275482999989 ], [ -71.045266603000016, 42.332217056 ], [ -71.045315926, 42.332208966999985 ], [ -71.045382367, 42.332198967000011 ], [ -71.045537324, 42.332181032999983 ], [ -71.045603254000014, 42.332175171000017 ], [ -71.045668200000023, 42.332170567 ], [ -71.045734104000019, 42.332168126999989 ] ] ], [ [ [ -71.059978188, 42.375987694 ], [ -71.060313079000025, 42.375374976999979 ], [ -71.060700352000026, 42.375453342000014 ], [ -71.061286445, 42.375664084999983 ], [ -71.061435942, 42.375449936999985 ], [ -71.061590350000017, 42.37550814399998 ], [ -71.061446091999983, 42.375719611000022 ], [ -71.061888209000017, 42.375874254 ], [ -71.061987862000024, 42.375914427 ], [ -71.061260904999983, 42.377280273999986 ], [ -71.061112526999977, 42.377227581 ], [ -71.060525023000025, 42.377025655000011 ], [ -71.060348433, 42.376961240000014 ], [ -71.059751505, 42.37675378199998 ], [ -71.059592112000018, 42.376696271000014 ], [ -71.059907457, 42.376119136999989 ], [ -71.059978188, 42.375987694 ] ] ], [ [ [ -71.053057712999987, 42.378134379000016 ], [ -71.052968244, 42.378089518000024 ], [ -71.052937508000014, 42.378118487 ], [ -71.052888339, 42.378087142000027 ], [ -71.052915858, 42.378061295 ], [ -71.05282629300001, 42.378010684 ], [ -71.052965874999984, 42.377876876000016 ], [ -71.052931575, 42.37785949900001 ], [ -71.052916741999979, 42.377872106999973 ], [ -71.052877691, 42.377851674999988 ], [ -71.053337622000015, 42.377371933 ], [ -71.053310919000012, 42.377357473000018 ], [ -71.053342339999972, 42.377323591999982 ], [ -71.05344100100001, 42.37737832 ], [ -71.053224793000027, 42.377600071000018 ], [ -71.053246623, 42.377612969999973 ], [ -71.05323116, 42.377629835 ], [ -71.053277133999984, 42.377653555999984 ], [ -71.053527808000013, 42.377396337 ], [ -71.053842084, 42.377111973000012 ], [ -71.054300230000024, 42.376672821999989 ], [ -71.05425853600002, 42.376640533999989 ], [ -71.054273959, 42.376614250999978 ], [ -71.054329272000018, 42.376544775000013 ], [ -71.054441425, 42.37645236100002 ], [ -71.054502034, 42.376498415000015 ], [ -71.055200205, 42.375814917000014 ], [ -71.05516681, 42.375794550000023 ], [ -71.05521158099998, 42.375749158000019 ], [ -71.055248639000013, 42.375768990999973 ], [ -71.055289575000018, 42.375724925999975 ], [ -71.055218631, 42.375685026999975 ], [ -71.055329242000028, 42.375583166000013 ], [ -71.055370079999989, 42.375609794000013 ], [ -71.055435516999978, 42.375548235 ], [ -71.055475624999985, 42.375568440999984 ], [ -71.055902747, 42.375194361000013 ], [ -71.05589613799998, 42.375190499999974 ], [ -71.055690831999982, 42.375144623999972 ], [ -71.055450665000023, 42.374935849 ], [ -71.055122677999975, 42.37514275 ], [ -71.054672386999982, 42.374750310000024 ], [ -71.055248219000021, 42.37439284200002 ], [ -71.053771096, 42.373099990000014 ], [ -71.053837029000022, 42.373058574000027 ], [ -71.053686329000016, 42.37292666899998 ], [ -71.053785119, 42.372864612 ], [ -71.052201782999987, 42.371478711 ], [ -71.053596052999978, 42.371720733000018 ], [ -71.055234972999983, 42.371495598000024 ], [ -71.055332287999988, 42.371545226000023 ], [ -71.057168624999974, 42.37241726000002 ], [ -71.05771948, 42.372198253000022 ], [ -71.057973649000019, 42.372296447 ], [ -71.058359428000017, 42.372115345 ], [ -71.058553745999973, 42.372344713000018 ], [ -71.05816889, 42.372523979999983 ], [ -71.058324638999977, 42.372796052000012 ], [ -71.058350431, 42.372857346999979 ], [ -71.05837341199998, 42.37291925300002 ], [ -71.058393555, 42.372981700000025 ], [ -71.058410841000011, 42.373044617 ], [ -71.058425247, 42.373107931 ], [ -71.058436755, 42.373171570000011 ], [ -71.058445356, 42.373235462000025 ], [ -71.058451037, 42.373299530999986 ], [ -71.058453789999987, 42.373363708 ], [ -71.058453617, 42.373427917000015 ], [ -71.058450516, 42.37349208400002 ], [ -71.058444488000021, 42.37355613699998 ], [ -71.058431707000011, 42.373616895999987 ], [ -71.058419937999986, 42.373662275000015 ], [ -71.058399437, 42.373717455000019 ], [ -71.058372528, 42.37377109800002 ], [ -71.058339413, 42.373822798999981 ], [ -71.058300348999978, 42.373872166000012 ], [ -71.058255632, 42.373918817 ], [ -71.058205601, 42.373962402000018 ], [ -71.057963095, 42.374155886999972 ], [ -71.057910688999982, 42.374191429 ], [ -71.057609163, 42.374399051000012 ], [ -71.057461912, 42.374501088999978 ], [ -71.057353455999987, 42.374553194999976 ], [ -71.057101765000027, 42.374675731000025 ], [ -71.057092508999972, 42.374679363999974 ], [ -71.057034570999974, 42.374707531000013 ], [ -71.0565934, 42.37496038 ], [ -71.056409045, 42.375066302 ], [ -71.056305163, 42.375126387000023 ], [ -71.056167087, 42.375204772000018 ], [ -71.056136601999981, 42.375224698000011 ], [ -71.056067301999974, 42.375290447 ], [ -71.056021499999986, 42.375263702999973 ], [ -71.055871054000022, 42.375401040999975 ], [ -71.055898348000028, 42.375413933 ], [ -71.055864751, 42.375445496999987 ], [ -71.05583470900001, 42.375433116000011 ], [ -71.055749553999988, 42.375526697 ], [ -71.055288766999979, 42.375958433999983 ], [ -71.055049961, 42.376196583000024 ], [ -71.054882696999982, 42.376359443000013 ], [ -71.054617313, 42.376585686 ], [ -71.054320588999985, 42.376880680999989 ], [ -71.053672786, 42.377487133999978 ], [ -71.053703695000024, 42.37750567 ], [ -71.053555596000024, 42.377641488 ], [ -71.053524212000013, 42.377622767 ], [ -71.05326457000001, 42.377876297 ], [ -71.053293336000024, 42.377892697 ], [ -71.053187103000027, 42.377993544 ], [ -71.053202849, 42.378001864 ], [ -71.053057712999987, 42.378134379000016 ] ] ] ] } },
{ "type": "Feature", "properties": { "UNIT_NAME": "New Bedford Whaling National Historical Park", "PARKNAME": "New Bedford Whaling", "UNIT_TYPE": "National Historical Park", "STATE": "MA", "REGION": "NE", "SITE_NAME": null }, "geometry": { "type": "MultiPolygon", "coordinates": [ [ [ [ -70.921834242999978, 41.637629839 ], [ -70.921780158, 41.637501018000023 ], [ -70.921718175000024, 41.637311774000011 ], [ -70.921626316000015, 41.636963766 ], [ -70.921583476000023, 41.636750533999987 ], [ -70.921466985, 41.636301953999975 ], [ -70.921412453000016, 41.636024381000027 ], [ -70.921323288, 41.635601760999975 ], [ -70.921284301000014, 41.635291954000024 ], [ -70.921215446000019, 41.635037308 ], [ -70.921184754000024, 41.634914541 ], [ -70.921147028, 41.634721841999976 ], [ -70.921097624000026, 41.634492276 ], [ -70.921094604000018, 41.634411906000025 ], [ -70.921100564000028, 41.634342055 ], [ -70.921124698000028, 41.634176463000017 ], [ -70.921165028000019, 41.633985994 ], [ -70.921244168999976, 41.63364418499998 ], [ -70.921280431000014, 41.633404144999986 ], [ -70.921299590999979, 41.633257199000013 ], [ -70.923045772000023, 41.633069883000019 ], [ -70.922918255000013, 41.633114923999983 ], [ -70.922786869999982, 41.633160880999981 ], [ -70.922709182, 41.633207815999981 ], [ -70.922638796, 41.633281636 ], [ -70.922611179, 41.633313996000027 ], [ -70.922553064999988, 41.633444192000013 ], [ -70.922542916999987, 41.633519536 ], [ -70.922542046, 41.633616217 ], [ -70.922571403, 41.633772481 ], [ -70.922667210999975, 41.634248612000022 ], [ -70.922695009999984, 41.634458672 ], [ -70.922698965, 41.634490500000027 ], [ -70.923961126999984, 41.634364781999977 ], [ -70.924502521000022, 41.634308682999972 ], [ -70.924981655000011, 41.634255979999978 ], [ -70.925021159999972, 41.634492051999985 ], [ -70.925076181, 41.634830437 ], [ -70.925167368000018, 41.635421091000012 ], [ -70.925240481, 41.635846346999983 ], [ -70.92530154100001, 41.636196901 ], [ -70.925324702000012, 41.636330724 ], [ -70.925347051000017, 41.636448154999982 ], [ -70.925406542000019, 41.636759489999974 ], [ -70.925476504000017, 41.637081861000013 ], [ -70.925522404, 41.637423424000019 ], [ -70.925595827999985, 41.63792601900002 ], [ -70.925244341, 41.637816143 ], [ -70.924846887, 41.637668803 ], [ -70.924483038, 41.637480109000023 ], [ -70.924289815, 41.637410618999979 ], [ -70.924104785999987, 41.637353626 ], [ -70.923897587, 41.637298596999983 ], [ -70.923704009, 41.637268549 ], [ -70.923499185000026, 41.637257130000023 ], [ -70.923323048999976, 41.637259487 ], [ -70.92305984799998, 41.637272686000017 ], [ -70.922862940000016, 41.637304905 ], [ -70.922434667, 41.637415546999989 ], [ -70.922168135999982, 41.637491011 ], [ -70.921920723000028, 41.637595636000015 ], [ -70.921834242999978, 41.637629839 ] ] ] ] } },
{ "type": "Feature", "properties": { "UNIT_NAME": "Adams National Historical Park", "PARKNAME": "Adams", "UNIT_TYPE": "National Historical Park", "STATE": "MA", "REGION": "NE", "SITE_NAME": "Church of the Presidents" }, "geometry": { "type": "Polygon", "coordinates": [ [ [ -71.002609158999974, 42.251344827000025 ], [ -71.002568766000024, 42.251272626 ], [ -71.002890246999982, 42.250873378999984 ], [ -71.002895842999976, 42.250870610999982 ], [ -71.002900469, 42.250867932 ], [ -71.002905089000024, 42.25086588 ], [ -71.002909954000017, 42.250863832 ], [ -71.002915054000027, 42.250862502000018 ], [ -71.002919917999975, 42.250860451999984 ], [ -71.002925258, 42.250859124999977 ], [ -71.002930360999983, 42.250857707000023 ], [ -71.002935703, 42.250856380000016 ], [ -71.002940804, 42.250855049999984 ], [ -71.002946265999981, 42.250853724000024 ], [ -71.002951602999985, 42.250853028 ], [ -71.002956942000026, 42.250852329 ], [ -71.002962520999972, 42.250851723999972 ], [ -71.002968101000022, 42.25085102700001 ], [ -71.002973558, 42.250850421999985 ], [ -71.002979131000018, 42.250850446000015 ], [ -71.002984712, 42.250849749 ], [ -71.002990163999982, 42.250849773000027 ], [ -71.002995734000024, 42.250850517 ], [ -71.003001064999978, 42.250850539 ], [ -71.00300663500002, 42.250851194 ], [ -71.003012088, 42.25085121799998 ], [ -71.003017656, 42.250851962000013 ], [ -71.003022983, 42.250852614999985 ], [ -71.003028546999985, 42.250854081 ], [ -71.003033752000022, 42.250854733999972 ], [ -71.003039073000025, 42.250856197000019 ], [ -71.003044395000018, 42.250857570999983 ], [ -71.003049472999976, 42.250858941999979 ], [ -71.003054551999981, 42.250860315000011 ], [ -71.003059625999981, 42.250862408999978 ], [ -71.003065177, 42.250865223 ], [ -71.003069767, 42.250867223 ], [ -71.003074106999975, 42.250870033000012 ], [ -71.003078448, 42.250872752000021 ], [ -71.003082552000023, 42.250874841999973 ], [ -71.003086772000017, 42.25087765 ], [ -71.00309087, 42.250880369000015 ], [ -71.003094969000017, 42.250883179000027 ], [ -71.003098939999973, 42.250886617999981 ], [ -71.003102554, 42.250889332999975 ], [ -71.003106289000016, 42.250892138999973 ], [ -71.003109898, 42.250895577 ], [ -71.003113507000023, 42.250899014000026 ], [ -71.003116756999987, 42.250901727999974 ], [ -71.003120244, 42.250905255000021 ], [ -71.003123366000011, 42.250908690000017 ], [ -71.003126370000018, 42.250912124000024 ], [ -71.003129372999979, 42.25091555900002 ], [ -71.003132376, 42.250918991999981 ], [ -71.00313513499998, 42.250922425 ], [ -71.003137767999988, 42.250926579 ], [ -71.003140286000018, 42.25093001 ], [ -71.003142562999983, 42.250933443 ], [ -71.003144831999975, 42.250937593 ], [ -71.003147228999978, 42.250941023999985 ], [ -71.003149257000018, 42.25094517399998 ], [ -71.003151048, 42.250948602999983 ], [ -71.003152834, 42.250952663000021 ], [ -71.003154618999986, 42.25095681099998 ], [ -71.003156289, 42.250960239999984 ], [ -71.00315759, 42.250964386000021 ], [ -71.003159012000026, 42.250968533999981 ], [ -71.003160069999979, 42.25097259 ], [ -71.003161248000026, 42.25097673800002 ], [ -71.00316206399998, 42.250980883000011 ], [ -71.00316275900002, 42.250984936 ], [ -71.003163455, 42.250989082 ], [ -71.003163785000027, 42.250993224000013 ], [ -71.003164238000011, 42.250997367000025 ], [ -71.003164691999984, 42.251001421000012 ], [ -71.003164659, 42.251005562999978 ], [ -71.003164626, 42.251009703000022 ], [ -71.003164594, 42.251013844999989 ], [ -71.003164319, 42.251017895000018 ], [ -71.003163802000017, 42.251022035 ], [ -71.003163405, 42.251026174 ], [ -71.003249926000024, 42.251165827000023 ], [ -71.003255953, 42.251169904999983 ], [ -71.003259809999975, 42.251172710999981 ], [ -71.00326378, 42.25117615 ], [ -71.003267639, 42.251178868000011 ], [ -71.003271615000017, 42.251181676999977 ], [ -71.003275223, 42.25118511300002 ], [ -71.00327895800001, 42.25118783 ], [ -71.003282572999979, 42.251190636999979 ], [ -71.003286182000011, 42.251194074000011 ], [ -71.003289667999979, 42.25119751 ], [ -71.003293160999988, 42.251200316 ], [ -71.003296526999975, 42.251203751 ], [ -71.003299771, 42.251207185999988 ], [ -71.003303136999989, 42.251210620999984 ], [ -71.003306383, 42.251214058000016 ], [ -71.003309391000016, 42.251216772000021 ], [ -71.003312635999976, 42.251220298000021 ], [ -71.003315519000012, 42.251223730999982 ], [ -71.003318514999989, 42.251227794999977 ], [ -71.003321276, 42.251231228 ], [ -71.003324035, 42.251234751000027 ], [ -71.003326795000021, 42.251238183999988 ], [ -71.003329555999983, 42.251241617 ], [ -71.003331946, 42.251245680000011 ], [ -71.003334462999987, 42.251249202 ], [ -71.003336983, 42.251252634000025 ], [ -71.003339251999989, 42.251256695 ], [ -71.003341529000011, 42.251260127000023 ], [ -71.00334392000002, 42.251264278 ], [ -71.003345954, 42.251267708 ], [ -71.00334798, 42.251271858 ], [ -71.003350013999977, 42.251275287999988 ], [ -71.003352042000017, 42.251279437999983 ], [ -71.003353826000023, 42.251283586999989 ], [ -71.003355739000028, 42.251287016999981 ], [ -71.003357282000024, 42.251291074999983 ], [ -71.003358610000021, 42.251322682000023 ], [ -71.003359542, 42.251327457 ], [ -71.003359994, 42.251331601 ], [ -71.003360203999989, 42.251335743000027 ], [ -71.003360171, 42.251339794999978 ], [ -71.003359897, 42.251343935000023 ], [ -71.003359381, 42.25134807400002 ], [ -71.003358621000018, 42.251352213000018 ], [ -71.003357499, 42.251356257999987 ], [ -71.003356253999982, 42.251360395 ], [ -71.003354894999973, 42.251363810999976 ], [ -71.003353166000011, 42.251367943999981 ], [ -71.003351071999987, 42.251372076999985 ], [ -71.003348986, 42.251375489 ], [ -71.003346652, 42.25137953 ], [ -71.003344081000023, 42.251382939 ], [ -71.003341266, 42.251386438 ], [ -71.003338209, 42.251389846999984 ], [ -71.003335032, 42.251393253 ], [ -71.003331491999973, 42.251396661 ], [ -71.003328076, 42.251399346000028 ], [ -71.003324293999981, 42.251402751 ], [ -71.003320394000013, 42.251405525 ], [ -71.00331613100002, 42.251408207999987 ], [ -71.003311747999987, 42.25141098 ], [ -71.003307364000023, 42.251413662 ], [ -71.003302743, 42.251415712999972 ], [ -71.003298122, 42.251417763 ], [ -71.003293257999985, 42.251419812999984 ], [ -71.003288395000027, 42.251421860999983 ], [ -71.003283295000017, 42.251423191000015 ], [ -71.003278186999978, 42.251425239000014 ], [ -71.00327284399998, 42.251426566000021 ], [ -71.003267508000022, 42.251427265000018 ], [ -71.003262286999984, 42.251428592000025 ], [ -71.003256949999979, 42.251429288999987 ], [ -71.003251370999976, 42.251429895 ], [ -71.003245790999983, 42.251430590999973 ], [ -71.003240338000012, 42.251430567999989 ], [ -71.003234758000019, 42.251431174 ], [ -71.00322918400002, 42.251431149999974 ], [ -71.003223615000024, 42.251430496000012 ], [ -71.003218162, 42.251430471999981 ], [ -71.002609158999974, 42.251344827000025 ] ] ] } },
{ "type": "Feature", "properties": { "UNIT_NAME": "Adams National Historical Park", "PARKNAME": "Adams", "UNIT_TYPE": "National Historical Park", "STATE": "MA", "REGION": "NE", "SITE_NAME": "Adams Farm at Penn's Hill" }, "geometry": { "type": "Polygon", "coordinates": [ [ [ -71.003684271, 42.239542659 ], [ -71.003743026, 42.239729549 ], [ -71.003342413999974, 42.239782735 ], [ -71.003329085000018, 42.23965915399998 ], [ -71.003325238, 42.239593324 ], [ -71.003315337, 42.239418980999972 ], [ -71.003312895000022, 42.239375033999977 ], [ -71.003320934999977, 42.239261180000028 ], [ -71.003328711999984, 42.239180996000016 ], [ -71.003370838000023, 42.239046669 ], [ -71.003439550999985, 42.238936588 ], [ -71.003443711999978, 42.238931115000014 ], [ -71.003447253, 42.23892761899998 ], [ -71.003451150999979, 42.238924934000011 ], [ -71.003455533000022, 42.23892225100002 ], [ -71.003460153, 42.238920200999985 ], [ -71.003465254999981, 42.238918782999974 ], [ -71.00347059500001, 42.238917454999978 ], [ -71.003476174000014, 42.23891684900002 ], [ -71.003481745999977, 42.238916873999983 ], [ -71.003487195, 42.238917528 ], [ -71.003492519000019, 42.23891827 ], [ -71.003497838999976, 42.238919644000021 ], [ -71.003502669, 42.238921735000019 ], [ -71.003507010000021, 42.238924455000017 ], [ -71.003511108, 42.238927264999973 ], [ -71.003514599000027, 42.238929980000023 ], [ -71.003517601999988, 42.23893341500002 ], [ -71.003818336, 42.239287368000021 ], [ -71.003937189999988, 42.239427162000027 ], [ -71.003942236, 42.239432674 ], [ -71.003871849, 42.239462531000015 ], [ -71.003684271, 42.239542659 ] ] ] } },
{ "type": "Feature", "properties": { "UNIT_NAME": "Adams National Historical Park", "PARKNAME": "Adams", "UNIT_TYPE": "National Historical Park", "STATE": "MA", "REGION": "NE", "SITE_NAME": "Peace field" }, "geometry": { "type": "Polygon", "coordinates": [ [ [ -71.013475434999975, 42.256756892 ], [ -71.013506043, 42.256748109 ], [ -71.013703180999983, 42.256690605000017 ], [ -71.013867730000015, 42.256663211999978 ], [ -71.013991292000014, 42.256654819 ], [ -71.014152958000011, 42.256655506000016 ], [ -71.01415816399998, 42.256656157 ], [ -71.014163732999975, 42.256656900999985 ], [ -71.014169303000017, 42.256657645000018 ], [ -71.014174877000016, 42.256657668 ], [ -71.014180325999973, 42.256658323000011 ], [ -71.014185895000026, 42.256659065 ], [ -71.014191228000016, 42.256659088999982 ], [ -71.014340618, 42.25668024700002 ], [ -71.014472593999983, 42.256696652000016 ], [ -71.014587328, 42.256701188000022 ], [ -71.014777912999989, 42.256708205 ], [ -71.014927802999978, 42.256711540000026 ], [ -71.015080676000025, 42.256705344000011 ], [ -71.015324556999985, 42.256684404999987 ], [ -71.015444990999981, 42.256672579999986 ], [ -71.015487074000021, 42.256668704999981 ], [ -71.015551404, 42.256798620999973 ], [ -71.015617943, 42.256940881999981 ], [ -71.015689437999981, 42.257072194999978 ], [ -71.015470576999974, 42.257162084000015 ], [ -71.015237481999975, 42.257232595 ], [ -71.015085144000011, 42.25726877 ], [ -71.014916373, 42.257292602 ], [ -71.014446683000017, 42.257329891999973 ], [ -71.014291227, 42.257341506999978 ], [ -71.013798846999975, 42.257319793000022 ], [ -71.013382992, 42.257290958999988 ], [ -71.013097316000028, 42.25726279700001 ], [ -71.012297897, 42.257190690000016 ], [ -71.01184826399998, 42.257198599999981 ], [ -71.011434728999973, 42.257241024999985 ], [ -71.011191847000021, 42.257094354 ], [ -71.011002946000019, 42.257010541 ], [ -71.010922110000024, 42.256979317 ], [ -71.010814519, 42.256943836 ], [ -71.010709132999978, 42.256905663 ], [ -71.010703816999978, 42.25690357000002 ], [ -71.01069873900002, 42.256902196999988 ], [ -71.010693907000018, 42.256900106999979 ], [ -71.010688827000024, 42.256898735 ], [ -71.010683751999977, 42.256896643 ], [ -71.010678916000018, 42.256895271000019 ], [ -71.010673841000028, 42.256893178999974 ], [ -71.010669010000015, 42.256891087999975 ], [ -71.010664179, 42.256888996999976 ], [ -71.010659345000022, 42.256886904 ], [ -71.010654515, 42.256884813 ], [ -71.010649683, 42.256882811000025 ], [ -71.010645093, 42.256880722 ], [ -71.010640505000026, 42.256878631 ], [ -71.010635674000014, 42.25687654 ], [ -71.010631089000015, 42.25687382000001 ], [ -71.010626499000011, 42.256871729000011 ], [ -71.010622152, 42.25686964 ], [ -71.010617567, 42.256866829999979 ], [ -71.010613101, 42.25686473899998 ], [ -71.010608757, 42.256862021000018 ], [ -71.010604417000025, 42.25685930100002 ], [ -71.01060007000001, 42.256857212 ], [ -71.010595728, 42.256854402999977 ], [ -71.010591507000015, 42.256851682999979 ], [ -71.010587166, 42.256848875 ], [ -71.010583067000027, 42.256846155 ], [ -71.010578968, 42.256843345999982 ], [ -71.01057499, 42.25684063 ], [ -71.010570890999986, 42.256837820999976 ], [ -71.010567032999973, 42.256835104 ], [ -71.010563056000024, 42.256832294999981 ], [ -71.010559205, 42.256828857000016 ], [ -71.010555227, 42.256826140999976 ], [ -71.010551610999983, 42.256823333 ], [ -71.010547757999973, 42.256819897000014 ], [ -71.010544025, 42.256817179 ], [ -71.010540536, 42.256813743 ], [ -71.010536923000018, 42.256810938 ], [ -71.010533435000013, 42.256807501000026 ], [ -71.010530061, 42.256804784999986 ], [ -71.010526573, 42.256801259999975 ], [ -71.010523206000016, 42.256797823 ], [ -71.010519961999989, 42.256794389 ], [ -71.010516473999985, 42.256790953 ], [ -71.010513343000014, 42.256788239 ], [ -71.010510340999986, 42.256784805 ], [ -71.010505776, 42.256779293000022 ], [ -71.010257765, 42.256550457 ], [ -71.010009950999972, 42.256311986000014 ], [ -71.009906608999984, 42.25621350199998 ], [ -71.010323699000025, 42.256110934999981 ], [ -71.010756056999981, 42.255961164999974 ], [ -71.01101763600002, 42.25587657 ], [ -71.011287072000016, 42.255794708 ], [ -71.011529396000014, 42.25573946999998 ], [ -71.011537879, 42.255739506 ], [ -71.01180552400001, 42.255732450999972 ], [ -71.012153685999976, 42.255735281999989 ], [ -71.012401372999989, 42.255739033999987 ], [ -71.012828881000019, 42.25574634100002 ], [ -71.013279055999988, 42.255753111999979 ], [ -71.013281333, 42.256119459 ], [ -71.013282697000022, 42.256241547 ], [ -71.013475434999975, 42.256756892 ] ] ] } },
{ "type": "Feature", "properties": { "UNIT_NAME": "Saratoga National Historical Park", "PARKNAME": "Saratoga", "UNIT_TYPE": "National Historical Park", "STATE": "NY", "REGION": "NE", "SITE_NAME": "Saratoga Monument" }, "geometry": { "type": "Polygon", "coordinates": [ [ [ -73.592575292, 43.098706080999989 ], [ -73.593012889000022, 43.097093307000023 ], [ -73.593762578, 43.097214636 ], [ -73.593467632999989, 43.098282385 ], [ -73.59340461, 43.098510536 ], [ -73.594719226999985, 43.098710596999979 ], [ -73.594761823, 43.099015764 ], [ -73.593320627000026, 43.098814555999979 ], [ -73.593150561000016, 43.098793768 ], [ -73.593041866000021, 43.098780598000019 ], [ -73.592884963000017, 43.098757221000028 ], [ -73.592575292, 43.098706080999989 ] ] ] } },
{ "type": "Feature", "properties": { "UNIT_NAME": "Saratoga National Historical Park", "PARKNAME": "Saratoga", "UNIT_TYPE": "National Historical Park", "STATE": "NY", "REGION": "NE", "SITE_NAME": "Saratoga Surrender Site" }, "geometry": { "type": "Polygon", "coordinates": [ [ [ -73.583965396, 43.086679977000017 ], [ -73.583977544999982, 43.086401992 ], [ -73.583750286, 43.08640512300002 ], [ -73.583727706, 43.086177997 ], [ -73.583603561000018, 43.086179707999975 ], [ -73.583481052000025, 43.085365651000018 ], [ -73.583460472000013, 43.084815360999983 ], [ -73.583272514999976, 43.084225059 ], [ -73.584358349000013, 43.084363915999973 ], [ -73.584537078999972, 43.083501836999972 ], [ -73.585171834, 43.083525795000014 ], [ -73.585923284999978, 43.08357012 ], [ -73.586287948, 43.083579496000027 ], [ -73.586817454000027, 43.083616810000024 ], [ -73.587108689, 43.083608683000023 ], [ -73.586733428, 43.085628364 ], [ -73.585012627000026, 43.085569997999983 ], [ -73.584932128999981, 43.087231633999977 ], [ -73.584573966999983, 43.087225932000024 ], [ -73.58430647199998, 43.087217738 ], [ -73.583930216999988, 43.087214 ], [ -73.583668193999983, 43.087209020999978 ], [ -73.583662206999975, 43.087011178000012 ], [ -73.58363641, 43.086684510999987 ], [ -73.583965396, 43.086679977000017 ] ] ] } },
{ "type": "Feature", "properties": { "UNIT_NAME": "Saratoga National Historical Park", "PARKNAME": "Saratoga", "UNIT_TYPE": "National Historical Park", "STATE": "NY", "REGION": "NE", "SITE_NAME": "Victory Woods" }, "geometry": { "type": "Polygon", "coordinates": [ [ [ -73.590212596000015, 43.09249440100001 ], [ -73.591769968, 43.09047615999998 ], [ -73.592176774, 43.090636341 ], [ -73.592231753000021, 43.090549634000013 ], [ -73.593982287000017, 43.091269053000019 ], [ -73.594401343000015, 43.090683108 ], [ -73.594584984999983, 43.090763037999977 ], [ -73.591415563, 43.094947617 ], [ -73.590615911999976, 43.094769934999988 ], [ -73.590051333000019, 43.094638455999984 ], [ -73.590607732000024, 43.093199702999982 ], [ -73.589799003, 43.092873473 ], [ -73.589901654000016, 43.092792922 ], [ -73.590212596000015, 43.09249440100001 ] ] ] } },
{ "type": "Feature", "properties": { "UNIT_NAME": "Saratoga National Historical Park", "PARKNAME": "Saratoga", "UNIT_TYPE": "National Historical Park", "STATE": "NY", "REGION": "NE", "SITE_NAME": "Schuyler Estate" }, "geometry": { "type": "Polygon", "coordinates": [ [ [ -73.577602076, 43.097297266 ], [ -73.577565956, 43.097285301 ], [ -73.577074493999987, 43.097122505000016 ], [ -73.576762327999973, 43.097019099000022 ], [ -73.576762194000025, 43.09701813700002 ], [ -73.576714149999987, 43.096672673 ], [ -73.576755965000018, 43.096384242999989 ], [ -73.576914617999989, 43.095924165999975 ], [ -73.577046667, 43.095581470000013 ], [ -73.577194651000013, 43.095347855999989 ], [ -73.577521375, 43.09479045 ], [ -73.577696877, 43.09448065700002 ], [ -73.577933124000026, 43.094251419999978 ], [ -73.578097932, 43.094026257 ], [ -73.578382804, 43.093631919000018 ], [ -73.578579171, 43.093348301 ], [ -73.578760407, 43.093049109 ], [ -73.578965687, 43.092762986000025 ], [ -73.578978733999975, 43.092743896 ], [ -73.579013968000027, 43.092592094 ], [ -73.579127310999979, 43.092428760000018 ], [ -73.579347391999988, 43.092279893000011 ], [ -73.579737178000016, 43.092283894 ], [ -73.579847486, 43.091912503 ], [ -73.579855811000016, 43.091552273 ], [ -73.579871885999978, 43.090856654 ], [ -73.582667276999985, 43.091044931999988 ], [ -73.583003856, 43.089155688 ], [ -73.583438817, 43.087806363000027 ], [ -73.583435813999984, 43.087372341999981 ], [ -73.583400413999982, 43.086854733999985 ], [ -73.583511158000022, 43.086845450999988 ], [ -73.583594627000025, 43.087718911000024 ], [ -73.583022660999973, 43.090398052000012 ], [ -73.583119715, 43.09109147700002 ], [ -73.583114712, 43.091118391 ], [ -73.583057192000012, 43.091429903 ], [ -73.583121026000015, 43.092586778999987 ], [ -73.583206970999981, 43.093271234999975 ], [ -73.583210666000014, 43.093314932 ], [ -73.583246936000023, 43.09374389300001 ], [ -73.583250366000016, 43.093877597000017 ], [ -73.583255867, 43.094091913 ], [ -73.583250138999972, 43.094340348 ], [ -73.583234383999979, 43.094478359 ], [ -73.583207647, 43.094712582 ], [ -73.583113158, 43.095133872000019 ], [ -73.582950008000012, 43.09559158899998 ], [ -73.583279560999983, 43.096005704999982 ], [ -73.582973023000022, 43.096064035999973 ], [ -73.582684578999988, 43.096072889000027 ], [ -73.582431757999984, 43.096007629999974 ], [ -73.582228353, 43.096005112 ], [ -73.582040753, 43.096052488 ], [ -73.581933602999982, 43.096287241000027 ], [ -73.581827886999974, 43.096459884000012 ], [ -73.581657236000012, 43.096507471999985 ], [ -73.581452683, 43.096554637 ], [ -73.581416487000013, 43.096653590000017 ], [ -73.581329727000025, 43.096739491999983 ], [ -73.581227737, 43.096750653000015 ], [ -73.581109369999979, 43.096736759 ], [ -73.581022322000024, 43.096835081999984 ], [ -73.580937283000026, 43.096846453000012 ], [ -73.580802826000024, 43.096795084 ], [ -73.580685033, 43.096756347999985 ], [ -73.580633321, 43.096792983 ], [ -73.580631886, 43.096855091 ], [ -73.580681014999982, 43.096930251 ], [ -73.58084994799998, 43.096957197999984 ], [ -73.580985553, 43.096958879 ], [ -73.581001929000024, 43.096983933 ], [ -73.580984118, 43.097020988 ], [ -73.580847652999978, 43.097056571999985 ], [ -73.580745087000025, 43.097092574999976 ], [ -73.5806589, 43.097153633 ], [ -73.580606040000021, 43.097239953999974 ], [ -73.580587080999976, 43.097326697000028 ], [ -73.580519563999985, 43.097313434 ], [ -73.580400909, 43.097311962 ], [ -73.580332532999989, 43.097335962999978 ], [ -73.580194918000018, 43.097421232999977 ], [ -73.580138259000023, 43.097446677 ], [ -73.580080028, 43.097472829000026 ], [ -73.580027519, 43.097472711000023 ], [ -73.579669321999972, 43.097471907999989 ], [ -73.579608082, 43.097468287000027 ], [ -73.578997886000025, 43.097416269 ], [ -73.578467543999977, 43.097371055999986 ], [ -73.577602076, 43.097297266 ] ] ] } },
{ "type": "Feature", "properties": { "UNIT_NAME": "Saratoga National Historical Park", "PARKNAME": "Saratoga", "UNIT_TYPE": "National Historical Park", "STATE": "NY", "REGION": "NE", "SITE_NAME": "Saratoga NHP" }, "geometry": { "type": "Polygon", "coordinates": [ [ [ -73.649655672, 43.014686923 ], [ -73.648200927, 43.014670696999985 ], [ -73.647999191, 43.014781641000013 ], [ -73.645871168999975, 43.014759732000016 ], [ -73.645872194999981, 43.014675625999985 ], [ -73.645860920000018, 43.01457609800002 ], [ -73.645854225, 43.014442987999985 ], [ -73.645855708, 43.014309927 ], [ -73.645865336999975, 43.01418 ], [ -73.64592466900001, 43.013678939999977 ], [ -73.646027590000017, 43.012936007 ], [ -73.64497994200002, 43.01266975599998 ], [ -73.644960831, 43.012665213 ], [ -73.64241864600001, 43.012060682000026 ], [ -73.642164961999981, 43.012011138999981 ], [ -73.641950423000026, 43.011971776999985 ], [ -73.641338733, 43.011882003999972 ], [ -73.639549794, 43.011584476999985 ], [ -73.633519544000023, 43.010601942 ], [ -73.627294203000019, 43.009593538 ], [ -73.623714595000024, 43.00900457 ], [ -73.623703477999982, 43.009002740000028 ], [ -73.621413953, 43.008625693 ], [ -73.620974336000018, 43.008552811000015 ], [ -73.62000752199998, 43.008384767 ], [ -73.619495638999979, 43.008310311 ], [ -73.619526413000017, 43.008135015 ], [ -73.618636596999977, 43.008105289000014 ], [ -73.614346123000018, 43.007987351 ], [ -73.614342382000018, 43.008007768000027 ], [ -73.614336158000015, 43.00804173 ], [ -73.613878394999972, 43.010237870000026 ], [ -73.613531474000013, 43.011880973000018 ], [ -73.613246194999988, 43.013317350000023 ], [ -73.61163638, 43.013267343999985 ], [ -73.61013331800001, 43.013254405 ], [ -73.610123509, 43.014386479 ], [ -73.606352840999989, 43.014307538000025 ], [ -73.603232723000019, 43.014258650999977 ], [ -73.600144355, 43.014210174000027 ], [ -73.600196986000014, 43.014139097999987 ], [ -73.600227615999984, 43.014097734000018 ], [ -73.600210398, 43.014067593 ], [ -73.60002271899998, 43.01373904899998 ], [ -73.600048238999989, 43.013692962999983 ], [ -73.600734929999987, 43.012452907000011 ], [ -73.601051128, 43.011626998999986 ], [ -73.601022261000026, 43.011620354 ], [ -73.600375305999989, 43.011471445999973 ], [ -73.599900655, 43.011173590999988 ], [ -73.599934510000026, 43.011133433 ], [ -73.599974138999983, 43.011086454 ], [ -73.600034047, 43.011015407 ], [ -73.600067885999977, 43.010975277 ], [ -73.600530606, 43.011265646000027 ], [ -73.601141391, 43.01140621899998 ], [ -73.601397419000023, 43.010737451000011 ], [ -73.60175416200002, 43.010513141 ], [ -73.601939254, 43.01038576000002 ], [ -73.602299330999983, 43.010331204000011 ], [ -73.602743144999977, 43.010190154999975 ], [ -73.60263035700001, 43.009455972000012 ], [ -73.602625823999972, 43.009454233999975 ], [ -73.602525378999985, 43.009415722000028 ], [ -73.602530543, 43.009343644000012 ], [ -73.602567576000013, 43.00882668600002 ], [ -73.602644708000014, 43.008547651000015 ], [ -73.60276997699998, 43.008316692 ], [ -73.602985532, 43.008067427000015 ], [ -73.603212697, 43.00786813000002 ], [ -73.603595145999975, 43.007653538999989 ], [ -73.603055227000027, 43.007628153999974 ], [ -73.602968041999986, 43.007624971999974 ], [ -73.602758839999979, 43.007617337 ], [ -73.602383515999975, 43.007603639000024 ], [ -73.599882416000014, 43.007507073999989 ], [ -73.59992214, 43.007457010999985 ], [ -73.600072486999977, 43.00726752700001 ], [ -73.600550639, 43.006664907000015 ], [ -73.600372983, 43.00659277699998 ], [ -73.601874534, 43.005738432999976 ], [ -73.602080885000021, 43.005557978000013 ], [ -73.602475937, 43.005227134 ], [ -73.602732322, 43.005004123999981 ], [ -73.602849315000014, 43.004950339 ], [ -73.602945133999981, 43.004889215 ], [ -73.603073283000015, 43.004781310999988 ], [ -73.603264791000015, 43.004689586999973 ], [ -73.603360614, 43.00462812 ], [ -73.603499232, 43.004543603 ], [ -73.603723014000025, 43.004390006999984 ], [ -73.60390441200002, 43.004223464 ], [ -73.604033158, 43.004105260000017 ], [ -73.604214926, 43.003928074999976 ], [ -73.604289624999979, 43.00387436 ], [ -73.604374843000016, 43.003820370000028 ], [ -73.604428008000014, 43.003789841000014 ], [ -73.604673685000023, 43.003582193 ], [ -73.604897735, 43.003405274999977 ], [ -73.605303597999978, 43.003066600000011 ], [ -73.605399596999973, 43.0029897 ], [ -73.605442798000013, 43.002912464000019 ], [ -73.605517771999985, 43.002835429000015 ], [ -73.60558204900002, 43.002773760000025 ], [ -73.605624974000023, 43.002719844000012 ], [ -73.605689199999972, 43.002642740999988 ], [ -73.605742729999974, 43.002581005000025 ], [ -73.605806551, 43.002558087000011 ], [ -73.605860173999986, 43.00248846300002 ], [ -73.606085271999973, 43.002241926000011 ], [ -73.606159827999988, 43.002180322000015 ], [ -73.606245312999988, 43.002103353999985 ], [ -73.60630977, 43.002026252 ], [ -73.606405767000012, 43.001949350000018 ], [ -73.606459712, 43.00187218100001 ], [ -73.606555889999981, 43.001779847000023 ], [ -73.606620206, 43.001694855999972 ], [ -73.606662947000018, 43.001656372000014 ], [ -73.606716892, 43.001579204 ], [ -73.606781027000011, 43.001509645 ], [ -73.606877713000017, 43.001393991999976 ], [ -73.607016629999976, 43.001263172999984 ], [ -73.607176900000013, 43.001124601000015 ], [ -73.607241671, 43.001000857 ], [ -73.607306764999976, 43.00086957000002 ], [ -73.607393068000022, 43.000722642000028 ], [ -73.607458111000028, 43.000575920000017 ], [ -73.607534171, 43.00040594799998 ], [ -73.607556617, 43.000305258000026 ], [ -73.607621204999987, 43.000196946000017 ], [ -73.607664399999976, 43.000119708999989 ], [ -73.607729403, 42.999995965999972 ], [ -73.607762175, 42.999911117000011 ], [ -73.607784112, 42.999833744999989 ], [ -73.607827218000011, 42.999764051999989 ], [ -73.607891850999977, 42.999671514999989 ], [ -73.607923845000016, 42.99963296300001 ], [ -73.607977697000024, 42.999563337999973 ], [ -73.608031128999983, 42.999509486000022 ], [ -73.608084743, 42.999440203 ], [ -73.608128030999978, 42.999355078 ], [ -73.608171044000017, 42.999293271999989 ], [ -73.608247101000018, 42.999123296999983 ], [ -73.608322976000011, 42.998968755000021 ], [ -73.608366263, 42.998883628999977 ], [ -73.608388016, 42.99882168900001 ], [ -73.608420696999985, 42.99874438400002 ], [ -73.608454470000027, 42.998574142 ], [ -73.608532141000012, 42.997985131 ], [ -73.608536081000011, 42.997931247 ], [ -73.609178644, 42.995628672 ], [ -73.609184092000021, 42.995412859 ], [ -73.611012388, 42.995614123 ], [ -73.611600469999985, 42.994986499999982 ], [ -73.612308801999973, 42.995344118999981 ], [ -73.611903556000016, 42.995928618999983 ], [ -73.612345942, 42.995955407999986 ], [ -73.612812239, 42.995173275000013 ], [ -73.613292300000012, 42.994351417000019 ], [ -73.613682439, 42.993744736999986 ], [ -73.613859108999975, 42.9934589 ], [ -73.61400082199998, 42.993287011 ], [ -73.61442721200001, 42.992588548000015 ], [ -73.614914621000025, 42.991778493000027 ], [ -73.615393967999978, 42.990992217999974 ], [ -73.615827715000023, 42.990482965000012 ], [ -73.616320949999988, 42.989767401999984 ], [ -73.61682971, 42.989127896000014 ], [ -73.617323788000022, 42.98844026 ], [ -73.617691288, 42.98801487999998 ], [ -73.618062043, 42.987600192 ], [ -73.618435947000023, 42.98714567899998 ], [ -73.618817235999984, 42.98674048700002 ], [ -73.619255712999973, 42.986196742 ], [ -73.619622742, 42.985688244000016 ], [ -73.619803526, 42.985479110000028 ], [ -73.619542352999986, 42.985435210999981 ], [ -73.617401482, 42.985075352000024 ], [ -73.615678983, 42.984835167000028 ], [ -73.61412285, 42.986169727 ], [ -73.612362752000024, 42.987755760000027 ], [ -73.611312874000021, 42.987443488 ], [ -73.610549239000022, 42.987263520999988 ], [ -73.610122002000026, 42.987206972000024 ], [ -73.609700035, 42.987136856 ], [ -73.609800799000027, 42.985515178000014 ], [ -73.609824361, 42.985140703000013 ], [ -73.609851475000028, 42.984928486 ], [ -73.609485931, 42.984707764 ], [ -73.609855057, 42.983434246 ], [ -73.61055707700001, 42.983504239000013 ], [ -73.611401263, 42.982298932999981 ], [ -73.612189140999988, 42.98268585 ], [ -73.612438311, 42.982599994999987 ], [ -73.613826814999982, 42.981860892999975 ], [ -73.613160381, 42.980954015 ], [ -73.613238868999986, 42.980935505 ], [ -73.613385861999973, 42.980765357 ], [ -73.613579979, 42.980716853999979 ], [ -73.613859251, 42.980667407 ], [ -73.614242258, 42.980392235000011 ], [ -73.614979463, 42.980074487000024 ], [ -73.615994081999986, 42.979524514 ], [ -73.616841426, 42.979094938 ], [ -73.617241541, 42.978805105999982 ], [ -73.617565114, 42.978570714999989 ], [ -73.617757746, 42.978473828 ], [ -73.61782806399998, 42.978431737999983 ], [ -73.617874883000013, 42.978402193000022 ], [ -73.617956644, 42.978360173999988 ], [ -73.618020743999978, 42.978330735999975 ], [ -73.618085076999989, 42.978301298000019 ], [ -73.618172728, 42.978254857000024 ], [ -73.618283395, 42.978217477999976 ], [ -73.618382821000012, 42.978162537 ], [ -73.618511253, 42.978103659999988 ], [ -73.61878554499998, 42.977973325999983 ], [ -73.618925698999988, 42.977910408000014 ], [ -73.619036369000014, 42.977872683999976 ], [ -73.619089025, 42.977843173 ], [ -73.619159109, 42.977801081 ], [ -73.619264075, 42.977771895999979 ], [ -73.619345588999977, 42.97775113900002 ], [ -73.619409734999977, 42.977717585 ], [ -73.61952648800002, 42.977658634000022 ], [ -73.619666642000027, 42.977595714000017 ], [ -73.619754242999988, 42.977553388 ], [ -73.619876584, 42.977516079999987 ], [ -73.619987252999977, 42.977478355000017 ], [ -73.620080592000022, 42.977444639 ], [ -73.620156561999977, 42.977398467 ], [ -73.62022089300001, 42.977369028999988 ], [ -73.6202735, 42.977343632999975 ], [ -73.620326067, 42.977301432 ], [ -73.620372929999974, 42.977267770000026 ], [ -73.620425387000012, 42.977255405 ], [ -73.620489571, 42.977238656 ], [ -73.620553570000027, 42.977217789 ], [ -73.620664138999985, 42.977188637999973 ], [ -73.620798404000027, 42.977129795 ], [ -73.620897531000026, 42.977100572999973 ], [ -73.620985027000017, 42.977067162000026 ], [ -73.621049124000024, 42.977037721999977 ], [ -73.621124996, 42.976999780000028 ], [ -73.621171812, 42.976970232999975 ], [ -73.621224564999977, 42.976932147000014 ], [ -73.621433126999989, 42.976828727999987 ], [ -73.621939149000013, 42.976640727000017 ], [ -73.622493173, 42.97649772699998 ], [ -73.623120197999981, 42.976173726000013 ], [ -73.623711222999987, 42.975844724000012 ], [ -73.623824228999979, 42.975808723 ], [ -73.623973234, 42.975816724000026 ], [ -73.62426624699998, 42.975775723000027 ], [ -73.624545259, 42.975658722999981 ], [ -73.624739267, 42.975572721999981 ], [ -73.624874272, 42.975393720999989 ], [ -73.625532299999975, 42.975167721 ], [ -73.626241328999981, 42.97501472 ], [ -73.626518342, 42.97494372 ], [ -73.626735350999979, 42.974787718000016 ], [ -73.626951358999975, 42.974631718000012 ], [ -73.627225371, 42.974569717 ], [ -73.627509384, 42.974554717 ], [ -73.627820396, 42.974571717 ], [ -73.628377420999982, 42.974383715999977 ], [ -73.628662646, 42.974354366 ], [ -73.62885037, 42.974193637999974 ], [ -73.628914362999978, 42.974172768000017 ], [ -73.628984329, 42.974160508000011 ], [ -73.629071676000024, 42.974139435999973 ], [ -73.629135813, 42.974105875000021 ], [ -73.629229190999979, 42.974068036 ], [ -73.629281739000021, 42.974047095 ], [ -73.629339844000015, 42.974030646000017 ], [ -73.629386703000023, 42.973996635999981 ], [ -73.629433512999981, 42.973967086000016 ], [ -73.629497883, 42.973933526999986 ], [ -73.629544458999987, 42.973903973 ], [ -73.629608734999977, 42.973878645000013 ], [ -73.629678709000018, 42.973845120000021 ], [ -73.629772132000028, 42.973803165999982 ], [ -73.629847944, 42.973769677 ], [ -73.629929743, 42.973723192000023 ], [ -73.630029053999976, 42.973676813 ], [ -73.630134016, 42.973626353999975 ], [ -73.630216044, 42.973580213999981 ], [ -73.630321057, 42.973525296 ], [ -73.630420415, 42.973474802 ], [ -73.63049627700002, 42.973436854 ], [ -73.630568283, 42.973373357000014 ], [ -73.630572643999983, 42.973369511999977 ], [ -73.631170262000012, 42.973523553 ], [ -73.631459400999972, 42.973598079999988 ], [ -73.63189799700001, 42.973711128 ], [ -73.632051552, 42.973750705999976 ], [ -73.632753115000014, 42.973929793000025 ], [ -73.633293809, 42.974067882999975 ], [ -73.633314472999984, 42.974160953000023 ], [ -73.633334349999984, 42.974240986999973 ], [ -73.633350937999978, 42.974302137 ], [ -73.633376356999975, 42.974387691 ], [ -73.633399139, 42.974458825999989 ], [ -73.633428314000014, 42.974542688999975 ], [ -73.633460054000011, 42.974626909 ], [ -73.633490498000015, 42.974701863 ], [ -73.633518023000022, 42.974766509 ], [ -73.633549467000023, 42.974835638 ], [ -73.633576607, 42.974893080000015 ], [ -73.633614971999975, 42.974969795999982 ], [ -73.633641263000015, 42.975019687999975 ], [ -73.633679472999972, 42.975089544000014 ], [ -73.633700567, 42.975125973 ], [ -73.633907373999989, 42.974989072000028 ], [ -73.634734912999988, 42.974441247000016 ], [ -73.634830618000024, 42.974377891000017 ], [ -73.635153471000024, 42.974435222000011 ], [ -73.635855467, 42.974559876 ], [ -73.636495987999979, 42.974668717999975 ], [ -73.640455176999978, 42.975389278000023 ], [ -73.643400510999982, 42.975914629999977 ], [ -73.648124194, 42.976765735000015 ], [ -73.649273629999982, 42.976981808 ], [ -73.650414214000023, 42.977196445 ], [ -73.651918729999977, 42.977447874 ], [ -73.651764438999976, 42.977630788 ], [ -73.651668767, 42.977792787999988 ], [ -73.651605808999989, 42.977952924000022 ], [ -73.651575155999979, 42.978085129000021 ], [ -73.651232510999989, 42.97990632 ], [ -73.651189994999982, 42.980139630999986 ], [ -73.651173587000017, 42.980314105 ], [ -73.651172479000024, 42.980562409000015 ], [ -73.651187192, 42.980795028999978 ], [ -73.651195312000027, 42.981117127 ], [ -73.651193544000023, 42.981277283 ], [ -73.651182796, 42.981510096000022 ], [ -73.651148490000026, 42.981719103999978 ], [ -73.651067035999972, 42.981988537 ], [ -73.650794831999974, 42.982969868999987 ], [ -73.650632497, 42.983308443 ], [ -73.650390151000011, 42.983595438 ], [ -73.650260923000019, 42.98370682 ], [ -73.650084435, 42.983846385999982 ], [ -73.649422936, 42.984418633000018 ], [ -73.64921655, 42.984570876000021 ], [ -73.65020689, 42.984853731999976 ], [ -73.651440187, 42.985210214 ], [ -73.652555646999986, 42.985493616999975 ], [ -73.654540161, 42.985997882999982 ], [ -73.653517783999973, 42.988459152000019 ], [ -73.652544243000023, 42.990742356999988 ], [ -73.652414142999987, 42.991016645 ], [ -73.652127984, 42.991736554 ], [ -73.650402219, 42.991456718 ], [ -73.650839158999986, 42.99417152 ], [ -73.652437637, 42.994413554 ], [ -73.653274526000018, 42.994552619 ], [ -73.652772937, 42.995148468000025 ], [ -73.65211892100001, 42.995795885 ], [ -73.651903146999985, 42.996208642999989 ], [ -73.651217265000014, 42.996153301999982 ], [ -73.651156255999979, 42.996148378999976 ], [ -73.651189492000015, 42.996355575 ], [ -73.651342536000016, 42.997262266 ], [ -73.651379401999975, 42.997520055 ], [ -73.65144792000001, 42.997529556000018 ], [ -73.653570686000023, 42.997823900000014 ], [ -73.655396949000021, 42.998075128999972 ], [ -73.656604129000016, 42.998240709000015 ], [ -73.657492369000011, 42.998368385999981 ], [ -73.659202209, 42.998608236999985 ], [ -73.658838272000025, 42.999159307000014 ], [ -73.658078247, 43.000294176000011 ], [ -73.655831122, 43.000108413000021 ], [ -73.655329226, 43.003366372000016 ], [ -73.655227688000025, 43.003548916 ], [ -73.655147078000027, 43.003740500999982 ], [ -73.655080525000017, 43.003949659 ], [ -73.655032973, 43.004152071000021 ], [ -73.654997418, 43.004368273000011 ], [ -73.654979019999985, 43.004511524 ], [ -73.654753519999986, 43.00604359099998 ], [ -73.654751679000015, 43.006056613 ], [ -73.654696258, 43.006448638999984 ], [ -73.654689362, 43.006523363999975 ], [ -73.654682147000017, 43.006584369999985 ], [ -73.654675774, 43.006632691 ], [ -73.654666460999977, 43.006693340000027 ], [ -73.654651285, 43.00677727599998 ], [ -73.654638438, 43.006840649000026 ], [ -73.654619539, 43.006923191999988 ], [ -73.654605372, 43.006979011999988 ], [ -73.654577894999989, 43.007076594000011 ], [ -73.654557794000027, 43.007140952999976 ], [ -73.65453412, 43.007211464000022 ], [ -73.65451194100001, 43.007273409999982 ], [ -73.654483321999976, 43.007347321 ], [ -73.654459787, 43.007405143000028 ], [ -73.654427188999989, 43.007479715999978 ], [ -73.654399658999978, 43.007539572999974 ], [ -73.654367627, 43.007605232 ], [ -73.654343745, 43.007652076999989 ], [ -73.654298182, 43.007736863 ], [ -73.654276239000012, 43.007780433 ], [ -73.653860067999972, 43.008606774999976 ], [ -73.65318665, 43.009899537000024 ], [ -73.652524169, 43.011169063000011 ], [ -73.652273080999976, 43.012347694000027 ], [ -73.651703505, 43.015021158000025 ], [ -73.650588851, 43.015007861000015 ], [ -73.650068803000011, 43.015000283 ], [ -73.649370311999974, 43.014982362000012 ], [ -73.649655672, 43.014686923 ] ] ] } },
{ "type": "Feature", "properties": { "UNIT_NAME": "Fort Sumter and Fort Moultrie National Historical Park", "PARKNAME": "Fort Sumter and Fort Moultrie", "UNIT_TYPE": "National Historical Park", "STATE": "SC", "REGION": "SE", "SITE_NAME": "Fort Moultrie National Historical Park" }, "geometry": { "type": "MultiPolygon", "coordinates": [ [ [ [ -79.856350234999979, 32.762223832000018 ], [ -79.857314189000022, 32.760066595000012 ], [ -79.857949384999984, 32.760121611999978 ], [ -79.858052623, 32.760130554 ], [ -79.857074179, 32.762526950999984 ], [ -79.856945005999989, 32.762472866 ], [ -79.856350234999979, 32.762223832000018 ] ] ], [ [ [ -79.843421966, 32.758911797 ], [ -79.843060696, 32.75828918000002 ], [ -79.842673535000017, 32.757622062 ], [ -79.842616657, 32.757524048999983 ], [ -79.841690178000022, 32.755927564 ], [ -79.841858882, 32.75588581400001 ], [ -79.84229065, 32.755800421 ], [ -79.842446687, 32.755754814 ], [ -79.843291926, 32.757248849 ], [ -79.843344192000018, 32.757341226 ], [ -79.843746921, 32.758053070000017 ], [ -79.843974719000016, 32.758455968000021 ], [ -79.843975474, 32.758455659999981 ], [ -79.844080582, 32.758641518 ], [ -79.844079826999973, 32.758641825999973 ], [ -79.844080582, 32.758643161 ], [ -79.843963482, 32.75869093 ], [ -79.843421966, 32.758911797 ] ] ], [ [ [ -79.852011591, 32.752417375999983 ], [ -79.852276175999975, 32.752390979999973 ], [ -79.85298293, 32.752464152000016 ], [ -79.853583462000017, 32.752594279 ], [ -79.854117685, 32.752744423000024 ], [ -79.85453202399998, 32.752934155999981 ], [ -79.855283088000022, 32.753346528 ], [ -79.855745219000028, 32.753696138 ], [ -79.856608586999982, 32.754418648000012 ], [ -79.856807702000026, 32.754592178 ], [ -79.857091976, 32.754839920999984 ], [ -79.85744295, 32.755172059000017 ], [ -79.857542449, 32.755266216 ], [ -79.857659249, 32.755416864999972 ], [ -79.858025210999983, 32.755888875999972 ], [ -79.858205977000011, 32.756179483999972 ], [ -79.858278942000027, 32.756374419999986 ], [ -79.858283200000017, 32.756380783999987 ], [ -79.858328647, 32.756421709 ], [ -79.85854501, 32.756607638999981 ], [ -79.858857183, 32.75675699300001 ], [ -79.859280400999978, 32.757040749 ], [ -79.859355245000017, 32.757111199 ], [ -79.859013012, 32.758362923999982 ], [ -79.858640492, 32.759714144999975 ], [ -79.858556261999979, 32.760019660000012 ], [ -79.858258626, 32.759989454999982 ], [ -79.85695068299998, 32.75984572599998 ], [ -79.856950154, 32.759776306 ], [ -79.856947473, 32.759424738 ], [ -79.856945950000011, 32.75922484 ], [ -79.853205057000025, 32.758454638999979 ], [ -79.852084634, 32.758222414999977 ], [ -79.852076174999979, 32.757550141000024 ], [ -79.852070796000021, 32.757122707 ], [ -79.852067826999985, 32.756886814999973 ], [ -79.852011591, 32.752417375999983 ] ] ] ] } },
{ "type": "Feature", "properties": { "UNIT_NAME": "Minute Man National Historical Park", "PARKNAME": "Minute Man", "UNIT_TYPE": "National Historical Park", "STATE": "MA", "REGION": "NE", "SITE_NAME": null }, "geometry": { "type": "MultiPolygon", "coordinates": [ [ [ [ -71.333763426000019, 42.45700333000002 ], [ -71.333808524, 42.456963968000025 ], [ -71.333887638000022, 42.457293232999973 ], [ -71.333966754000016, 42.457622497999978 ], [ -71.334128981, 42.45810307 ], [ -71.334226715, 42.458584369 ], [ -71.334244405, 42.458635844000014 ], [ -71.334294347000025, 42.45878117 ], [ -71.334409110000024, 42.458809476999988 ], [ -71.334505173000025, 42.458875665999983 ], [ -71.334546473999978, 42.458994728 ], [ -71.334524667999972, 42.459122665 ], [ -71.334501467, 42.459182879000025 ], [ -71.334485493999978, 42.459248331000026 ], [ -71.334478939, 42.459297134999986 ], [ -71.333992428999977, 42.459471069000017 ], [ -71.333505915999979, 42.459645 ], [ -71.333061026, 42.45968839 ], [ -71.332616133999977, 42.459731776000012 ], [ -71.332497680000017, 42.459633450000013 ], [ -71.332689999000024, 42.459456536 ], [ -71.332561291, 42.458995683000012 ], [ -71.333019902999979, 42.458925404000013 ], [ -71.332968685000026, 42.458782901 ], [ -71.332846803999985, 42.458443794 ], [ -71.333201754000015, 42.458330655999987 ], [ -71.333343778000028, 42.458285386999989 ], [ -71.333263594000016, 42.45809828199998 ], [ -71.33315015, 42.457867041999975 ], [ -71.332946016999983, 42.45754576600001 ], [ -71.333079549999979, 42.457456972999978 ], [ -71.333180792, 42.45737288700002 ], [ -71.333218725999984, 42.457317206000027 ], [ -71.333340353999972, 42.457246253 ], [ -71.333455608, 42.457225729000015 ], [ -71.333545398000012, 42.457187157000021 ], [ -71.333648067000013, 42.457106875000022 ], [ -71.333763426000019, 42.45700333000002 ] ] ], [ [ [ -71.379055457999982, 42.474684992999983 ], [ -71.378322964, 42.473174949999986 ], [ -71.378321801000027, 42.473172415000022 ], [ -71.378320759000019, 42.473169851000023 ], [ -71.378319837, 42.473167262 ], [ -71.378319039000019, 42.473164651 ], [ -71.378318363, 42.473162020000018 ], [ -71.378317811999977, 42.473159375000023 ], [ -71.378317386, 42.473156716 ], [ -71.378317084, 42.473154048000026 ], [ -71.378316908999977, 42.473151373 ], [ -71.378316859999984, 42.47314869600001 ], [ -71.378316937000022, 42.47314602 ], [ -71.378317141000025, 42.473143347000018 ], [ -71.378317469000024, 42.473140679999972 ], [ -71.378317923999987, 42.473138023999979 ], [ -71.378318502000013, 42.473135382 ], [ -71.378319205000025, 42.473132755 ], [ -71.37832003, 42.473130148 ], [ -71.378320977999977, 42.473127563999981 ], [ -71.378322049000019, 42.473125007000021 ], [ -71.378323237000018, 42.473122478999983 ], [ -71.378324545, 42.473119984 ], [ -71.378325969, 42.473117521 ], [ -71.37832751000002, 42.473115098 ], [ -71.378329161000011, 42.473112717 ], [ -71.378330924000011, 42.473110379 ], [ -71.378332796, 42.473108089 ], [ -71.378334775999974, 42.473105847999989 ], [ -71.37833686, 42.47310366 ], [ -71.378339043999972, 42.473101526999983 ], [ -71.378341330000012, 42.473099451 ], [ -71.378343710000024, 42.473097435999989 ], [ -71.378346184, 42.473095482000019 ], [ -71.378348749, 42.473093595000023 ], [ -71.378351399999985, 42.473091775 ], [ -71.378354136999974, 42.473090023 ], [ -71.37835695299998, 42.473088341999983 ], [ -71.378359847000013, 42.473086738 ], [ -71.378362815, 42.473085207999986 ], [ -71.378365853, 42.473083756 ], [ -71.378368957000021, 42.473082381999973 ], [ -71.378372125, 42.47308109 ], [ -71.378375350999988, 42.473079881 ], [ -71.378378633000011, 42.473078755000017 ], [ -71.378844425000011, 42.472992815999987 ], [ -71.379307524000012, 42.472923878000017 ], [ -71.380089009000017, 42.472873032999985 ], [ -71.380162198, 42.472867006 ], [ -71.381459404999987, 42.472800211 ], [ -71.382014051, 42.472771648 ], [ -71.382276478999984, 42.47407747699998 ], [ -71.381916272000012, 42.474163139999973 ], [ -71.381746675999977, 42.474202317 ], [ -71.381755424, 42.474244963999979 ], [ -71.381281636999972, 42.474379825000028 ], [ -71.380916227, 42.47443288 ], [ -71.380624630999989, 42.474513774 ], [ -71.380621636, 42.474503106999975 ], [ -71.380390574999979, 42.474566888000027 ], [ -71.379183333000014, 42.475013339999975 ], [ -71.379146051000021, 42.474932433 ], [ -71.379112287999988, 42.474850683999989 ], [ -71.379082080999979, 42.474768174000019 ], [ -71.379055457999982, 42.474684992999983 ] ] ], [ [ [ -71.37518503299998, 42.472955797999987 ], [ -71.375159506999978, 42.472950278999974 ], [ -71.375136399999974, 42.472951604 ], [ -71.375112073000025, 42.472954279000021 ], [ -71.375091635, 42.472958398 ], [ -71.37507313499998, 42.472966569999983 ], [ -71.375056332999975, 42.472976905 ], [ -71.375024431999975, 42.472996045 ], [ -71.374999944000024, 42.473020056 ], [ -71.374976547000017, 42.473044066999989 ], [ -71.3749517, 42.473063846 ], [ -71.374931974, 42.473076877999972 ], [ -71.374890725, 42.473089167000012 ], [ -71.374860442, 42.473090574000025 ], [ -71.374786012000015, 42.473461578000013 ], [ -71.373916555, 42.473351197 ], [ -71.373998186999984, 42.472710894999977 ], [ -71.373963038, 42.472712926999975 ], [ -71.373933731000022, 42.472713525000017 ], [ -71.373917324, 42.472708735000026 ], [ -71.373902263, 42.472699807000026 ], [ -71.373891232, 42.472681249 ], [ -71.37388822600002, 42.472664770999984 ], [ -71.373883395, 42.472647661 ], [ -71.373879789, 42.47262704100001 ], [ -71.373873490999983, 42.472613981 ], [ -71.373871695, 42.472600295 ], [ -71.373870989000011, 42.472588589999987 ], [ -71.373869687000024, 42.472570134000023 ], [ -71.373866183000018, 42.472559147000027 ], [ -71.373862315999986, 42.472546809999983 ], [ -71.373855170000013, 42.472532397 ], [ -71.373848507, 42.472519966999982 ], [ -71.373848905999978, 42.472502862 ], [ -71.373851995999985, 42.472478197999976 ], [ -71.373847668, 42.472452807000025 ], [ -71.373850259, 42.472433544000012 ], [ -71.373855884000022, 42.472418516 ], [ -71.373866249, 42.472403402999987 ], [ -71.373878190000028, 42.472392432999982 ], [ -71.373896208000019, 42.472382190000019 ], [ -71.373914828000011, 42.472374646999981 ], [ -71.373934905999988, 42.472368459 ], [ -71.373949270000026, 42.472361632 ], [ -71.373965820000024, 42.472354807999977 ], [ -71.373974589999989, 42.47234797599998 ], [ -71.373982523999985, 42.47233286 ], [ -71.373985102, 42.47232125 ], [ -71.373979046999978, 42.472308189999978 ], [ -71.373969096, 42.472298546 ], [ -71.373951730999977, 42.472285473 ], [ -71.373936559000015, 42.472271052 ], [ -71.37391993, 42.472256 ], [ -71.373897726999985, 42.472230587000013 ], [ -71.373883767, 42.472218240000018 ], [ -71.373868958, 42.47220517 ], [ -71.373854277000021, 42.472187959 ], [ -71.37384873000002, 42.472164006000014 ], [ -71.37384597099998, 42.472145458 ], [ -71.373844185, 42.472126910999975 ], [ -71.373844223999981, 42.472107015 ], [ -71.373843530999977, 42.472089191 ], [ -71.373841033000019, 42.472061097999983 ], [ -71.373834886, 42.472033633000024 ], [ -71.373825569000019, 42.472010307 ], [ -71.373817100999986, 42.471988332000024 ], [ -71.373814594, 42.471964292 ], [ -71.373805998000023, 42.471945737999988 ], [ -71.373799351, 42.471925204 ], [ -71.373791358, 42.471908720999977 ], [ -71.373777169, 42.47188953 ], [ -71.373762592999981, 42.471881231999987 ], [ -71.373746926000024, 42.471870951000028 ], [ -71.373726515999977, 42.471860666 ], [ -71.373698809000018, 42.471851725000022 ], [ -71.373672553, 42.471846202 ], [ -71.373645927999974, 42.471843381999975 ], [ -71.373614436000025, 42.471840645999976 ], [ -71.373590592000028, 42.471846114000016 ], [ -71.373570880999978, 42.471851582999989 ], [ -71.373549831999981, 42.471857052000018 ], [ -71.373528183000019, 42.471859008000024 ], [ -71.373500934999981, 42.471863118999977 ], [ -71.37348672600001, 42.471853470999974 ], [ -71.373484320999978, 42.471840504999989 ], [ -71.373493591, 42.471826739999983 ], [ -71.37350906, 42.471813704999988 ], [ -71.373528782999983, 42.471802833000027 ], [ -71.373540005999985, 42.471784930000013 ], [ -71.373551836, 42.471767118 ], [ -71.373565493, 42.471748677 ], [ -71.37357014600002, 42.471732840000016 ], [ -71.373569085999975, 42.471715733 ], [ -71.373565352000014, 42.471697183 ], [ -71.373559203000013, 42.471671789000027 ], [ -71.373551088, 42.471654675000025 ], [ -71.373526571000014, 42.471631332000015 ], [ -71.373504829000012, 42.471618885 ], [ -71.373468498000022, 42.471605161000014 ], [ -71.37344092, 42.471592077000025 ], [ -71.373420397000018, 42.471577649999972 ], [ -71.373411432000012, 42.471560534999981 ], [ -71.373414884, 42.471537852999973 ], [ -71.373411764000025, 42.471517324 ], [ -71.373408994999977, 42.471502197 ], [ -71.373396988000025, 42.471486428 ], [ -71.373377315000027, 42.471473354000011 ], [ -71.373352034999982, 42.471466484000018 ], [ -71.373331598999982, 42.471469882 ], [ -71.373313827, 42.47147877499998 ], [ -71.373295190000022, 42.471494507999978 ], [ -71.37327923700002, 42.471506195000018 ], [ -71.373259275, 42.471515716 ], [ -71.373238464, 42.471524605000013 ], [ -71.373219611000025, 42.471526025 ], [ -71.373191174999988, 42.471516361 ], [ -71.373165902999972, 42.471505349999973 ], [ -71.373142583, 42.471492270999988 ], [ -71.373130092999986, 42.47147443199998 ], [ -71.373119662000022, 42.471461366000028 ], [ -71.373111171, 42.471450374000028 ], [ -71.373106324, 42.47144145599998 ], [ -71.373096374999989, 42.471430462 ], [ -71.373091541, 42.471416052999984 ], [ -71.373092046000011, 42.471406511999987 ], [ -71.373091584, 42.471394807000024 ], [ -71.373097205000022, 42.471380409 ], [ -71.373105, 42.471374296000022 ], [ -71.373114622, 42.471366744000022 ], [ -71.373130323, 42.47135992 ], [ -71.37314102900001, 42.47135713900002 ], [ -71.373152839999989, 42.471349590999978 ], [ -71.373163308000017, 42.47134483100001 ], [ -71.373183381, 42.471340713000018 ], [ -71.373204064, 42.471335964 ], [ -71.373221461000014, 42.471331211 ], [ -71.373231200000021, 42.471326359999978 ], [ -71.373238168, 42.471307822000028 ], [ -71.373237218999975, 42.47129621 ], [ -71.373228730999983, 42.471283866000022 ], [ -71.373215260999984, 42.471270076999986 ], [ -71.373198624, 42.471258444999989 ], [ -71.373180752999986, 42.47125635499998 ], [ -71.373159468999972, 42.471257682999976 ], [ -71.373133817, 42.471254953000027 ], [ -71.373104880000028, 42.471252850999974 ], [ -71.373086042000011, 42.471247339 ], [ -71.373066833, 42.471245247000013 ], [ -71.373048604000019, 42.471239735999973 ], [ -71.373028918999978, 42.471231521 ], [ -71.373012277999976, 42.471223221 ], [ -71.372992365000016, 42.471208164000018 ], [ -71.372972436, 42.471201211 ], [ -71.372952269, 42.471191644999976 ], [ -71.372928682, 42.47119018 ], [ -71.37290642, 42.471193665999976 ], [ -71.372886699999981, 42.471203906000028 ], [ -71.372870025, 42.471210730999985 ], [ -71.372853356, 42.471216203999973 ], [ -71.372837039, 42.471227168999974 ], [ -71.372815511, 42.471229215999983 ], [ -71.372795436999979, 42.471233333999976 ], [ -71.372778410000024, 42.471235295999975 ], [ -71.372752498000011, 42.471240759000011 ], [ -71.372735374, 42.471229757 ], [ -71.372719215000018, 42.471221545999981 ], [ -71.372706242999982, 42.471202987000026 ], [ -71.372699109, 42.471182452 ], [ -71.372691718, 42.471169391999979 ], [ -71.37268554100001, 42.471157052000024 ], [ -71.372678157999985, 42.471139848 ], [ -71.372666762, 42.47112273 ], [ -71.372661317, 42.471108951000019 ], [ -71.372655991999977, 42.471096611 ], [ -71.372646053999972, 42.471080126 ], [ -71.37268420800001, 42.471094573000016 ], [ -71.372695422, 42.47108162 ], [ -71.372734647000016, 42.471047363000025 ], [ -71.372765029, 42.470995903000016 ], [ -71.372788129000014, 42.470937592999974 ], [ -71.37282663000002, 42.470900635000021 ], [ -71.372925883999983, 42.470827282000016 ], [ -71.373026654, 42.470725936 ], [ -71.373037470999975, 42.470667552 ], [ -71.37345783, 42.470588637 ], [ -71.373573238, 42.470585342999982 ], [ -71.373693382, 42.470584122999981 ], [ -71.373813402999986, 42.470584256999985 ], [ -71.373933419000025, 42.470587089 ], [ -71.37405318499998, 42.47059271 ], [ -71.37417295, 42.470599682999989 ], [ -71.374292466999975, 42.470608727000013 ], [ -71.374411491999979, 42.470620559999986 ], [ -71.374511547999987, 42.470632371000022 ], [ -71.374588699000014, 42.470642801999986 ], [ -71.374706253, 42.470660754999983 ], [ -71.374823194999976, 42.470680776 ], [ -71.374939524000013, 42.470702868999979 ], [ -71.375054998999985, 42.470726942 ], [ -71.375169616999983, 42.470753173 ], [ -71.375283382000021, 42.47078138400002 ], [ -71.375396288, 42.470812384999988 ], [ -71.37550797900002, 42.470844736 ], [ -71.375618568, 42.470879154999977 ], [ -71.375720408, 42.470912211999973 ], [ -71.375841085, 42.470949433999976 ], [ -71.375963104999983, 42.470984494 ], [ -71.376085980000028, 42.471017576 ], [ -71.376209954999979, 42.47104858900002 ], [ -71.376334663000023, 42.471077531999981 ], [ -71.376460469999984, 42.471104403000027 ], [ -71.376586889, 42.471129205000011 ], [ -71.376714042, 42.471152028 ], [ -71.376841805000026, 42.471172691 ], [ -71.37697018, 42.471191374 ], [ -71.37709917, 42.471207984999978 ], [ -71.377228651, 42.471221808 ], [ -71.377358257000026, 42.471234369 ], [ -71.377488476, 42.471244050999985 ], [ -71.37761894099998, 42.471251752 ], [ -71.377749530000017, 42.471257380999987 ], [ -71.377880127000026, 42.471260941000025 ], [ -71.378011092, 42.471261799999979 ], [ -71.378141938, 42.471261218 ], [ -71.378272668000022, 42.471257934999983 ], [ -71.378367153999989, 42.471258035 ], [ -71.378634137, 42.47100863999998 ], [ -71.37864083, 42.471021432999976 ], [ -71.378688468, 42.471007257 ], [ -71.378741830000024, 42.470969492 ], [ -71.378761853000015, 42.470927651000011 ], [ -71.378767270000026, 42.470893357000023 ], [ -71.378773777, 42.470861135 ], [ -71.378783843, 42.470811721000018 ], [ -71.378804977000016, 42.470760970000015 ], [ -71.378818793999983, 42.470721911999988 ], [ -71.378836383000021, 42.470680790000017 ], [ -71.378847394, 42.470645780999973 ], [ -71.378860493, 42.470600511999976 ], [ -71.378877481000018, 42.470555967 ], [ -71.378892759999985, 42.470514841000011 ], [ -71.378906083, 42.470479115999979 ], [ -71.378927216000022, 42.470429083999989 ], [ -71.378945663000025, 42.47038454 ], [ -71.378967029000023, 42.47034063000001 ], [ -71.378983510000012, 42.470306348 ], [ -71.37900072399998, 42.470270717 ], [ -71.379014262, 42.470249484000021 ], [ -71.379035128, 42.470211694999989 ], [ -71.379055623, 42.470177417 ], [ -71.379082085999983, 42.470137653 ], [ -71.379100032999986, 42.470100672 ], [ -71.379114926999989, 42.470069809 ], [ -71.379129819000013, 42.470040297000025 ], [ -71.3791435, 42.470008801 ], [ -71.379172015, 42.469976601999974 ], [ -71.379196033000028, 42.469943678 ], [ -71.379221511000026, 42.469910755 ], [ -71.379252829, 42.469875858000023 ], [ -71.379281470000024, 42.469841588 ], [ -71.379319968, 42.469803909 ], [ -71.37936103200002, 42.469760018999978 ], [ -71.379410007, 42.469711996 ], [ -71.379488219, 42.46963600700002 ], [ -71.379550828, 42.469580436 ], [ -71.379592844, 42.469546900000012 ], [ -71.379624644999978, 42.469513355 ], [ -71.379660823, 42.469480443 ], [ -71.379710263, 42.469444124 ], [ -71.379753244000028, 42.469414641000014 ], [ -71.379800241999988, 42.469382461 ], [ -71.379852716000016, 42.469348936000017 ], [ -71.379899093, 42.469322877000025 ], [ -71.379963124000028, 42.469286572999977 ], [ -71.380010603000017, 42.469257814 ], [ -71.380045651999978, 42.469242816000019 ], [ -71.380086179999978, 42.469225033999976 ], [ -71.380136409999977, 42.469218873999978 ], [ -71.380193220000024, 42.46920732000001 ], [ -71.380234957000027, 42.469192239 ], [ -71.380323251999982, 42.46918476899998 ], [ -71.380394888000012, 42.469178000999989 ], [ -71.380471511, 42.469169168 ], [ -71.380476129999977, 42.469168761999981 ], [ -71.381124081, 42.47049654 ], [ -71.381263416000024, 42.47043303800001 ], [ -71.381369537000012, 42.470650488 ], [ -71.382577545, 42.470099926999978 ], [ -71.382928212000024, 42.470846478 ], [ -71.383413362999988, 42.471881617 ], [ -71.382341554, 42.471919609 ], [ -71.382635933000017, 42.472649725 ], [ -71.38214918, 42.472671900000023 ], [ -71.380964576999986, 42.472725858 ], [ -71.380911377000018, 42.472728279000023 ], [ -71.38032268500001, 42.472770271 ], [ -71.380014943, 42.47279222100002 ], [ -71.379221497, 42.47285062200001 ], [ -71.379216186, 42.472851524000021 ], [ -71.378078329, 42.473044870000024 ], [ -71.377701144000014, 42.472487844999989 ], [ -71.376704478000022, 42.472853815 ], [ -71.377061663, 42.473340606000022 ], [ -71.376887662, 42.473414905000027 ], [ -71.376560158000018, 42.473554745 ], [ -71.376352666, 42.473634113 ], [ -71.376332416000025, 42.473641534000024 ], [ -71.376311828999974, 42.473648432 ], [ -71.376290934, 42.473654797999984 ], [ -71.376269751999985, 42.473660629 ], [ -71.376248314, 42.473665913 ], [ -71.376226640000027, 42.473670643999981 ], [ -71.376204757999972, 42.473674817000017 ], [ -71.376182696, 42.473678429000017 ], [ -71.376160476999985, 42.473681473999989 ], [ -71.37613812799998, 42.473683949000019 ], [ -71.376115679, 42.473685851000027 ], [ -71.376093153, 42.473687176999988 ], [ -71.376070579999976, 42.473687924999979 ], [ -71.376047985000014, 42.473688095 ], [ -71.376025395, 42.473687687999984 ], [ -71.376002839000023, 42.473686702 ], [ -71.375980341, 42.473685139999986 ], [ -71.375957930000027, 42.473683003000019 ], [ -71.375935632, 42.473680292999973 ], [ -71.375913473000026, 42.473677016000011 ], [ -71.375737491999985, 42.473648631 ], [ -71.375741313, 42.473610075000011 ], [ -71.375737684, 42.473600438 ], [ -71.375738807, 42.473586034999983 ], [ -71.375735177000024, 42.473575767999989 ], [ -71.375728520999985, 42.473560006000014 ], [ -71.375725768999985, 42.473537317000023 ], [ -71.375723499, 42.473516788999973 ], [ -71.375719539999977, 42.473489326999982 ], [ -71.375712180999983, 42.47345916 ], [ -71.375703711000028, 42.473437185000023 ], [ -71.375703777000012, 42.473404236000022 ], [ -71.375698965000026, 42.473377492999987 ], [ -71.375690872, 42.473350026999981 ], [ -71.375682434, 42.473311577 ], [ -71.375680667999973, 42.473282137000012 ], [ -71.37567622, 42.473256024000023 ], [ -71.375677488, 42.473230007999973 ], [ -71.375681193999981, 42.473200484000017 ], [ -71.375684299, 42.473167537999984 ], [ -71.375681322, 42.473135305000028 ], [ -71.37567771099998, 42.473116125999979 ], [ -71.375662192999982, 42.473092072999975 ], [ -71.375636569, 42.473073499 ], [ -71.375608026, 42.473056994 ], [ -71.375575944, 42.473045977000027 ], [ -71.375549313000022, 42.473044598 ], [ -71.37551333, 42.473039067 ], [ -71.375484386999972, 42.473039035 ], [ -71.375448039999981, 42.473032155 ], [ -71.375414009, 42.473022485 ], [ -71.375405623, 42.473019774000022 ], [ -71.375386903999981, 42.473015615 ], [ -71.37535748900001, 42.473008740000012 ], [ -71.375330137, 42.473003939000023 ], [ -71.375303028000019, 42.472999137999977 ], [ -71.375283347999982, 42.472989485000028 ], [ -71.375263056999984, 42.472980549999988 ], [ -71.375241057999972, 42.47297368400001 ], [ -71.375216022000018, 42.472966725 ], [ -71.375197309999976, 42.472959232999983 ], [ -71.37518503299998, 42.472955797999987 ] ] ], [ [ [ -71.352507563000017, 42.472808035000014 ], [ -71.352432820999979, 42.472742473999972 ], [ -71.35214399900002, 42.47289848600002 ], [ -71.351759668, 42.473090862 ], [ -71.351434346000019, 42.473215375999985 ], [ -71.35123962199998, 42.473274296999989 ], [ -71.351084578999973, 42.473224488000028 ], [ -71.351016824999988, 42.473148249000019 ], [ -71.350866563000011, 42.472887001 ], [ -71.350698095999974, 42.472580193999988 ], [ -71.350529630999972, 42.472273385999983 ], [ -71.350343620999979, 42.471982296000022 ], [ -71.350157610999986, 42.471691207999982 ], [ -71.350031708000017, 42.471484240999985 ], [ -71.349831021999989, 42.471154335 ], [ -71.349641393000013, 42.470792577999987 ], [ -71.34945176399998, 42.47043082 ], [ -71.349236328000018, 42.470494304999988 ], [ -71.349033239999983, 42.470554149 ], [ -71.34842156000002, 42.470685052000022 ], [ -71.347771060000014, 42.470844625999973 ], [ -71.347831912, 42.470542693000027 ], [ -71.347915139, 42.470239118999984 ], [ -71.348001351999983, 42.469932789999973 ], [ -71.348085438999988, 42.469549719999975 ], [ -71.348112800000024, 42.469203041000014 ], [ -71.347958931, 42.469243408000011 ], [ -71.347464536000018, 42.469373105999978 ], [ -71.347066552, 42.469474637000019 ], [ -71.346668567999984, 42.469576169 ], [ -71.346180662999984, 42.469719856999973 ], [ -71.346278026, 42.469933589 ], [ -71.345903782999983, 42.470029523999983 ], [ -71.345529541000019, 42.47012546000002 ], [ -71.345155297000019, 42.470221391999985 ], [ -71.344998039000018, 42.469921761000023 ], [ -71.344840783999985, 42.469622131 ], [ -71.344679870999983, 42.46927833 ], [ -71.344518956, 42.468934530000013 ], [ -71.345004254, 42.468788915 ], [ -71.345489548999979, 42.468643297000028 ], [ -71.34555278, 42.468743274000019 ], [ -71.346110094999972, 42.468556584 ], [ -71.346743413000013, 42.468405286 ], [ -71.346618579999983, 42.468113136 ], [ -71.346671615999981, 42.468051349 ], [ -71.346714959999986, 42.467989 ], [ -71.346746414999984, 42.467899038999974 ], [ -71.346904758999983, 42.468221025999981 ], [ -71.347404553, 42.468097770999975 ], [ -71.347326181000028, 42.467816519 ], [ -71.34724780900001, 42.467535264999981 ], [ -71.34716943799998, 42.467254013 ], [ -71.347890183, 42.467145425000012 ], [ -71.348069668999983, 42.467118382000024 ], [ -71.34804118, 42.466871211000011 ], [ -71.34799910800001, 42.466506168000024 ], [ -71.347957034999979, 42.466141124999979 ], [ -71.348362066999982, 42.466049254999973 ], [ -71.348767095000028, 42.465957386000014 ], [ -71.349105093999981, 42.465811357 ], [ -71.349443088999976, 42.465665328999989 ], [ -71.349781084000028, 42.465519298 ], [ -71.349811923, 42.465846977000012 ], [ -71.34984276199998, 42.466174658 ], [ -71.349864722, 42.466455955000015 ], [ -71.349886680999987, 42.466737254 ], [ -71.350386319999984, 42.466709493 ], [ -71.350885956000013, 42.466681732999973 ], [ -71.351350576000016, 42.466634064 ], [ -71.351774881999972, 42.466617832 ], [ -71.351637114000027, 42.466492958 ], [ -71.351614153000014, 42.466384181000024 ], [ -71.351653983, 42.4661678 ], [ -71.35204395400001, 42.466000456000017 ], [ -71.352433921999989, 42.465833111999984 ], [ -71.352823887999989, 42.465665767000019 ], [ -71.353287608000016, 42.465456057999972 ], [ -71.353751322999983, 42.465246348 ], [ -71.354019998000012, 42.465475661000028 ], [ -71.354288673999974, 42.465704975 ], [ -71.354557350999983, 42.465934288000028 ], [ -71.354826031000016, 42.466163600000016 ], [ -71.355044524999983, 42.466346854 ], [ -71.355333987, 42.466589627000019 ], [ -71.355852701, 42.466786550999984 ], [ -71.355788545, 42.466808034 ], [ -71.355725125999982, 42.466834488000018 ], [ -71.355657940000015, 42.466890749000015 ], [ -71.355718265, 42.466944895999973 ], [ -71.355845639, 42.467043811999986 ], [ -71.355995338000014, 42.467176972 ], [ -71.356118173000027, 42.467324467000026 ], [ -71.356163497000011, 42.467444852000028 ], [ -71.356139467, 42.46756905 ], [ -71.355996872999981, 42.467693161 ], [ -71.355795382999986, 42.467807843 ], [ -71.355581941000025, 42.467936870000017 ], [ -71.355384142999981, 42.4680775 ], [ -71.355145986000025, 42.468284348999987 ], [ -71.354817572, 42.468728021 ], [ -71.354787386999988, 42.468768798999974 ], [ -71.354514008000024, 42.46909818 ], [ -71.35455669800001, 42.469241764 ], [ -71.354650772000014, 42.469558165000024 ], [ -71.354744847, 42.469874566999977 ], [ -71.354880634999972, 42.470364356 ], [ -71.354958555999985, 42.470638794000024 ], [ -71.3550265, 42.47087809300001 ], [ -71.355036477999988, 42.470913231999987 ], [ -71.354516335000028, 42.471186669000019 ], [ -71.35397902, 42.471470580000016 ], [ -71.353951108, 42.47170022 ], [ -71.354007767999974, 42.471711304 ], [ -71.354078535999975, 42.471764909 ], [ -71.354179069999986, 42.471865461999982 ], [ -71.354311592999977, 42.472021246999986 ], [ -71.354512613, 42.472257684999988 ], [ -71.354695014000015, 42.472476995000022 ], [ -71.354428553999981, 42.472645175000025 ], [ -71.354038178, 42.472900488999983 ], [ -71.353588128000013, 42.473163485999976 ], [ -71.353151573, 42.473372939 ], [ -71.352829566000025, 42.473090486999979 ], [ -71.352507563000017, 42.472808035000014 ] ] ], [ [ [ -71.311070278999978, 42.463409007 ], [ -71.311073562999979, 42.463131044000022 ], [ -71.311076848000027, 42.462853081 ], [ -71.311080130999983, 42.462575116999972 ], [ -71.311083414999985, 42.462297154 ], [ -71.311086698999986, 42.462019191000024 ], [ -71.311089982999988, 42.461741227 ], [ -71.311093266, 42.46146326500002 ], [ -71.311096551, 42.461185302 ], [ -71.311106135999978, 42.460907432999988 ], [ -71.311115722000011, 42.460629566000023 ], [ -71.311125307, 42.460351697000021 ], [ -71.311134891999984, 42.46007383 ], [ -71.311144479, 42.459795961 ], [ -71.311154064, 42.459518092999986 ], [ -71.31116364899998, 42.459240224999974 ], [ -71.311155558, 42.458732500999986 ], [ -71.311154529000021, 42.458667946 ], [ -71.311354814000026, 42.458412499000019 ], [ -71.311555098999975, 42.458157052999979 ], [ -71.311755382, 42.457901604000028 ], [ -71.311950877000015, 42.457643782 ], [ -71.31214637, 42.457385959000021 ], [ -71.312341864000018, 42.457128136999984 ], [ -71.311660030999974, 42.457034597000018 ], [ -71.311557379000021, 42.457020514000021 ], [ -71.311147274, 42.456954027999984 ], [ -71.31061388400002, 42.456867553999984 ], [ -71.310734653, 42.456594413 ], [ -71.310855423000021, 42.456321273000015 ], [ -71.310976191, 42.456048133000024 ], [ -71.311137497, 42.455683216000011 ], [ -71.31129880200001, 42.455318298 ], [ -71.31082214700001, 42.45506922200002 ], [ -71.310377012, 42.454838925 ], [ -71.310316257000011, 42.454807492999976 ], [ -71.310003601, 42.454984079999974 ], [ -71.309503122000024, 42.454863723000017 ], [ -71.309014633, 42.454746245000024 ], [ -71.309019649, 42.454591787000027 ], [ -71.309125887, 42.454608356 ], [ -71.309193511999979, 42.454327396 ], [ -71.308626403, 42.454258838999976 ], [ -71.307919852, 42.454193547999978 ], [ -71.307811671000024, 42.454474144000017 ], [ -71.307703489, 42.45475474 ], [ -71.307515196, 42.455192700999987 ], [ -71.307599061000019, 42.455365627999981 ], [ -71.307377552999981, 42.455685220000021 ], [ -71.30715604, 42.456004812 ], [ -71.306799176000027, 42.456460431999972 ], [ -71.306589325, 42.456727826000019 ], [ -71.306379473, 42.456995221 ], [ -71.306110570999977, 42.457348669999988 ], [ -71.305892175, 42.45757547300002 ], [ -71.305673775, 42.457802276999985 ], [ -71.305455375, 42.458029081 ], [ -71.305043679, 42.457880639 ], [ -71.304631982999979, 42.457732196 ], [ -71.304220292000025, 42.457583751000016 ], [ -71.303808600000025, 42.457435305 ], [ -71.303460685, 42.457304828000019 ], [ -71.303112768, 42.45717435 ], [ -71.30276485600001, 42.45704387 ], [ -71.302416943000026, 42.456913391 ], [ -71.302238118, 42.457196763000013 ], [ -71.302059289, 42.457480136000015 ], [ -71.30188046, 42.457763508000028 ], [ -71.301701627999989, 42.458046879999984 ], [ -71.301522795999972, 42.458330252 ], [ -71.301343961999976, 42.458613624 ], [ -71.300898335, 42.458553411000025 ], [ -71.300452714000016, 42.458493197 ], [ -71.30000709, 42.458432980999987 ], [ -71.299561469000025, 42.458372763999989 ], [ -71.299250297000015, 42.458371141999976 ], [ -71.299161475, 42.457845449999979 ], [ -71.298733685, 42.457886605 ], [ -71.29830589300002, 42.457927757999983 ], [ -71.2978781, 42.457968911000023 ], [ -71.29745030700002, 42.45801006 ], [ -71.297435743, 42.457845524999982 ], [ -71.296824242000014, 42.457859649 ], [ -71.296802905999982, 42.457554668 ], [ -71.296797753000021, 42.457488551999973 ], [ -71.296658955, 42.457489652999982 ], [ -71.296639696, 42.457209840000019 ], [ -71.296620440000027, 42.456930027 ], [ -71.296601183, 42.456650215000025 ], [ -71.296284547000027, 42.456478808999975 ], [ -71.296182789999989, 42.456436516999986 ], [ -71.295953162999979, 42.4563645 ], [ -71.295859145, 42.4563493 ], [ -71.295848987999989, 42.456321856999978 ], [ -71.295821525, 42.456282203 ], [ -71.295184916999972, 42.45624504 ], [ -71.295144314000026, 42.456241404000025 ], [ -71.294971149, 42.456236923 ], [ -71.294826861, 42.456224551999981 ], [ -71.294502153, 42.456065535 ], [ -71.294192647999978, 42.45590782 ], [ -71.293883145999985, 42.455750105 ], [ -71.293573644, 42.455592389 ], [ -71.293264146000013, 42.455434672000024 ], [ -71.292948265, 42.455276360000028 ], [ -71.292632387000026, 42.455118046999985 ], [ -71.292316508999988, 42.45495973300001 ], [ -71.292000636000012, 42.454801417999988 ], [ -71.29168475900002, 42.454643101999977 ], [ -71.291368862000013, 42.454485760000011 ], [ -71.291052966, 42.45432841600001 ], [ -71.290737072000013, 42.454171073 ], [ -71.290158844000018, 42.453891938000027 ], [ -71.289662049000015, 42.454135748 ], [ -71.289587384000015, 42.454311110999981 ], [ -71.289627881, 42.454362694 ], [ -71.289421135999987, 42.45454515199998 ], [ -71.289335490999974, 42.454266576 ], [ -71.289193636, 42.453865711 ], [ -71.289093693999973, 42.453537029000017 ], [ -71.289060118, 42.453446445999987 ], [ -71.288920334000011, 42.453069304999985 ], [ -71.288731934, 42.452575589 ], [ -71.288731918999986, 42.452575556999989 ], [ -71.288475188, 42.452066423000019 ], [ -71.288227967000012, 42.451706421999972 ], [ -71.288012496000022, 42.451437331000022 ], [ -71.287797027000011, 42.451168242 ], [ -71.287526066999988, 42.450861443 ], [ -71.287255110999979, 42.450554646 ], [ -71.286954615000013, 42.450219307 ], [ -71.286886483999979, 42.450143272 ], [ -71.286602986999981, 42.449822843 ], [ -71.286433637000016, 42.449630599999978 ], [ -71.28634297100001, 42.449527677999981 ], [ -71.286059981, 42.44922104699998 ], [ -71.285892629999978, 42.448948671999972 ], [ -71.285723940000025, 42.44867433600001 ], [ -71.28550875000002, 42.448678391999977 ], [ -71.285171982, 42.448681903000022 ], [ -71.284768658000019, 42.448682749 ], [ -71.284979465, 42.448974798999984 ], [ -71.285178928, 42.44924333900002 ], [ -71.284885342, 42.449440563 ], [ -71.284591751999983, 42.449637785 ], [ -71.28410597200002, 42.449635377 ], [ -71.28362019399998, 42.449632968 ], [ -71.283604872000012, 42.449632891000022 ], [ -71.283186200999978, 42.449603382000021 ], [ -71.28276753, 42.44957387300002 ], [ -71.282500288999984, 42.449556072 ], [ -71.282322212999986, 42.44954420900001 ], [ -71.281809984, 42.449500414999989 ], [ -71.281464384, 42.449479876 ], [ -71.281140044999972, 42.44945759 ], [ -71.280835374, 42.449438723000014 ], [ -71.28043724600002, 42.449416434999989 ], [ -71.280078956000011, 42.449386558000015 ], [ -71.279661627, 42.449362087 ], [ -71.279483094, 42.449642415000028 ], [ -71.279304560000014, 42.449922744 ], [ -71.278871718, 42.44981875000002 ], [ -71.278438877999974, 42.449714754000013 ], [ -71.278006039, 42.449610757000016 ], [ -71.277747576000024, 42.449809569000024 ], [ -71.277489112000012, 42.450008382000021 ], [ -71.277380783000012, 42.449695626999983 ], [ -71.276855413000021, 42.449877217 ], [ -71.276769480999974, 42.44989775099998 ], [ -71.276565018999975, 42.44994660499998 ], [ -71.276317033999987, 42.450005859999976 ], [ -71.276070173, 42.450101648999976 ], [ -71.275764152000022, 42.45023013399998 ], [ -71.275373049, 42.450417515000026 ], [ -71.274983414000019, 42.450606536 ], [ -71.274757885999975, 42.450724225999977 ], [ -71.274435998, 42.450734050999984 ], [ -71.274383229000023, 42.450845481999977 ], [ -71.274257584999987, 42.450892824999983 ], [ -71.273754187, 42.450989252999989 ], [ -71.27325079000002, 42.451085678000027 ], [ -71.272937021000018, 42.451280162999979 ], [ -71.272734785000011, 42.451405513999987 ], [ -71.272987764, 42.451677204000021 ], [ -71.273240742999974, 42.451948894 ], [ -71.273494770000013, 42.45222170400001 ], [ -71.273748798999975, 42.452494512999976 ], [ -71.27380186900001, 42.452552532000027 ], [ -71.273339213999975, 42.452828817000011 ], [ -71.27290659099998, 42.453087161999974 ], [ -71.272833424999988, 42.453013527 ], [ -71.272606180000025, 42.452793854999982 ], [ -71.272378936, 42.452574184000014 ], [ -71.272151694, 42.452354512999989 ], [ -71.271924452, 42.452134840999975 ], [ -71.271697212999982, 42.451915169000017 ], [ -71.271362829999987, 42.45210683 ], [ -71.270975152, 42.452115760000027 ], [ -71.270587476, 42.45212468699998 ], [ -71.270199795999986, 42.452133614 ], [ -71.269812119999983, 42.452142539000022 ], [ -71.269424442, 42.452151461000028 ], [ -71.269114651, 42.451869311999985 ], [ -71.268821495999987, 42.451602311999977 ], [ -71.268507168999975, 42.451316023 ], [ -71.268192844, 42.451029732999984 ], [ -71.268123593999974, 42.450966661 ], [ -71.267707657000017, 42.451228343000025 ], [ -71.267562128, 42.451319900999977 ], [ -71.267307389, 42.451114432 ], [ -71.267052649, 42.450908964 ], [ -71.266797913, 42.450703493999981 ], [ -71.266543176000027, 42.450498025 ], [ -71.266288444999986, 42.450292553999986 ], [ -71.266033710999977, 42.450087083000028 ], [ -71.265766558, 42.449860092999984 ], [ -71.265499402999978, 42.449633098999982 ], [ -71.265232253000022, 42.449406106000026 ], [ -71.264965104, 42.449179113000014 ], [ -71.26469795600002, 42.448952119000012 ], [ -71.264430724000022, 42.448724577 ], [ -71.264251102, 42.448967204999974 ], [ -71.264071391000016, 42.449209285999984 ], [ -71.263891679999972, 42.449451367999984 ], [ -71.263711967, 42.449693448 ], [ -71.263532253, 42.449935529000015 ], [ -71.263352536000014, 42.450177608 ], [ -71.263172818999976, 42.450419688000011 ], [ -71.262970365, 42.450693204 ], [ -71.26276790999998, 42.450966719 ], [ -71.262565452999979, 42.451240234000011 ], [ -71.262362995999979, 42.451513749000014 ], [ -71.262160533999975, 42.451787263000028 ], [ -71.26181499, 42.452238728999987 ], [ -71.261447639999972, 42.452155498000025 ], [ -71.261508820000017, 42.451857529999984 ], [ -71.261569999000017, 42.451559563999979 ], [ -71.261631178000016, 42.451261596999984 ], [ -71.261692356000026, 42.450963632000025 ], [ -71.261759573, 42.45062576700002 ], [ -71.261826790999976, 42.450287904999982 ], [ -71.261894008000013, 42.449950039999976 ], [ -71.261961223000014, 42.449612177 ], [ -71.262031128999979, 42.449559930000021 ], [ -71.262064832000021, 42.449534739 ], [ -71.261887304000027, 42.449206942999979 ], [ -71.261737739000012, 42.449123024000016 ], [ -71.261518046999981, 42.449207295 ], [ -71.261229879999973, 42.449317833 ], [ -71.26093749, 42.44942998800002 ], [ -71.260816100999989, 42.449478071999977 ], [ -71.260203269999977, 42.449732566000023 ], [ -71.259614883999973, 42.449935258999972 ], [ -71.259477069000013, 42.449964640000019 ], [ -71.259327204999977, 42.449965986 ], [ -71.259275558000013, 42.449960298 ], [ -71.259053283000014, 42.449919634000025 ], [ -71.258906707, 42.449884245000021 ], [ -71.258721748000028, 42.449835699 ], [ -71.258349432999978, 42.449736565000023 ], [ -71.258177573000012, 42.449707601999989 ], [ -71.257904511999982, 42.449661583000022 ], [ -71.257775869, 42.449639903 ], [ -71.257430769999985, 42.449535868999988 ], [ -71.257338404, 42.449508025 ], [ -71.257269104999978, 42.44947670099998 ], [ -71.257181381, 42.449437046000014 ], [ -71.256812319, 42.449212333999981 ], [ -71.256777505, 42.449112002999982 ], [ -71.256723394, 42.448956061 ], [ -71.256214285999988, 42.449036701000011 ], [ -71.256182965999983, 42.449041662000013 ], [ -71.256117356, 42.448697911000011 ], [ -71.256116836, 42.448589613000024 ], [ -71.256115863, 42.448386603000017 ], [ -71.256151774999978, 42.448133386999984 ], [ -71.256261102, 42.447820176 ], [ -71.256300968, 42.447758824 ], [ -71.256391447999988, 42.447619579 ], [ -71.256415134, 42.447583129 ], [ -71.256394613, 42.447573526999975 ], [ -71.256246964000013, 42.447504439 ], [ -71.256179993999979, 42.447473103 ], [ -71.256219482, 42.447037888000011 ], [ -71.256277042000022, 42.446911273000012 ], [ -71.256444169000019, 42.446591300000023 ], [ -71.256571864000023, 42.44624604 ], [ -71.25669955799998, 42.445900779 ], [ -71.256827249000025, 42.445555518999981 ], [ -71.257200548000014, 42.445607175000021 ], [ -71.257573848999982, 42.445658830000013 ], [ -71.257947149000017, 42.445710483000028 ], [ -71.258390836999979, 42.445769881999979 ], [ -71.258834525, 42.445829281999977 ], [ -71.258865823, 42.445823081000015 ], [ -71.258887196999979, 42.445818845000019 ], [ -71.258965397999987, 42.445803352999974 ], [ -71.259102031999987, 42.445809172999986 ], [ -71.259322103999978, 42.445822862 ], [ -71.259871576000023, 42.445903930999975 ], [ -71.260002187, 42.445915656000011 ], [ -71.260543826, 42.445962592 ], [ -71.261100162, 42.446029779000014 ], [ -71.26125628, 42.446137766999982 ], [ -71.261376572000017, 42.446145646 ], [ -71.261387631, 42.446245122 ], [ -71.261393044999977, 42.446293828000023 ], [ -71.261693520999984, 42.446279625999978 ], [ -71.261969712, 42.446243510999977 ], [ -71.262244378, 42.446221606999984 ], [ -71.262455734000014, 42.44614929 ], [ -71.262663568999983, 42.446026669999981 ], [ -71.262971271000026, 42.445839724999985 ], [ -71.26314419900001, 42.44581043 ], [ -71.263347942, 42.445775912999977 ], [ -71.263918155, 42.445667625 ], [ -71.264332432, 42.445724149 ], [ -71.264746711999976, 42.445780671000023 ], [ -71.264762397000027, 42.445784374000027 ], [ -71.265211889, 42.44589047300002 ], [ -71.265661383, 42.445996572000013 ], [ -71.266115819, 42.44610284800001 ], [ -71.266506919999983, 42.446194172 ], [ -71.266898022000021, 42.446285495999973 ], [ -71.267289124, 42.446376816 ], [ -71.267695044, 42.446470671999975 ], [ -71.268100963, 42.446564523 ], [ -71.268535195000027, 42.446662318999984 ], [ -71.268991632999985, 42.446725941000011 ], [ -71.269414171999983, 42.446779726999978 ], [ -71.269836715999986, 42.446833513 ], [ -71.27025925800001, 42.44688729500001 ], [ -71.270569572, 42.446723661000021 ], [ -71.27087988400001, 42.446560025999986 ], [ -71.27119019600002, 42.446396388999972 ], [ -71.271597169000017, 42.446659521000015 ], [ -71.272004148, 42.446922651000023 ], [ -71.272435911, 42.446941455 ], [ -71.272867674, 42.446960258 ], [ -71.273299436, 42.446979058000011 ], [ -71.273707335999973, 42.446996357999978 ], [ -71.274115237, 42.447013656000024 ], [ -71.274523138, 42.447030953000024 ], [ -71.274963475, 42.447061788999974 ], [ -71.275403813000025, 42.447092624 ], [ -71.275844150000012, 42.447123456999975 ], [ -71.276370408999981, 42.447154512999987 ], [ -71.276896669, 42.44718556700002 ], [ -71.276939223, 42.447188078000011 ], [ -71.277018468, 42.446877554000025 ], [ -71.277151376, 42.446892731999981 ], [ -71.277288769, 42.44690816100001 ], [ -71.277424892999989, 42.446920537999972 ], [ -71.27783338, 42.446911403 ], [ -71.278241869, 42.446902266 ], [ -71.278650357, 42.446893128999989 ], [ -71.279058845, 42.446883989000014 ], [ -71.279467335, 42.446874848999983 ], [ -71.27964289800002, 42.446627283999987 ], [ -71.279818461, 42.446379719999982 ], [ -71.279994022999972, 42.446132154 ], [ -71.280169582999974, 42.445884589 ], [ -71.280760849999979, 42.446006099999977 ], [ -71.281406291999986, 42.446154334000028 ], [ -71.282098297, 42.44631211799998 ], [ -71.282588707, 42.446423601999982 ], [ -71.28297382400001, 42.446511558999987 ], [ -71.283358942, 42.446599516999981 ], [ -71.283731010999986, 42.446711517999972 ], [ -71.284105249999982, 42.446832551 ], [ -71.284454278999988, 42.446945995000021 ], [ -71.284803307, 42.447059437 ], [ -71.285245154999984, 42.44720283700002 ], [ -71.28568700400001, 42.447346234 ], [ -71.286121244000014, 42.447486073999983 ], [ -71.286555486, 42.447625914000014 ], [ -71.286914546999981, 42.447741541000028 ], [ -71.287299996, 42.44786532 ], [ -71.287685448, 42.447989097 ], [ -71.288160989, 42.448142663999988 ], [ -71.288455582999973, 42.448240081999984 ], [ -71.289107976000025, 42.448455814999988 ], [ -71.289455893000024, 42.44856282 ], [ -71.289803808999977, 42.448669823999978 ], [ -71.290151728000012, 42.448776828 ], [ -71.290195875, 42.448932461000027 ], [ -71.290093624, 42.449074452 ], [ -71.290223707, 42.449113813999986 ], [ -71.290671310999983, 42.449249248 ], [ -71.291118918999985, 42.449384681000026 ], [ -71.291263883999989, 42.449124843999982 ], [ -71.291408846000024, 42.448865008999974 ], [ -71.291553807000014, 42.448605171999986 ], [ -71.291947893999975, 42.448719239000013 ], [ -71.292341981999982, 42.448833305 ], [ -71.292736072000025, 42.448947369 ], [ -71.293189437000024, 42.449088352 ], [ -71.293642805, 42.449229335999974 ], [ -71.293645051, 42.449310529 ], [ -71.293711138, 42.449257279 ], [ -71.293776622, 42.449266619000014 ], [ -71.293863504, 42.449317816000018 ], [ -71.293979477999983, 42.449386157 ], [ -71.294332994, 42.449594471000012 ], [ -71.294686511, 42.449802784999974 ], [ -71.295066685999984, 42.450032752000027 ], [ -71.295446863, 42.450262717999976 ], [ -71.295827046, 42.450492682 ], [ -71.296258073, 42.450439172000017 ], [ -71.296689099, 42.450385660999984 ], [ -71.297120125, 42.450332146 ], [ -71.297551149000014, 42.450278631 ], [ -71.297982175000016, 42.450225115000023 ], [ -71.298357993000025, 42.450178451999989 ], [ -71.298733812000023, 42.450131785 ], [ -71.299109629999975, 42.450085120999972 ], [ -71.299555993000013, 42.450301346 ], [ -71.300002357999972, 42.450517568 ], [ -71.300058843999977, 42.450544931000024 ], [ -71.300027005, 42.450590348 ], [ -71.30038378, 42.450810000999979 ], [ -71.300740557999973, 42.451029652999978 ], [ -71.300835072999973, 42.450869008999973 ], [ -71.300983588, 42.450925711000025 ], [ -71.301464424000017, 42.451109294999981 ], [ -71.301945263999983, 42.451292876000025 ], [ -71.302018823000026, 42.451170064999985 ], [ -71.302369619999979, 42.451262656999972 ], [ -71.302720416999989, 42.451355248000027 ], [ -71.303071214, 42.451447837999979 ], [ -71.303422015000024, 42.451540427 ], [ -71.303371592000019, 42.451632556999982 ], [ -71.303837982, 42.451643923 ], [ -71.304304372999979, 42.451655286 ], [ -71.303989785999988, 42.450871448999976 ], [ -71.304721512000015, 42.45039427 ], [ -71.305657092, 42.450833537 ], [ -71.305905694999979, 42.450640551999982 ], [ -71.306572757000026, 42.450896789000012 ], [ -71.306731652, 42.450754997999979 ], [ -71.307223135000015, 42.450793728 ], [ -71.307714621, 42.450832454000022 ], [ -71.308267227999977, 42.450900429 ], [ -71.308654257, 42.450942713000018 ], [ -71.309041286000024, 42.450984995999988 ], [ -71.309085689000028, 42.451064028000019 ], [ -71.309130856000024, 42.451091030999976 ], [ -71.309448256, 42.451280794000013 ], [ -71.309774591, 42.451475893 ], [ -71.309953703000019, 42.451582975 ], [ -71.310083064000025, 42.45166031399998 ], [ -71.31005984799998, 42.451714128 ], [ -71.310043212999972, 42.451752684999974 ], [ -71.310150664, 42.451773775999982 ], [ -71.310296439000012, 42.451802390000012 ], [ -71.310561784000015, 42.45185447199998 ], [ -71.310972903999982, 42.451935166 ], [ -71.311384026999974, 42.452015860000017 ], [ -71.311655954, 42.45222155 ], [ -71.31192788200002, 42.452427241 ], [ -71.312199811000028, 42.452632930999982 ], [ -71.312353975, 42.452749540000013 ], [ -71.312754885, 42.452652660000012 ], [ -71.312956257, 42.453144246000022 ], [ -71.313029411, 42.453283124999984 ], [ -71.313093193999975, 42.453370193000012 ], [ -71.31323194700002, 42.453448981 ], [ -71.31332401100002, 42.453460268000015 ], [ -71.313486125999987, 42.453480141999989 ], [ -71.3137302, 42.453532541000015 ], [ -71.313847758, 42.453633919000026 ], [ -71.314026160000026, 42.453844909999987 ], [ -71.314144774, 42.45390426 ], [ -71.314385892000018, 42.453974695 ], [ -71.314504199999988, 42.454004939000015 ], [ -71.314678056999981, 42.454006601 ], [ -71.31478863000001, 42.453998327000022 ], [ -71.315156097, 42.453511155 ], [ -71.315824095999972, 42.452818026999978 ], [ -71.315977767999982, 42.452671889999976 ], [ -71.316117994000024, 42.452777710000021 ], [ -71.316458254999986, 42.452984889 ], [ -71.316558236999981, 42.453045755 ], [ -71.316879600999982, 42.453242933000013 ], [ -71.317482516999974, 42.45362163599998 ], [ -71.318241289000014, 42.454104012000016 ], [ -71.318455078999989, 42.454238697 ], [ -71.318935074000024, 42.454508149999981 ], [ -71.319182593, 42.454656477000015 ], [ -71.319385232, 42.454783932 ], [ -71.319777595, 42.455019864 ], [ -71.319894428, 42.454799009 ], [ -71.320057121, 42.454856808999978 ], [ -71.320540560999973, 42.45498914 ], [ -71.321024002, 42.45512147 ], [ -71.321533455, 42.455282419000014 ], [ -71.322042910999983, 42.455443365 ], [ -71.322316973999989, 42.455525677000026 ], [ -71.322721248999983, 42.455647096 ], [ -71.323125526000013, 42.455768514 ], [ -71.32347586100002, 42.455888411999979 ], [ -71.323826199, 42.456008312 ], [ -71.323866018, 42.455476659999988 ], [ -71.324316829999987, 42.45535399900001 ], [ -71.324399643999982, 42.455334470000025 ], [ -71.32447126400001, 42.455350362 ], [ -71.324549876999981, 42.455372809999972 ], [ -71.324639624999975, 42.455385453000019 ], [ -71.324727445, 42.455411559000027 ], [ -71.324767356, 42.455461399 ], [ -71.324778677999973, 42.455506996 ], [ -71.324799833999975, 42.455558169000028 ], [ -71.324805231000028, 42.455599830999972 ], [ -71.324809050999988, 42.455639901999973 ], [ -71.324813327000015, 42.455674269999975 ], [ -71.32482603, 42.455750536999972 ], [ -71.324848739, 42.455785816 ], [ -71.324877456000024, 42.455816895 ], [ -71.324913249000019, 42.455846394 ], [ -71.324940433999984, 42.455856665 ], [ -71.324984481, 42.45586626 ], [ -71.325031556, 42.455876091 ], [ -71.325090191000015, 42.455883224 ], [ -71.325124787999982, 42.455883269000026 ], [ -71.325176840999973, 42.455897360999984 ], [ -71.325241478, 42.455930588 ], [ -71.325376436, 42.456049274 ], [ -71.325530089999972, 42.456192246 ], [ -71.325716135, 42.456307862000017 ], [ -71.325976474000015, 42.456539142 ], [ -71.326108372000022, 42.456647737000026 ], [ -71.326168355999982, 42.456697123000026 ], [ -71.326430841, 42.456957530000011 ], [ -71.326667139, 42.457181806 ], [ -71.32687926, 42.45738479 ], [ -71.326936723000017, 42.457765650999988 ], [ -71.326977526, 42.458226481999986 ], [ -71.327034380999976, 42.458653203999972 ], [ -71.327082398000016, 42.45902451500001 ], [ -71.327101405, 42.459176942999989 ], [ -71.327124124000022, 42.459359166000013 ], [ -71.326716771, 42.459325229 ], [ -71.326317625, 42.459320893999973 ], [ -71.325968994, 42.45934013599998 ], [ -71.325694782000028, 42.459369617999982 ], [ -71.325736241000016, 42.459789264 ], [ -71.325774874999979, 42.460239538 ], [ -71.325695955000015, 42.460513925999976 ], [ -71.325616873, 42.460786454000015 ], [ -71.325505142, 42.46102072399998 ], [ -71.325330829, 42.461367396000014 ], [ -71.325305737, 42.461394360999975 ], [ -71.325020732999974, 42.461700619999988 ], [ -71.324624302000018, 42.461472414000013 ], [ -71.324227873999973, 42.461244207999982 ], [ -71.323737118, 42.461015809 ], [ -71.323282168999981, 42.460882864999974 ], [ -71.32315140999998, 42.460844654000027 ], [ -71.322816355999976, 42.460746744 ], [ -71.322361111000021, 42.460657587000014 ], [ -71.321905867999988, 42.460568427 ], [ -71.321307804000014, 42.460466527 ], [ -71.321291497, 42.460579224000014 ], [ -71.320969875, 42.460826586999985 ], [ -71.320648252000012, 42.461073949000024 ], [ -71.320113253999978, 42.461448238 ], [ -71.319659030000025, 42.461603184000012 ], [ -71.31920827, 42.461708083000019 ], [ -71.318757510000012, 42.461812983000016 ], [ -71.318465521, 42.462058461000026 ], [ -71.318173528999978, 42.462303937 ], [ -71.317846090999979, 42.462559043 ], [ -71.317518647999975, 42.462814149 ], [ -71.317189014, 42.463073448999978 ], [ -71.316859376000025, 42.463332748000028 ], [ -71.316529737, 42.463592044999984 ], [ -71.316150401000016, 42.463577430999976 ], [ -71.315771066000025, 42.463562814999989 ], [ -71.315391730999977, 42.463548198000012 ], [ -71.315012395999986, 42.463533579999989 ], [ -71.314633061, 42.463518959 ], [ -71.314253726, 42.463504339999986 ], [ -71.313874392, 42.463489717000016 ], [ -71.313558864000015, 42.46333178499998 ], [ -71.313243337000017, 42.463173852000011 ], [ -71.312659411000027, 42.463228934000028 ], [ -71.312564582, 42.463573763 ], [ -71.312469750999981, 42.463918590999981 ], [ -71.312374918999978, 42.464263417999973 ], [ -71.311936754999977, 42.464256579999983 ], [ -71.311498590999975, 42.464249739000024 ], [ -71.311060425999983, 42.464242895999973 ], [ -71.311063710999974, 42.463964933 ], [ -71.311066993999987, 42.463686971000016 ], [ -71.311070278999978, 42.463409007 ] ], [ [ -71.306064338999988, 42.451389092999989 ], [ -71.306027433, 42.451425328000028 ], [ -71.305766343000016, 42.45168111800001 ], [ -71.305505252999978, 42.451936908 ], [ -71.305351335000012, 42.451906007 ], [ -71.305164429, 42.451668112 ], [ -71.30512898500001, 42.451673072 ], [ -71.304953145000013, 42.451697675 ], [ -71.304777605000027, 42.451635807 ], [ -71.304650865999974, 42.451518107000027 ], [ -71.304416602, 42.450973959 ], [ -71.304748003999975, 42.450740399999972 ], [ -71.306064338999988, 42.451389092999989 ] ] ] ] } }
]
}
