{
"type": "FeatureCollection",
"name": "keuka_lake_outline",
"crs": { "type": "name", "properties": { "name": "urn:ogc:def:crs:EPSG::4269" } },
"features": [
{ "type": "Feature", "properties": { "permanent_": "87964828", "fdate": "2015-09-17", "resolution": 2, "gnis_id": "00954572", "gnis_name": "Keuka Lake", "areasqkm": 47.21377641, "elevation": 217.6, "reachcode": "04140201003866", "ftype": 390, "fcode": 39009, "visibility": 5000000, "SHAPE_Leng": null, "SHAPE_Area": null, "ObjectID": 88255 }, "geometry": { "type": "MultiPolygon", "coordinates": [ [ [ [ -77.217854694749576, 42.405920271677417 ], [ -77.217857117666256, 42.40600144771895 ], [ -77.217866923916233, 42.406329935218423 ], [ -77.217762017666359, 42.406417356051634 ], [ -77.217607492666616, 42.406568242509707 ], [ -77.217509262458464, 42.406670111259587 ], [ -77.217475562458503, 42.406964992509131 ], [ -77.217601939541623, 42.407293573758579 ], [ -77.218048473915928, 42.407571603966517 ], [ -77.218326504123809, 42.407799084174485 ], [ -77.218427606207001, 42.407967587299197 ], [ -77.218601590581727, 42.408146867507298 ], [ -77.218571990581779, 42.408218200840508 ], [ -77.218542390581831, 42.408344400840292 ], [ -77.218527790581845, 42.408476200840084 ], [ -77.218505590581913, 42.408498067506741 ], [ -77.218498123915253, 42.408531067506658 ], [ -77.218387190582064, 42.408701200839744 ], [ -77.218350123915457, 42.408745067506345 ], [ -77.21831312391555, 42.408778067506319 ], [ -77.218290923915561, 42.408849400839529 ], [ -77.218261390582256, 42.408865867506165 ], [ -77.218253990582298, 42.408931800839412 ], [ -77.218261523915601, 42.409112800839125 ], [ -77.21828372391559, 42.409145667505697 ], [ -77.218313390582182, 42.40933226750542 ], [ -77.218335723915516, 42.409348667505412 ], [ -77.21835052391549, 42.40940366750533 ], [ -77.218387523915396, 42.40945846750526 ], [ -77.218446790581993, 42.409595667505016 ], [ -77.218476523915285, 42.409656067504955 ], [ -77.21846919058197, 42.409716400838192 ], [ -77.218446923915337, 42.409782267504738 ], [ -77.218424790581992, 42.409798667504731 ], [ -77.218409923915374, 42.409831667504648 ], [ -77.218387723915384, 42.409853667504649 ], [ -77.218350790582122, 42.409946867504459 ], [ -77.218343390582163, 42.410078667504251 ], [ -77.218343390582163, 42.410172000837463 ], [ -77.218373190582099, 42.410188400837455 ], [ -77.218380590582058, 42.41026520083733 ], [ -77.218410190582063, 42.410281667503966 ], [ -77.218417590582021, 42.410336600837184 ], [ -77.218454590581985, 42.410385867503805 ], [ -77.218454723915329, 42.410418867503722 ], [ -77.218484323915277, 42.410435267503715 ], [ -77.218550990581832, 42.410599867503493 ], [ -77.218588123915083, 42.410715200836592 ], [ -77.218602990581758, 42.410808467503159 ], [ -77.21863272391505, 42.41083040083646 ], [ -77.218640123915009, 42.410885267503033 ], [ -77.218662390581642, 42.410918200836306 ], [ -77.218662390581642, 42.411022467502789 ], [ -77.218640123915009, 42.411077400836064 ], [ -77.218543923915149, 42.411181600835903 ], [ -77.21854399058185, 42.411187067502567 ], [ -77.218233123915638, 42.411384800835606 ], [ -77.218173723915754, 42.411412200835514 ], [ -77.218033123915973, 42.411494600835397 ], [ -77.218010923915983, 42.411544000835306 ], [ -77.218025723915957, 42.411576867501935 ], [ -77.218062790582565, 42.4116042675019 ], [ -77.218210923915706, 42.411626267501845 ], [ -77.218292390582235, 42.411686600835139 ], [ -77.218307323915553, 42.411736000835049 ], [ -77.218329523915486, 42.411752400834985 ], [ -77.21834439058216, 42.411818267501587 ], [ -77.21834432391546, 42.41185120083486 ], [ -77.218329523915486, 42.41190060083477 ], [ -77.218218523915652, 42.411999400834645 ], [ -77.218144590582426, 42.412087200834492 ], [ -77.218085323915886, 42.412158600834402 ], [ -77.218011323916016, 42.412219000834284 ], [ -77.217885523916209, 42.41229026750085 ], [ -77.217840990582943, 42.412306867500831 ], [ -77.217759590583057, 42.412356267500741 ], [ -77.217618923916575, 42.412416600833978 ], [ -77.217270923917113, 42.412647200833646 ], [ -77.217204323917258, 42.412652800833598 ], [ -77.217122790584028, 42.412636267500318 ], [ -77.217056190584117, 42.412597867500381 ], [ -77.21701912391751, 42.412597867500381 ], [ -77.216989390584217, 42.412614400833661 ], [ -77.216922790584363, 42.412680267500264 ], [ -77.216907990584389, 42.412718667500201 ], [ -77.216885923917744, 42.412746200833453 ], [ -77.216848790584436, 42.412773467500074 ], [ -77.216745190584618, 42.412828467499992 ], [ -77.216663723918089, 42.412938200833196 ], [ -77.216597123918177, 42.413004200833086 ], [ -77.216486123918344, 42.413092000832933 ], [ -77.216278723918663, 42.413229267499389 ], [ -77.216234390585441, 42.413245667499382 ], [ -77.216012190585786, 42.413366467499145 ], [ -77.215886390585979, 42.413437867499056 ], [ -77.21585672391933, 42.413454400832393 ], [ -77.215686390586256, 42.413547667498904 ], [ -77.215294123920216, 42.413811200831788 ], [ -77.215116390587127, 42.413921000831635 ], [ -77.21500532392065, 42.413976000831553 ], [ -77.214953390587425, 42.413981467498218 ], [ -77.214894323920817, 42.414008867498183 ], [ -77.214842390587592, 42.414019867498155 ], [ -77.214783190587696, 42.41404726749812 ], [ -77.214694323921151, 42.4140638008314 ], [ -77.214538723921407, 42.41411866749803 ], [ -77.214486990588114, 42.414157200831255 ], [ -77.214464723921481, 42.41418460083122 ], [ -77.214449990588207, 42.414217467497849 ], [ -77.214412990588244, 42.414266867497759 ], [ -77.21439819058827, 42.414299800831031 ], [ -77.214338923921673, 42.414376667497606 ], [ -77.21430199058841, 42.414404200830916 ], [ -77.214116790588719, 42.414492000830762 ], [ -77.214064990588781, 42.414508467497399 ], [ -77.213857723922445, 42.414563400830673 ], [ -77.213724323922634, 42.414618267497247 ], [ -77.213679923922712, 42.414640200830547 ], [ -77.213546590589601, 42.414755600830347 ], [ -77.213509723922982, 42.414805000830256 ], [ -77.213480123923034, 42.414870867496859 ], [ -77.213435723923112, 42.415013467496635 ], [ -77.21338379058983, 42.415068400829853 ], [ -77.213361723923185, 42.415084867496489 ], [ -77.213324590589934, 42.415101267496482 ], [ -77.213272790589997, 42.415112267496454 ], [ -77.213213523923457, 42.415128800829791 ], [ -77.213043190590383, 42.415183800829709 ], [ -77.212791523924068, 42.415255067496219 ], [ -77.212754390590817, 42.41527706749622 ], [ -77.212680390590947, 42.4152936008295 ], [ -77.212510123924517, 42.415365000829411 ], [ -77.212310123924851, 42.415387000829355 ], [ -77.212250923924955, 42.415441867495929 ], [ -77.21224352392494, 42.415452800829257 ], [ -77.212236123924981, 42.415513200829196 ], [ -77.212213923924992, 42.415529667495832 ], [ -77.212184390591688, 42.415727267495527 ], [ -77.21214732392508, 42.415831467495366 ], [ -77.212110390591818, 42.415897400828555 ], [ -77.212036323925247, 42.415957800828494 ], [ -77.211962323925377, 42.416007200828403 ], [ -77.211799390592319, 42.416067467494997 ], [ -77.211695590592456, 42.416117000828251 ], [ -77.211643923925863, 42.41616640082816 ], [ -77.211569923925992, 42.416287067494636 ], [ -77.211518123926055, 42.416331067494582 ], [ -77.211473590592789, 42.416369467494519 ], [ -77.211384723926301, 42.416424400827736 ], [ -77.211184790593279, 42.416468267494338 ], [ -77.211103390593394, 42.416506667494275 ], [ -77.210977523926886, 42.416567200827558 ], [ -77.210888590593697, 42.416622000827431 ], [ -77.21070352392735, 42.416759267493887 ], [ -77.210533190594276, 42.416918467493645 ], [ -77.210392590594495, 42.417066600826786 ], [ -77.210348123927872, 42.417105067493367 ], [ -77.210014790595096, 42.417280800826404 ], [ -77.209874190595315, 42.41737960082628 ], [ -77.209777990595455, 42.417500267492755 ], [ -77.209740990595492, 42.417549667492665 ], [ -77.209689123928911, 42.417588200825946 ], [ -77.209652123928947, 42.417610200825891 ], [ -77.209466990595899, 42.417637600825856 ], [ -77.209244790596244, 42.417637667492556 ], [ -77.209207723929637, 42.417654067492492 ], [ -77.209163323929715, 42.417687067492466 ], [ -77.209007790596615, 42.417928600825405 ], [ -77.208948723930064, 42.417988867491999 ], [ -77.208859790596875, 42.418093200825183 ], [ -77.208711723930435, 42.41825240082494 ], [ -77.208593190597298, 42.418356667491423 ], [ -77.208304523931076, 42.418548867491154 ], [ -77.208208323931217, 42.4186366008243 ], [ -77.208156390597935, 42.418697067490882 ], [ -77.207993390598233, 42.418817800824058 ], [ -77.207911990598348, 42.418867200823968 ], [ -77.207837990598478, 42.418883667490604 ], [ -77.207697190598651, 42.418883667490604 ], [ -77.207615790598823, 42.418911200823914 ], [ -77.207512123932304, 42.418966000823787 ], [ -77.207430590599074, 42.419037400823697 ], [ -77.207400990599126, 42.419086800823607 ], [ -77.207378790599137, 42.419103267490243 ], [ -77.207364123932507, 42.419136200823573 ], [ -77.207304790599267, 42.419218600823399 ], [ -77.207089990599627, 42.419410667489785 ], [ -77.2070159905997, 42.41948746748966 ], [ -77.206897590599908, 42.419586267489535 ], [ -77.206749523933468, 42.419674200822726 ], [ -77.206675390600253, 42.419701600822691 ], [ -77.20663839060029, 42.419723600822635 ], [ -77.206512523933839, 42.4197510008226 ], [ -77.206327323934147, 42.419805867489174 ], [ -77.206290190600839, 42.419822400822511 ], [ -77.206238390600959, 42.419833400822483 ], [ -77.206142190601099, 42.419877267489085 ], [ -77.206045790601252, 42.419965200822276 ], [ -77.206031123934565, 42.420003467488868 ], [ -77.205971923934669, 42.420102400822032 ], [ -77.20590519060147, 42.420168200821934 ], [ -77.205749723935014, 42.420239600821844 ], [ -77.205719990601722, 42.420261467488444 ], [ -77.205638590601836, 42.420343867488327 ], [ -77.205623790601862, 42.420365800821628 ], [ -77.20560159060193, 42.420387800821629 ], [ -77.205571990601982, 42.420470067488168 ], [ -77.205557323935295, 42.420503000821441 ], [ -77.205549790601992, 42.420530400821406 ], [ -77.205520190602044, 42.42055240082135 ], [ -77.205520190602044, 42.420579867487959 ], [ -77.205483190602081, 42.420612800821232 ], [ -77.205475790602122, 42.420640267487897 ], [ -77.205446123935474, 42.420667667487862 ], [ -77.205423990602185, 42.420733600821052 ], [ -77.205364723935645, 42.420799400820954 ], [ -77.20533512393564, 42.42081586748759 ], [ -77.205186990602556, 42.420898267487473 ], [ -77.20510559060267, 42.420914667487466 ], [ -77.205001923936209, 42.420969600820683 ], [ -77.204942590602968, 42.42104086748725 ], [ -77.204942590602968, 42.421095867487168 ], [ -77.204905723936349, 42.42116166748707 ], [ -77.204883390603015, 42.421194600820343 ], [ -77.204727923936616, 42.421315400820163 ], [ -77.204572390603516, 42.421408667486673 ], [ -77.204542790603568, 42.421419667486646 ], [ -77.204505723936961, 42.421436067486638 ], [ -77.204409523937102, 42.421452667486619 ], [ -77.204209390604092, 42.421452600819975 ], [ -77.204076190604269, 42.421469200819899 ], [ -77.203987190604437, 42.421507600819893 ], [ -77.203853990604614, 42.421579000819747 ], [ -77.203690990604912, 42.421688667486251 ], [ -77.203616990604985, 42.421771000819433 ], [ -77.203616990604985, 42.422018067485737 ], [ -77.203572590605063, 42.422188067485479 ], [ -77.203542990605115, 42.422237600818733 ], [ -77.203431923938638, 42.422380200818509 ], [ -77.203320990605448, 42.422473600818364 ], [ -77.203283790605497, 42.422517467484965 ], [ -77.203083923939175, 42.422649200818114 ], [ -77.202935790606034, 42.42273160081794 ], [ -77.202787723939593, 42.422857800817781 ], [ -77.202743323939671, 42.422923667484326 ], [ -77.202639590606509, 42.42302800081751 ], [ -77.202595190606587, 42.423066400817447 ], [ -77.202506323940042, 42.423110200817405 ], [ -77.20248412394011, 42.423121267484021 ], [ -77.202365590606917, 42.423181667483959 ], [ -77.202321123940351, 42.423220067483896 ], [ -77.202284123940387, 42.423269467483806 ], [ -77.202246990607136, 42.423302400817079 ], [ -77.202158190607292, 42.423456067483528 ], [ -77.202135990607303, 42.423489000816801 ], [ -77.202121190607329, 42.423516400816766 ], [ -77.202032390607485, 42.423620667483249 ], [ -77.20194352394094, 42.423697600816467 ], [ -77.201750923941233, 42.42381286748298 ], [ -77.201699123941296, 42.42383480081628 ], [ -77.201639790608056, 42.423851267482917 ], [ -77.201602790608149, 42.423867800816197 ], [ -77.201491723941615, 42.423944600816071 ], [ -77.201402790608427, 42.424027000815954 ], [ -77.20119552394209, 42.424295867482215 ], [ -77.200995523942424, 42.424444067482 ], [ -77.200899323942565, 42.424570267481784 ], [ -77.20067712394291, 42.424707467481539 ], [ -77.200640123942947, 42.424734867481504 ], [ -77.200514190609795, 42.424899600814626 ], [ -77.200454990609899, 42.424970867481136 ], [ -77.20015872394373, 42.425212467480776 ], [ -77.199958723944007, 42.425327667480587 ], [ -77.199877323944122, 42.425366200813869 ], [ -77.199743923944368, 42.42543760081378 ], [ -77.199706923944404, 42.425465000813745 ], [ -77.199662523944482, 42.425508867480346 ], [ -77.199647723944508, 42.425547267480283 ], [ -77.19963279061119, 42.425563800813563 ], [ -77.199595923944571, 42.425646067480102 ], [ -77.199536523944687, 42.425723000813321 ], [ -77.199499590611367, 42.425750400813286 ], [ -77.199484790611393, 42.425783267479915 ], [ -77.199395923944905, 42.425937000813008 ], [ -77.199336590611665, 42.425991800812881 ], [ -77.199314390611676, 42.426041200812847 ], [ -77.199284790611728, 42.426129067479337 ], [ -77.199247923945109, 42.426178400812603 ], [ -77.199025723945454, 42.426359467479017 ], [ -77.198914590612276, 42.426359600812361 ], [ -77.198744123945914, 42.426376067478998 ], [ -77.198618323946107, 42.426419867478899 ], [ -77.198581190612799, 42.426447400812208 ], [ -77.198544190612893, 42.426502267478782 ], [ -77.198521923946259, 42.426529800812091 ], [ -77.198507190612929, 42.426623067478602 ], [ -77.198470123946322, 42.426688867478504 ], [ -77.1984257239464, 42.426721800811777 ], [ -77.198359123946489, 42.426798600811651 ], [ -77.198321990613238, 42.426831600811624 ], [ -77.198299723946604, 42.426881000811534 ], [ -77.198188723946771, 42.426996267477989 ], [ -77.198077590613593, 42.427144467477774 ], [ -77.19804812394699, 42.427199267477704 ], [ -77.198010923947038, 42.427232267477621 ], [ -77.197877723947215, 42.427391400810734 ], [ -77.197803590614001, 42.427468200810608 ], [ -77.197507323947832, 42.42775366747685 ], [ -77.197440590614576, 42.427797600810095 ], [ -77.197181390615015, 42.427945667476536 ], [ -77.197136990615036, 42.427962267476516 ], [ -77.197062923948522, 42.427984200809817 ], [ -77.197033323948574, 42.42800060080981 ], [ -77.196885190615433, 42.428039067476391 ], [ -77.196840790615511, 42.428055600809728 ], [ -77.196618390615868, 42.428170867476183 ], [ -77.196322190616343, 42.428373867475898 ], [ -77.196196323949835, 42.428428800809115 ], [ -77.19612219061662, 42.428456267475724 ], [ -77.19606292395008, 42.428467267475753 ], [ -77.195862923950358, 42.428434400809124 ], [ -77.195825923950451, 42.428445267475752 ], [ -77.195766723950499, 42.428483667475689 ], [ -77.19575932395054, 42.428494667475661 ], [ -77.195766723950499, 42.428593467475537 ], [ -77.195811123950477, 42.428653800808775 ], [ -77.19587792395032, 42.42871966747532 ], [ -77.195914790616939, 42.428747067475285 ], [ -77.195996323950169, 42.42884046747514 ], [ -77.196011190616787, 42.428862400808441 ], [ -77.196033390616776, 42.428884267475098 ], [ -77.196048323950095, 42.428928267475044 ], [ -77.196107523949991, 42.429005000808218 ], [ -77.196122390616608, 42.429208067474576 ], [ -77.196092723950017, 42.429295867474423 ], [ -77.195885323950336, 42.429542800807383 ], [ -77.195818723950424, 42.429608800807273 ], [ -77.195811190617121, 42.429641667473902 ], [ -77.195774323950502, 42.429680067473839 ], [ -77.195685390617314, 42.429800800807016 ], [ -77.195663190617324, 42.42982280080696 ], [ -77.19564839061735, 42.429861200806897 ], [ -77.195611323950743, 42.429905067473499 ], [ -77.195596523950769, 42.429943467473436 ], [ -77.19557439061748, 42.429987467473381 ], [ -77.195551990617503, 42.430009400806682 ], [ -77.195537190617529, 42.430042267473311 ], [ -77.195478123950977, 42.430119200806473 ], [ -77.195292790617941, 42.430283800806251 ], [ -77.19520399061804, 42.430371600806097 ], [ -77.195166923951433, 42.430437400805999 ], [ -77.195144723951501, 42.430519800805882 ], [ -77.195077990618245, 42.430657000805638 ], [ -77.1950559239516, 42.430673400805631 ], [ -77.195041123951626, 42.430711867472269 ], [ -77.194892923951898, 42.430854600805333 ], [ -77.19478179061872, 42.431002800805118 ], [ -77.194633590618935, 42.431183800804831 ], [ -77.194596590619028, 42.431233267471441 ], [ -77.194507790619127, 42.431304600804651 ], [ -77.194448390619243, 42.431332000804616 ], [ -77.194285523952828, 42.431359467471225 ], [ -77.194263323952839, 42.431376000804562 ], [ -77.194211523952958, 42.431387000804534 ], [ -77.194152190619718, 42.431447267471128 ], [ -77.19412252395307, 42.431502267471046 ], [ -77.19412252395307, 42.43170520080406 ], [ -77.194078190619791, 42.431847867470481 ], [ -77.194048523953199, 42.431902800803755 ], [ -77.193915123953389, 42.432067400803476 ], [ -77.193863323953451, 42.432149800803359 ], [ -77.193826390620188, 42.432188200803296 ], [ -77.19381899062023, 42.432226600803233 ], [ -77.193789323953581, 42.432254067469842 ], [ -77.193752323953674, 42.432308867469771 ], [ -77.193641123953796, 42.432446067469527 ], [ -77.193618990620507, 42.432473600802837 ], [ -77.193604123953889, 42.43250660080281 ], [ -77.1935819239539, 42.432534000802775 ], [ -77.193559590620623, 42.432577867469377 ], [ -77.193552323953952, 42.432621800802622 ], [ -77.193544923953993, 42.432632800802594 ], [ -77.193515190620701, 42.432660200802559 ], [ -77.193507790620686, 42.432698600802496 ], [ -77.193418990620842, 42.432835800802309 ], [ -77.193381923954234, 42.43287426746889 ], [ -77.193359723954245, 42.432918067468847 ], [ -77.193322723954338, 42.432956467468784 ], [ -77.193285590621031, 42.43301700080201 ], [ -77.193248590621067, 42.43307180080194 ], [ -77.193218923954475, 42.433099267468549 ], [ -77.19321152395446, 42.433137667468486 ], [ -77.193174523954553, 42.433192467468416 ], [ -77.193122723954616, 42.433247467468334 ], [ -77.193055990621417, 42.43326386746827 ], [ -77.19299672395482, 42.433302267468207 ], [ -77.192959723954857, 42.433329667468172 ], [ -77.192870923955013, 42.433412067468055 ], [ -77.192826390621747, 42.433472400801293 ], [ -77.192826390621747, 42.433499867467901 ], [ -77.192796790621799, 42.433521867467903 ], [ -77.19276712395515, 42.433724867467561 ], [ -77.192752323955176, 42.43377426746747 ], [ -77.192752323955176, 42.433785200800799 ], [ -77.192722723955228, 42.433812667467407 ], [ -77.192715323955269, 42.433851067467401 ], [ -77.192678190621962, 42.433895000800646 ], [ -77.192663390621988, 42.433933467467227 ], [ -77.192641190622055, 42.433955400800528 ], [ -77.192641190622055, 42.433966400800557 ], [ -77.192611523955406, 42.433993800800465 ], [ -77.192604190622092, 42.434043200800431 ], [ -77.1925745239555, 42.434076200800348 ], [ -77.192448723955692, 42.434235267466761 ], [ -77.192404123955725, 42.434279200800063 ], [ -77.192337523955871, 42.434306667466672 ], [ -77.192293123955892, 42.434312067466635 ], [ -77.192255990622641, 42.434334067466636 ], [ -77.192218990622678, 42.434367000799909 ], [ -77.192196790622745, 42.434400000799883 ], [ -77.192211590622719, 42.434427400799791 ], [ -77.192233790622652, 42.43450966746633 ], [ -77.192218990622678, 42.434624867466198 ], [ -77.192144923956164, 42.434723667466017 ], [ -77.192033790622986, 42.434844467465837 ], [ -77.191870923956571, 42.43505300079886 ], [ -77.19175972395675, 42.435190267465316 ], [ -77.191707923956812, 42.435245067465189 ], [ -77.191655990623588, 42.435256067465218 ], [ -77.191596790623635, 42.435272467465154 ], [ -77.191537590623739, 42.435310867465091 ], [ -77.191500523957131, 42.4353384007984 ], [ -77.191433790623933, 42.435398800798282 ], [ -77.191352390624047, 42.435547000798067 ], [ -77.191344923957388, 42.435607267464661 ], [ -77.19136712395732, 42.435733600797789 ], [ -77.191381990623995, 42.435859667464229 ], [ -77.191359790624006, 42.435931067464139 ], [ -77.191263523957502, 42.436046267463951 ], [ -77.191196790624304, 42.436128667463834 ], [ -77.191189390624288, 42.436167067463771 ], [ -77.191115323957717, 42.436276800796918 ], [ -77.191085590624425, 42.436304267463584 ], [ -77.191063523957837, 42.436370067463486 ], [ -77.191004190624597, 42.436469000796649 ], [ -77.190974523957948, 42.436485400796641 ], [ -77.190967190624633, 42.43651280079655 ], [ -77.190841190624838, 42.436699467462972 ], [ -77.190818990624848, 42.436726867462937 ], [ -77.19080412395823, 42.43675980079621 ], [ -77.190767190624967, 42.436825667462756 ], [ -77.190626390625141, 42.436990267462477 ], [ -77.190344923958946, 42.437292200795355 ], [ -77.190122723959291, 42.437572067461588 ], [ -77.190085590625984, 42.437610467461525 ], [ -77.19007079062601, 42.437643400794798 ], [ -77.190048590626077, 42.437665267461455 ], [ -77.190048523959376, 42.437736667461365 ], [ -77.190055923959392, 42.437764200794618 ], [ -77.19013012395925, 42.43783000079452 ], [ -77.19013012395925, 42.437884867461094 ], [ -77.190122723959291, 42.437945200794331 ], [ -77.190093123959343, 42.437967200794333 ], [ -77.19007079062601, 42.438027600794214 ], [ -77.190033723959402, 42.438082467460788 ], [ -77.190011590626114, 42.438109867460753 ], [ -77.18999679062614, 42.43814826746069 ], [ -77.189981923959522, 42.438164800794027 ], [ -77.189959723959532, 42.4382196007939 ], [ -77.189937523959543, 42.438247000793865 ], [ -77.189922723959569, 42.438302000793783 ], [ -77.189900390626292, 42.438329400793748 ], [ -77.189863390626329, 42.438406200793622 ], [ -77.189848590626355, 42.438439067460251 ], [ -77.189826390626422, 42.438488467460161 ], [ -77.189789323959815, 42.43851600079347 ], [ -77.189722723959903, 42.438549000793444 ], [ -77.189478123960271, 42.438592800793344 ], [ -77.189411523960359, 42.438631267459982 ], [ -77.189366990627093, 42.4386862007932 ], [ -77.189374390627108, 42.438708067459856 ], [ -77.189411390627072, 42.438741067459773 ], [ -77.189441190627008, 42.438812267459696 ], [ -77.189426323960333, 42.439108667459209 ], [ -77.189411523960359, 42.439125067459202 ], [ -77.189389323960427, 42.439180000792419 ], [ -77.189366990627093, 42.439196467459055 ], [ -77.189337390627145, 42.439306267458903 ], [ -77.189315190627212, 42.439361067458833 ], [ -77.189263323960631, 42.43942700079208 ], [ -77.189026323961002, 42.43962446745843 ], [ -77.189003990627668, 42.439679467458348 ], [ -77.188981790627736, 42.439800200791467 ], [ -77.188944790627772, 42.439855067458041 ], [ -77.188766990628039, 42.440008667457789 ], [ -77.188744723961406, 42.440058067457755 ], [ -77.188729923961432, 42.440118467457637 ], [ -77.18875952396138, 42.440228200790784 ], [ -77.188759590628081, 42.440277667457394 ], [ -77.188744790628107, 42.440360000790577 ], [ -77.188715123961458, 42.440376400790569 ], [ -77.188707790628143, 42.440431267457143 ], [ -77.188678123961495, 42.44044780079048 ], [ -77.188677990628207, 42.440475200790445 ], [ -77.188655790628218, 42.440497067457045 ], [ -77.188633590628285, 42.440546467456954 ], [ -77.18860399062828, 42.440568467456956 ], [ -77.188596590628322, 42.440601467456872 ], [ -77.188566990628374, 42.440623400790173 ], [ -77.188544723961741, 42.440678267456803 ], [ -77.188507723961777, 42.440722067456704 ], [ -77.188492790628459, 42.440760600789986 ], [ -77.188426190628604, 42.440848400789832 ], [ -77.188418790628589, 42.440859400789805 ], [ -77.188396590628599, 42.440886800789769 ], [ -77.188374390628667, 42.440941667456343 ], [ -77.188307723962112, 42.441051400789547 ], [ -77.188270590628804, 42.44113380078943 ], [ -77.188233590628897, 42.441199600789275 ], [ -77.188196590628934, 42.441281867455814 ], [ -77.188144723962353, 42.441342267455752 ], [ -77.188137323962337, 42.441391667455662 ], [ -77.188107590629102, 42.441408067455654 ], [ -77.188048390629149, 42.441550800788775 ], [ -77.188026123962516, 42.44157280078872 ], [ -77.188011390629242, 42.441605800788693 ], [ -77.187989123962609, 42.441633200788601 ], [ -77.187989123962609, 42.44164420078863 ], [ -77.187959390629317, 42.441671600788595 ], [ -77.187937323962672, 42.441726467455169 ], [ -77.187877990629431, 42.441825200788344 ], [ -77.187840990629468, 42.441880200788262 ], [ -77.187803923962861, 42.441907467454882 ], [ -77.187677923963065, 42.441973400788072 ], [ -77.18762599062984, 42.441984400788101 ], [ -77.187581590629918, 42.441995267454729 ], [ -77.187248190630385, 42.442017400788018 ], [ -77.187173990630527, 42.442039267454675 ], [ -77.187144390630579, 42.442055667454667 ], [ -77.187099990630657, 42.442050267454647 ], [ -77.187085123963982, 42.442055800787955 ], [ -77.187025923964086, 42.44208320078792 ], [ -77.186988923964122, 42.442088667454584 ], [ -77.186936923964254, 42.442127067454521 ], [ -77.186847990631009, 42.442143467454514 ], [ -77.18682592396442, 42.442171000787766 ], [ -77.186885123964316, 42.442225867454397 ], [ -77.186885123964316, 42.442280800787614 ], [ -77.186847990631009, 42.442346600787516 ], [ -77.186722123964557, 42.442500267453966 ], [ -77.186662790631317, 42.442571667453819 ], [ -77.186573923964772, 42.442637467453721 ], [ -77.18652952396485, 42.442692400786996 ], [ -77.186536923964866, 42.442730800786933 ], [ -77.186603590631421, 42.442796667453479 ], [ -77.186625790631354, 42.442851467453409 ], [ -77.186648123964687, 42.442868000786689 ], [ -77.186685123964594, 42.44291186745329 ], [ -77.186848123964353, 42.443071000786404 ], [ -77.186885123964316, 42.443098467453012 ], [ -77.186922190630924, 42.44314226745297 ], [ -77.186922190630924, 42.443224667452853 ], [ -77.186870323964342, 42.443471667452457 ], [ -77.186811123964446, 42.443543000785667 ], [ -77.186773990631139, 42.443608867452213 ], [ -77.186744390631191, 42.443724067452024 ], [ -77.186722190631201, 42.443800867451955 ], [ -77.186699923964568, 42.443817400785235 ], [ -77.18667032396462, 42.443888667451802 ], [ -77.186655523964646, 42.443921600785075 ], [ -77.186648123964687, 42.443954467451704 ], [ -77.186618523964739, 42.443971067451685 ], [ -77.18661099063138, 42.444025867451558 ], [ -77.186588790631447, 42.444047867451559 ], [ -77.186581323964788, 42.444064267451495 ], [ -77.186522123964892, 42.444130200784741 ], [ -77.186447990631677, 42.444229000784617 ], [ -77.186433323964991, 42.444267400784554 ], [ -77.186418323965029, 42.444289267451154 ], [ -77.18641092396507, 42.444327800784436 ], [ -77.186388790631725, 42.444382667451009 ], [ -77.186359123965133, 42.444459467450883 ], [ -77.186299923965237, 42.444508800784149 ], [ -77.186284990631918, 42.444536267450815 ], [ -77.186262790631929, 42.444558200784115 ], [ -77.186247923965311, 42.444591200784032 ], [ -77.186203590632033, 42.444679000783879 ], [ -77.186173923965384, 42.444805200783719 ], [ -77.186062790632263, 42.444920467450174 ], [ -77.186010790632338, 42.445024800783358 ], [ -77.185973790632374, 42.445194800783099 ], [ -77.185899790632504, 42.445271600782974 ], [ -77.185855323965882, 42.445381467449465 ], [ -77.185855323965882, 42.445463800782704 ], [ -77.185818190632631, 42.445546067449243 ], [ -77.185773790632709, 42.445579000782516 ], [ -77.185736723966102, 42.445683200782355 ], [ -77.185729323966086, 42.445754600782209 ], [ -77.185699723966138, 42.445815000782147 ], [ -77.185677523966206, 42.445836867448747 ], [ -77.185655190632872, 42.445891800782022 ], [ -77.185618190632965, 42.445935800781967 ], [ -77.185603390632934, 42.44599060078184 ], [ -77.185544123966395, 42.446138800781625 ], [ -77.18539592396661, 42.446363800781285 ], [ -77.185351390633343, 42.446451467447844 ], [ -77.185292123966804, 42.446665600780818 ], [ -77.185143923967019, 42.446791800780602 ], [ -77.184906790634045, 42.446956467447023 ], [ -77.18489939063403, 42.446983867446988 ], [ -77.184869723967438, 42.447005800780289 ], [ -77.184862390634123, 42.447060667446863 ], [ -77.18489939063403, 42.447187000779991 ], [ -77.184906790634045, 42.447285667446522 ], [ -77.1848847239674, 42.447417400779671 ], [ -77.184854990634108, 42.447472267446244 ], [ -77.184795723967568, 42.447543667446098 ], [ -77.18470679063438, 42.447642467445974 ], [ -77.184595590634501, 42.447746667445813 ], [ -77.184558523967894, 42.447790600779058 ], [ -77.184521590634631, 42.447840000778967 ], [ -77.184499323967998, 42.447862000778969 ], [ -77.184476990634721, 42.447922267445506 ], [ -77.184484523968024, 42.448081467445263 ], [ -77.184462323968091, 42.448163800778502 ], [ -77.184447390634773, 42.448180267445139 ], [ -77.184432590634799, 42.44822406744504 ], [ -77.184425190634784, 42.448328467444924 ], [ -77.184395523968192, 42.448394267444826 ], [ -77.184358523968228, 42.448421800778078 ], [ -77.184299190634988, 42.448493000778001 ], [ -77.184276990634999, 42.448564400777855 ], [ -77.184262190635025, 42.44864126744443 ], [ -77.184225123968417, 42.448668667444394 ], [ -77.1840547239687, 42.448783867444206 ], [ -77.183876790635622, 42.448959600777243 ], [ -77.1838323906357, 42.44905280077711 ], [ -77.1838323906357, 42.449096800777056 ], [ -77.183787923969135, 42.449168067443622 ], [ -77.183728590635894, 42.449250400776805 ], [ -77.183706390635905, 42.449360067443308 ], [ -77.183706390635905, 42.449387600776618 ], [ -77.183721190635879, 42.449530267443038 ], [ -77.18371379063592, 42.449590600776276 ], [ -77.183691590635931, 42.449662000776186 ], [ -77.183669323969298, 42.449881467442481 ], [ -77.183647123969308, 42.449903467442482 ], [ -77.183617390636073, 42.450035200775574 ], [ -77.183513723969554, 42.450161400775414 ], [ -77.183335790636477, 42.450309467441855 ], [ -77.183306190636529, 42.450326000775135 ], [ -77.183172923970062, 42.45034800077508 ], [ -77.18314319063677, 42.450364400775072 ], [ -77.183061723970241, 42.450380867441709 ], [ -77.183024723970277, 42.450408267441674 ], [ -77.182935723970445, 42.450457667441583 ], [ -77.182839323970597, 42.450485067441548 ], [ -77.182839390637241, 42.450490600774856 ], [ -77.182824590637267, 42.450490600774856 ], [ -77.182750390637409, 42.450512600774857 ], [ -77.182713323970802, 42.450540000774822 ], [ -77.182676323970838, 42.450584000774711 ], [ -77.182676323970838, 42.450611400774676 ], [ -77.182654123970849, 42.450627867441312 ], [ -77.182616990637598, 42.450896800774274 ], [ -77.182557723971001, 42.451017467440749 ], [ -77.182550323971043, 42.451050400774022 ], [ -77.182528123971053, 42.451121800773876 ], [ -77.182528123971053, 42.45130286744029 ], [ -77.182498390637761, 42.451368667440192 ], [ -77.182453990637839, 42.451434467440095 ], [ -77.182431790637906, 42.45158266743988 ], [ -77.182476190637828, 42.451846200772763 ], [ -77.18244659063788, 42.451862600772756 ], [ -77.18244659063788, 42.451901000772693 ], [ -77.182402123971258, 42.451944867439295 ], [ -77.182224190638181, 42.452054667439143 ], [ -77.182194723971577, 42.452065667439115 ], [ -77.182142723971651, 42.45209306743908 ], [ -77.182090923971771, 42.452109467439016 ], [ -77.181964790638631, 42.452142467438989 ], [ -77.181668390639061, 42.452175400772262 ], [ -77.181490590639328, 42.452186400772234 ], [ -77.181290523972962, 42.452191867438898 ], [ -77.180882923973627, 42.452153400772318 ], [ -77.180808790640413, 42.452191867438898 ], [ -77.180779123973764, 42.452219267438863 ], [ -77.18062352397402, 42.452219267438863 ], [ -77.180556790640821, 42.452235800772144 ], [ -77.180482723974251, 42.452279667438745 ], [ -77.180334390641121, 42.452433267438551 ], [ -77.179956523975079, 42.452757067438029 ], [ -77.179808323975294, 42.452916200771142 ], [ -77.179630523975561, 42.45306440077087 ], [ -77.179608190642284, 42.453086400770871 ], [ -77.179459923975855, 42.45316866743741 ], [ -77.179296923976096, 42.453201600770683 ], [ -77.179259923976133, 42.453239867437276 ], [ -77.179274723976107, 42.453272867437249 ], [ -77.179534123975714, 42.453448467436942 ], [ -77.179630390642217, 42.453486867436879 ], [ -77.179823123975268, 42.453580267436735 ], [ -77.179978723975012, 42.453706467436575 ], [ -77.180045390641567, 42.45379980076973 ], [ -77.180082523974875, 42.453860200769668 ], [ -77.18008239064153, 42.453909467436233 ], [ -77.180060190641541, 42.453969867436172 ], [ -77.180023190641634, 42.454008267436109 ], [ -77.18000832397496, 42.454035667436017 ], [ -77.18000832397496, 42.454118000769256 ], [ -77.180037990641608, 42.454134467435892 ], [ -77.180045323974923, 42.454173000769174 ], [ -77.18008239064153, 42.454227867435748 ], [ -77.180111990641478, 42.454255267435713 ], [ -77.180141723974771, 42.454343067435559 ], [ -77.180171323974719, 42.454562600768554 ], [ -77.180193590641352, 42.454584467435211 ], [ -77.180208390641326, 42.454617467435128 ], [ -77.180267723974566, 42.45468326743503 ], [ -77.180400990641033, 42.45480406743485 ], [ -77.180430723974325, 42.454859000768124 ], [ -77.180408523974336, 42.455347400767323 ], [ -77.1803787239744, 42.455643667433549 ], [ -77.180326923974462, 42.455709467433451 ], [ -77.180252790641248, 42.455764400766668 ], [ -77.180193523974708, 42.455780867433361 ], [ -77.180089790641546, 42.455835800766579 ], [ -77.180008190641672, 42.45595100076639 ], [ -77.179978590641667, 42.456016867432993 ], [ -77.179934123975102, 42.456071667432866 ], [ -77.179919190641783, 42.456093667432867 ], [ -77.179896990641794, 42.456115667432812 ], [ -77.179845123975213, 42.456252800765924 ], [ -77.17981539064192, 42.456274800765925 ], [ -77.17976359064204, 42.45647240076562 ], [ -77.179711790642102, 42.456697267431935 ], [ -77.179704323975443, 42.456938800764874 ], [ -77.179748723975365, 42.4572350674311 ], [ -77.179756190642024, 42.457251667431024 ], [ -77.179793190641988, 42.457290000764317 ], [ -77.179793190641988, 42.457345000764235 ], [ -77.17994152397506, 42.457498600763984 ], [ -77.179978523975024, 42.45754800076395 ], [ -77.180148923974741, 42.457701667430342 ], [ -77.180208323974682, 42.457756467430272 ], [ -77.180356390641123, 42.457893800763372 ], [ -77.180371190641097, 42.457910200763365 ], [ -77.180415723974363, 42.457965067429939 ], [ -77.180445323974311, 42.458019867429869 ], [ -77.18045279064097, 42.458085800763115 ], [ -77.180445390640955, 42.458212000762899 ], [ -77.180408323974348, 42.458327267429411 ], [ -77.180408323974348, 42.458365667429348 ], [ -77.1803787239744, 42.45844800076253 ], [ -77.180282323974552, 42.45869486742879 ], [ -77.180230390641327, 42.458793667428665 ], [ -77.180193390641364, 42.458837667428611 ], [ -77.180059923974909, 42.458952800761722 ], [ -77.180022923974946, 42.458996800761668 ], [ -77.180015523974987, 42.459084600761514 ], [ -77.180022923974946, 42.459123000761508 ], [ -77.180045123974935, 42.459172400761418 ], [ -77.18013399064148, 42.459260200761264 ], [ -77.180170990641386, 42.459353467427775 ], [ -77.180171123974731, 42.459397400761077 ], [ -77.180170990641386, 42.459430400760994 ], [ -77.18013399064148, 42.459770600760464 ], [ -77.18012652397482, 42.459781467427149 ], [ -77.180007990641627, 42.459902267426912 ], [ -77.179956123975046, 42.460001067426788 ], [ -77.179941323975072, 42.460072400759998 ], [ -77.179918990641795, 42.460099800759963 ], [ -77.17983012397525, 42.460264400759684 ], [ -77.17983012397525, 42.460330400759631 ], [ -77.179852390641884, 42.460429067426105 ], [ -77.179933923975113, 42.460566267425918 ], [ -77.179956123975046, 42.460687000759037 ], [ -77.179955990641702, 42.460741867425611 ], [ -77.179926390641754, 42.460934000758698 ], [ -77.179852190641896, 42.461087600758447 ], [ -77.179815190641932, 42.461131600758335 ], [ -77.179792990641999, 42.461153467424992 ], [ -77.179577990642315, 42.461252267424868 ], [ -77.179540923975708, 42.461296200758113 ], [ -77.179533523975692, 42.461345600758023 ], [ -77.179533523975692, 42.461400400757952 ], [ -77.179570523975656, 42.461570600757682 ], [ -77.179607723975607, 42.46168040075753 ], [ -77.179629790642252, 42.46170226742413 ], [ -77.179652123975529, 42.461790067424033 ], [ -77.179652190642173, 42.461872400757215 ], [ -77.179659523975545, 42.461905267423845 ], [ -77.17962992397554, 42.462102867423539 ], [ -77.179526123975734, 42.462306000756541 ], [ -77.179518590642431, 42.462514467422864 ], [ -77.179459323975834, 42.462690067422614 ], [ -77.179377790642604, 42.463162067421877 ], [ -77.179355523975971, 42.463227867421779 ], [ -77.179288923976117, 42.463326667421597 ], [ -77.179273990642798, 42.463370600754899 ], [ -77.179266523976139, 42.463447400754774 ], [ -77.179303723976091, 42.463557200754622 ], [ -77.179318523976065, 42.463595600754559 ], [ -77.179288923976117, 42.463820600754161 ], [ -77.179222123976217, 42.463979667420631 ], [ -77.179177590642951, 42.464243200753515 ], [ -77.179155323976318, 42.464259600753508 ], [ -77.179125723976369, 42.464369267420011 ], [ -77.17911819064301, 42.464385867419992 ], [ -77.179088590643062, 42.464440667419865 ], [ -77.17904419064314, 42.464572400753013 ], [ -77.178962723976611, 42.464627267419587 ], [ -77.178925523976659, 42.464643800752924 ], [ -77.178881123976737, 42.464671200752889 ], [ -77.178814390643481, 42.464753467419428 ], [ -77.178769923976915, 42.464786467419344 ], [ -77.178666123977052, 42.464841267419274 ], [ -77.178510390643964, 42.464973067419066 ], [ -77.17842152397742, 42.465088267418878 ], [ -77.178406590644158, 42.465137667418787 ], [ -77.178406723977446, 42.465198000752025 ], [ -77.178436323977394, 42.465263867418628 ], [ -77.178488123977331, 42.465379067418439 ], [ -77.178495523977347, 42.465494400751595 ], [ -77.178458390644039, 42.465554667418189 ], [ -77.178317723977614, 42.465680867417973 ], [ -77.178221323977766, 42.465757800751192 ], [ -77.178050790644704, 42.465867600751039 ], [ -77.177998990644767, 42.465966267417514 ], [ -77.178013790644741, 42.466109000750635 ], [ -77.178021123978056, 42.46625720075042 ], [ -77.177998790644779, 42.466306600750329 ], [ -77.177984123978149, 42.466339400750257 ], [ -77.177924790644909, 42.46642180075014 ], [ -77.177783923978438, 42.466553467416588 ], [ -77.177709790645224, 42.466613800749826 ], [ -77.177687523978591, 42.466668667416457 ], [ -77.177665323978601, 42.466696200749709 ], [ -77.177635590645309, 42.466773000749583 ], [ -77.177583790645429, 42.466855267416122 ], [ -77.177568923978754, 42.466910200749396 ], [ -77.177591190645387, 42.46697046741599 ], [ -77.177605990645361, 42.467014467415879 ], [ -77.177613390645377, 42.467074800749117 ], [ -77.177598523978702, 42.467102200749082 ], [ -77.177502190645555, 42.467201067415601 ], [ -77.177502123978854, 42.467272400748811 ], [ -77.177524390645488, 42.467321800748778 ], [ -77.177539190645462, 42.467393200748631 ], [ -77.177546723978821, 42.467409600748624 ], [ -77.177568923978754, 42.467453467415226 ], [ -77.177576323978769, 42.467519267415128 ], [ -77.177546590645477, 42.467585200748317 ], [ -77.177502123978854, 42.46765106741492 ], [ -77.177205590645997, 42.467947400747789 ], [ -77.177079590646201, 42.46811200074751 ], [ -77.176975723979695, 42.468227200747322 ], [ -77.176916523979799, 42.468276600747288 ], [ -77.17682759064661, 42.468315067413869 ], [ -77.176790523980003, 42.468315000747225 ], [ -77.176731123980062, 42.468304067413897 ], [ -77.176642190646874, 42.468249067413979 ], [ -77.176597723980251, 42.468260200747295 ], [ -77.176560723980344, 42.46828760074726 ], [ -77.176530990647052, 42.468359000747171 ], [ -77.176531123980396, 42.468386267413791 ], [ -77.176493923980445, 42.468616867413402 ], [ -77.176479123980471, 42.468638800746703 ], [ -77.176471590647111, 42.468671800746677 ], [ -77.176449390647178, 42.468688200746612 ], [ -77.176434590647204, 42.46872660074655 ], [ -77.176397590647241, 42.46878146741318 ], [ -77.176301190647393, 42.468891200746327 ], [ -77.176263990647442, 42.46904486741272 ], [ -77.176241790647509, 42.469088800746022 ], [ -77.17621959064752, 42.46917106741256 ], [ -77.176249190647468, 42.469253400745743 ], [ -77.176256723980828, 42.469275400745744 ], [ -77.176293790647435, 42.46934126741229 ], [ -77.176301190647393, 42.469407067412192 ], [ -77.176293723980734, 42.469440067412108 ], [ -77.176256590647483, 42.469511400745375 ], [ -77.176137990647646, 42.469665000745124 ], [ -77.176123123981029, 42.469692467411733 ], [ -77.176100923981039, 42.469714400745033 ], [ -77.176086123981065, 42.469747267411663 ], [ -77.176011923981207, 42.469879000744811 ], [ -77.175974923981244, 42.469912000744728 ], [ -77.175922990647962, 42.46997780074463 ], [ -77.17581179064814, 42.470098467411106 ], [ -77.175759923981559, 42.470147867411015 ], [ -77.175715390648293, 42.470180800744345 ], [ -77.175530123981957, 42.470268600744191 ], [ -77.175478190648676, 42.470279600744163 ], [ -77.175418790648791, 42.470318000744101 ], [ -77.175366990648854, 42.470372867410674 ], [ -77.175329923982247, 42.470433267410613 ], [ -77.175270590649006, 42.47048820074383 ], [ -77.17507052398264, 42.470603400743641 ], [ -77.175048123982663, 42.470625267410298 ], [ -77.175048190649363, 42.470680200743516 ], [ -77.175092590649285, 42.470768000743419 ], [ -77.175122323982578, 42.470790000743364 ], [ -77.175085323982614, 42.470872267409902 ], [ -77.175003723982741, 42.470954600743141 ], [ -77.174907190649549, 42.471119200742862 ], [ -77.174855323982968, 42.47122900074271 ], [ -77.174847990649653, 42.471245400742646 ], [ -77.174810923983046, 42.471272867409311 ], [ -77.174781323983098, 42.471366067409122 ], [ -77.174758990649821, 42.471437467409032 ], [ -77.174706990649895, 42.471492267408962 ], [ -77.174573723983428, 42.471596600742146 ], [ -77.174521723983503, 42.471711867408601 ], [ -77.174484723983539, 42.471755667408559 ], [ -77.174440123983629, 42.47179420074184 ], [ -77.174351190650441, 42.471843600741749 ], [ -77.174239990650619, 42.47186546740835 ], [ -77.174091723984191, 42.471887467408351 ], [ -77.174024990650935, 42.471914867408316 ], [ -77.174017590650919, 42.471914867408316 ], [ -77.173980523984312, 42.471914867408316 ], [ -77.173913790651113, 42.471969667408189 ], [ -77.173891590651124, 42.471997200741498 ], [ -77.173876723984506, 42.472052067408072 ], [ -77.17380999065125, 42.472222200741157 ], [ -77.173795123984632, 42.472315467407668 ], [ -77.173720990651418, 42.472452667407481 ], [ -77.173683923984811, 42.472491067407418 ], [ -77.173669190651481, 42.472546000740635 ], [ -77.173617323984899, 42.472655667407139 ], [ -77.173542990651697, 42.472771000740295 ], [ -77.173528190651723, 42.472814800740252 ], [ -77.173498590651775, 42.472897200740078 ], [ -77.1734837239851, 42.472990467406646 ], [ -77.173468923985126, 42.473012400739947 ], [ -77.173446590651849, 42.47306726740652 ], [ -77.173409590651886, 42.473111200739766 ], [ -77.173372590651923, 42.47313860073973 ], [ -77.173231590652165, 42.473193467406304 ], [ -77.173209323985532, 42.473210000739641 ], [ -77.173083323985736, 42.473385600739334 ], [ -77.173038923985814, 42.473511800739118 ], [ -77.173009190652522, 42.473610600738994 ], [ -77.172964723985899, 42.47369840073884 ], [ -77.172957323985941, 42.473775200738714 ], [ -77.17297199065257, 42.47389586740519 ], [ -77.172823723986141, 42.474033067405003 ], [ -77.172786723986178, 42.474099000738249 ], [ -77.172734790652953, 42.474131867404878 ], [ -77.172623590653131, 42.474208667404753 ], [ -77.172616123986472, 42.474241600738026 ], [ -77.172564323986535, 42.474307467404572 ], [ -77.172504990653294, 42.474351400737817 ], [ -77.172438190653395, 42.474389800737811 ], [ -77.172393790653473, 42.474400800737783 ], [ -77.172326990653573, 42.474433667404355 ], [ -77.172245523987044, 42.474516000737594 ], [ -77.172178723987145, 42.474598267404133 ], [ -77.172163923987171, 42.47463666740407 ], [ -77.172022990654057, 42.474834267403764 ], [ -77.172015590654041, 42.474845200737093 ], [ -77.171993323987408, 42.474872667403702 ], [ -77.17190439065422, 42.474922067403611 ], [ -77.171755990654447, 42.474982400736849 ], [ -77.171659723987943, 42.475048267403452 ], [ -77.171600390654703, 42.475108600736689 ], [ -77.171600390654703, 42.475136000736597 ], [ -77.171607790654662, 42.475163467403263 ], [ -77.171681990654577, 42.47521840073648 ], [ -77.171733790654514, 42.475267800736447 ], [ -77.171748723987776, 42.475328067402984 ], [ -77.171733790654514, 42.475404867402858 ], [ -77.171711523987881, 42.475432400736167 ], [ -77.171681923987876, 42.475514667402706 ], [ -77.171622590654636, 42.475597067402589 ], [ -77.171607790654662, 42.475629867402517 ], [ -77.171518723988186, 42.475778067402302 ], [ -77.171496390654852, 42.47583306740222 ], [ -77.171474190654919, 42.475849467402156 ], [ -77.171459323988245, 42.47590440073543 ], [ -77.171370390655056, 42.476052467401871 ], [ -77.171288923988527, 42.476107400735145 ], [ -77.17118499065532, 42.47615126740169 ], [ -77.170836590655881, 42.476288400734859 ], [ -77.170777190655997, 42.47633226740146 ], [ -77.170777323989284, 42.476337800734768 ], [ -77.170732790656018, 42.476370667401397 ], [ -77.170680923989437, 42.476420200734651 ], [ -77.170666123989463, 42.476475000734524 ], [ -77.170636390656171, 42.476540867401127 ], [ -77.170606723989579, 42.476672600734219 ], [ -77.170524990656361, 42.476853667400633 ], [ -77.170480590656439, 42.477111600733565 ], [ -77.170428723989858, 42.477177400733467 ], [ -77.170384123989891, 42.477232267400041 ], [ -77.170310123990021, 42.477303600733251 ], [ -77.170295190656702, 42.477342067399888 ], [ -77.170265523990111, 42.477402400733126 ], [ -77.170258123990095, 42.477534067399574 ], [ -77.170243323990121, 42.477578000732819 ], [ -77.170220990656844, 42.477594400732812 ], [ -77.17020612399017, 42.477632867399393 ], [ -77.170169123990263, 42.477676800732695 ], [ -77.170117123990337, 42.477726200732604 ], [ -77.170109790657023, 42.477742600732597 ], [ -77.170072723990415, 42.477792000732506 ], [ -77.170035590657108, 42.477825000732423 ], [ -77.169946590657275, 42.477918267398991 ], [ -77.169931790657301, 42.477940067398947 ], [ -77.169909590657312, 42.477962200732236 ], [ -77.169894723990694, 42.478000600732173 ], [ -77.169835390657454, 42.478099267398704 ], [ -77.169501723991289, 42.478373667398273 ], [ -77.169338590658185, 42.478554667397987 ], [ -77.169323723991567, 42.478593200731268 ], [ -77.169308923991593, 42.478615067397868 ], [ -77.169286590658317, 42.478735800731044 ], [ -77.169279190658301, 42.478757800730989 ], [ -77.169249523991652, 42.478818200730927 ], [ -77.169212390658402, 42.478856600730865 ], [ -77.169190190658412, 42.478938867397403 ], [ -77.16916799065848, 42.478982800730648 ], [ -77.169138190658543, 42.47941626739663 ], [ -77.169086323991905, 42.479526067396478 ], [ -77.169049190658654, 42.479570000729723 ], [ -77.168974990658796, 42.479641267396289 ], [ -77.1689157239922, 42.479690667396198 ], [ -77.168700723992515, 42.479800467396046 ], [ -77.168678390659238, 42.479805867396067 ], [ -77.168619123992642, 42.479833267395975 ], [ -77.168470923992913, 42.479888200729249 ], [ -77.168411523992972, 42.479899067395877 ], [ -77.168374390659721, 42.479915600729214 ], [ -77.168359723993035, 42.479915600729214 ], [ -77.168285390659833, 42.479954000729151 ], [ -77.168270590659858, 42.479992467395732 ], [ -77.168248390659926, 42.480019867395697 ], [ -77.16810012399344, 42.480321667395231 ], [ -77.168010990660264, 42.480398467395105 ], [ -77.167929523993735, 42.480437000728386 ], [ -77.167862723993835, 42.480480800728344 ], [ -77.167810923993898, 42.480535667394918 ], [ -77.167803390660595, 42.480574067394855 ], [ -77.167773790660647, 42.480634400728093 ], [ -77.167714323994062, 42.480941800727635 ], [ -77.167640190660848, 42.481078867394046 ], [ -77.167573390660948, 42.481150267393957 ], [ -77.167565990660933, 42.481188667393894 ], [ -77.167491790661074, 42.48128746739377 ], [ -77.167432523994478, 42.481375267393616 ], [ -77.167395390661227, 42.481567267393302 ], [ -77.167365790661279, 42.481671600726486 ], [ -77.167306390661338, 42.481819800726271 ], [ -77.167276723994746, 42.481847200726236 ], [ -77.167269190661443, 42.481874667392844 ], [ -77.167239590661438, 42.481902067392809 ], [ -77.167217390661506, 42.481962400726047 ], [ -77.167076390661691, 42.482182000725686 ], [ -77.16695772399521, 42.482302667392162 ], [ -77.166868790662022, 42.482374000725372 ], [ -77.166735190662223, 42.482533067391785 ], [ -77.166720390662249, 42.482566067391758 ], [ -77.166683390662342, 42.482609867391716 ], [ -77.166624123995746, 42.48275260072478 ], [ -77.166609123995784, 42.482851400724655 ], [ -77.166571990662476, 42.482884400724572 ], [ -77.166542390662528, 42.482933667391194 ], [ -77.166505323995921, 42.482966667391111 ], [ -77.166468323996014, 42.483032467391013 ], [ -77.166431123996063, 42.48307086739095 ], [ -77.166423723996047, 42.483092867390951 ], [ -77.166394123996099, 42.483114800724252 ], [ -77.166356990662848, 42.483241000724036 ], [ -77.166349523996189, 42.483290400723945 ], [ -77.166349523996189, 42.483356200723847 ], [ -77.166349523996189, 42.483416667390429 ], [ -77.166312390662881, 42.483526400723576 ], [ -77.166275323996274, 42.483586667390171 ], [ -77.166275323996274, 42.483619667390144 ], [ -77.166245590662982, 42.48363606739008 ], [ -77.166223323996405, 42.484036667389489 ], [ -77.166186190663097, 42.484102600722736 ], [ -77.165985923996743, 42.484338600722367 ], [ -77.16582279066364, 42.484525067388745 ], [ -77.165778323997074, 42.48459086738859 ], [ -77.165711523997174, 42.484640267388556 ], [ -77.165540990664113, 42.484678667388494 ], [ -77.165481590664172, 42.484695200721774 ], [ -77.165414923997616, 42.484733600721711 ], [ -77.165362990664391, 42.484772000721648 ], [ -77.165318523997769, 42.484832267388242 ], [ -77.165281523997862, 42.484931067388061 ], [ -77.16525179066457, 42.48495860072137 ], [ -77.165244323997911, 42.484986000721335 ], [ -77.165095990664781, 42.485123200721148 ], [ -77.165021790664923, 42.485254867387596 ], [ -77.164992190664975, 42.485337200720778 ], [ -77.164977323998301, 42.485375600720715 ], [ -77.164910523998401, 42.485606000720395 ], [ -77.164865923998491, 42.485864000719971 ], [ -77.164843723998501, 42.485929867386517 ], [ -77.164754723998669, 42.486001200719784 ], [ -77.164643390665503, 42.486056000719657 ], [ -77.164547123999, 42.486105400719623 ], [ -77.164398723999227, 42.486149267386224 ], [ -77.164302323999379, 42.486165800719505 ], [ -77.164250390666098, 42.48619320071947 ], [ -77.164183723999543, 42.486220600719435 ], [ -77.164102123999669, 42.486275467386008 ], [ -77.16407992399968, 42.486297400719309 ], [ -77.163975990666529, 42.486396200719128 ], [ -77.16396852399987, 42.486434600719065 ], [ -77.163812790666782, 42.486670600718696 ], [ -77.163790590666792, 42.486714400718654 ], [ -77.163768324000216, 42.486736400718598 ], [ -77.163753390666898, 42.4867802673852 ], [ -77.163664390667009, 42.486862600718439 ], [ -77.163434524000706, 42.487016267384831 ], [ -77.163308390667567, 42.487153400717943 ], [ -77.163293590667593, 42.487191800717937 ], [ -77.163271390667603, 42.487208267384574 ], [ -77.163256524000985, 42.487246667384511 ], [ -77.163211990667719, 42.487318000717721 ], [ -77.16318232400107, 42.48734546738433 ], [ -77.163174924001112, 42.487383867384267 ], [ -77.163137924001148, 42.487411267384232 ], [ -77.163137790667861, 42.487444200717505 ], [ -77.163108124001212, 42.487466200717506 ], [ -77.16307839066792, 42.487828400716921 ], [ -77.163041190667968, 42.487993000716642 ], [ -77.163018990668036, 42.48810280071649 ], [ -77.163004190668062, 42.488146600716448 ], [ -77.162981790668084, 42.488327800716149 ], [ -77.162959590668095, 42.488360667382779 ], [ -77.162922524001488, 42.488432000715989 ], [ -77.16284079066827, 42.488624067382375 ], [ -77.162833524001655, 42.48865146738234 ], [ -77.162811190668322, 42.488700867382249 ], [ -77.162811190668322, 42.488816067382061 ], [ -77.162855590668244, 42.488975267381818 ], [ -77.162870390668274, 42.488991800715098 ], [ -77.162899990668222, 42.489057600715 ], [ -77.162907524001525, 42.489118000714939 ], [ -77.162848124001641, 42.489249667381387 ], [ -77.162796124001716, 42.48933206738127 ], [ -77.162766390668423, 42.48935400071457 ], [ -77.16272939066846, 42.489386867381199 ], [ -77.162618124001995, 42.489447267381081 ], [ -77.162581124002031, 42.489458200714409 ], [ -77.16254399066878, 42.489474667381046 ], [ -77.162499524002158, 42.489485600714374 ], [ -77.162432724002258, 42.489507600714319 ], [ -77.162388324002336, 42.489513000714282 ], [ -77.162358590669044, 42.489529467380976 ], [ -77.162321524002436, 42.489529467380976 ], [ -77.162210324002615, 42.489567867380913 ], [ -77.162113924002767, 42.489633667380815 ], [ -77.161980324002968, 42.489716000713997 ], [ -77.161876590669806, 42.489787267380564 ], [ -77.161817190669865, 42.489869667380447 ], [ -77.161831924003195, 42.490078200713413 ], [ -77.161802190669903, 42.490144000713315 ], [ -77.161779990669913, 42.490160467379951 ], [ -77.161757724003337, 42.490226267379853 ], [ -77.16169839067004, 42.490314200713044 ], [ -77.161690990670081, 42.490341600713009 ], [ -77.161631590670197, 42.490418400712883 ], [ -77.161616790670166, 42.490440400712885 ], [ -77.16159452400359, 42.490462267379485 ], [ -77.161557390670282, 42.490572067379333 ], [ -77.161564790670297, 42.490626867379262 ], [ -77.161542590670308, 42.490670867379151 ], [ -77.161520324003675, 42.490747600712382 ], [ -77.16146839067045, 42.4908026007123 ], [ -77.161371924003902, 42.490873800712222 ], [ -77.161334790670651, 42.490917667378824 ], [ -77.161305124004002, 42.491011067378679 ], [ -77.16128292400407, 42.491027467378615 ], [ -77.161245790670762, 42.491186600711728 ], [ -77.161171524004203, 42.49130180071154 ], [ -77.161023190671131, 42.491433600711332 ], [ -77.160934190671242, 42.491576200711108 ], [ -77.160882190671316, 42.491625600711018 ], [ -77.160845190671409, 42.491653000710983 ], [ -77.160770990671494, 42.491685867377612 ], [ -77.16071159067161, 42.491735267377521 ], [ -77.160808124004802, 42.491817667377404 ], [ -77.160859924004683, 42.491878000710642 ], [ -77.160874724004657, 42.491976800710461 ], [ -77.16083019067139, 42.492092067376973 ], [ -77.160815324004773, 42.492141467376882 ], [ -77.160807924004757, 42.492152400710211 ], [ -77.16078559067148, 42.492179800710176 ], [ -77.160718924004925, 42.492415800709807 ], [ -77.160711390671622, 42.492509067376318 ], [ -77.160748524004873, 42.492613400709502 ], [ -77.160978190671187, 42.492794467375859 ], [ -77.161067190671019, 42.492876867375742 ], [ -77.161074590671035, 42.492904267375707 ], [ -77.161074524004391, 42.492997600708918 ], [ -77.161052324004402, 42.493019467375518 ], [ -77.160992990671161, 42.493052467375492 ], [ -77.160918924004591, 42.493052467375492 ], [ -77.160866924004665, 42.493085400708765 ], [ -77.160866924004665, 42.493134800708674 ], [ -77.160903990671272, 42.49316226737534 ], [ -77.160918790671303, 42.493189600708604 ], [ -77.160918790671303, 42.493217067375213 ], [ -77.160866924004665, 42.493250000708485 ], [ -77.160851990671404, 42.493299400708452 ], [ -77.160889124004655, 42.49332686737506 ], [ -77.160970590671184, 42.493365200708354 ], [ -77.160978124004544, 42.49339820070827 ], [ -77.160940990671236, 42.493436600708208 ], [ -77.160903924004629, 42.493469467374837 ], [ -77.16088899067131, 42.493508000708118 ], [ -77.160859324004718, 42.493557400708028 ], [ -77.160851924004703, 42.493782400707687 ], [ -77.160829590671426, 42.493870067374189 ], [ -77.160807390671437, 42.493914000707491 ], [ -77.160799924004777, 42.493952467374072 ], [ -77.160777724004845, 42.493974400707373 ], [ -77.160755390671511, 42.494062200707276 ], [ -77.160688524004968, 42.494166467373759 ], [ -77.160606924005094, 42.494248800706941 ], [ -77.160503124005231, 42.494320067373508 ], [ -77.160480924005299, 42.494347467373473 ], [ -77.160421524005358, 42.494539467373158 ], [ -77.160384390672107, 42.494621867373041 ], [ -77.160332390672181, 42.494676667372971 ], [ -77.160265590672282, 42.494759067372854 ], [ -77.160206324005742, 42.494830400706064 ], [ -77.160132190672471, 42.494940067372568 ], [ -77.160109924005894, 42.49496760070582 ], [ -77.160094990672576, 42.495006000705757 ], [ -77.160057990672613, 42.495049867372359 ], [ -77.160020790672661, 42.495209000705472 ], [ -77.160035590672635, 42.495351667371892 ], [ -77.160005924006043, 42.495664467371455 ], [ -77.159983524006066, 42.495719400704672 ], [ -77.159953924006118, 42.495752267371302 ], [ -77.159946524006102, 42.495763267371274 ], [ -77.1598721906729, 42.495840067371148 ], [ -77.159746124006404, 42.495900467371087 ], [ -77.159627524006623, 42.495933267371015 ], [ -77.159427324006913, 42.495927800704351 ], [ -77.159353124007055, 42.495949667371008 ], [ -77.159286324007155, 42.495982667370924 ], [ -77.159249324007192, 42.496021000704218 ], [ -77.159204724007282, 42.496147267370702 ], [ -77.15923432400723, 42.496427200703579 ], [ -77.15923432400723, 42.496515000703425 ], [ -77.159211924007252, 42.496624667369929 ], [ -77.159137790674038, 42.496723467369804 ], [ -77.159026524007572, 42.496855200702896 ], [ -77.158966990674287, 42.497146000702458 ], [ -77.158966924007643, 42.497299667368907 ], [ -77.158974324007602, 42.497530200701874 ], [ -77.158951990674325, 42.497585000701804 ], [ -77.158877790674467, 42.497645400701686 ], [ -77.158773990674604, 42.497711200701588 ], [ -77.158677524008112, 42.497777067368133 ], [ -77.158655324008123, 42.497837400701371 ], [ -77.158588524008223, 42.497919800701254 ], [ -77.158529190674983, 42.497958200701191 ], [ -77.158343724008603, 42.49809526736766 ], [ -77.15832152400867, 42.498139200700905 ], [ -77.15832152400867, 42.49816666736757 ], [ -77.158291790675378, 42.498188600700871 ], [ -77.158284324008719, 42.498259867367381 ], [ -77.158247190675411, 42.498303867367326 ], [ -77.158180524008856, 42.49834220070062 ], [ -77.158158190675579, 42.498358667367256 ], [ -77.15812852400893, 42.498397067367193 ], [ -77.158143390675605, 42.498452000700411 ], [ -77.158143324008904, 42.498457467367075 ], [ -77.158083990675664, 42.498506867367041 ], [ -77.158046924009057, 42.498550800700286 ], [ -77.158032124009083, 42.498633000700181 ], [ -77.158032124009083, 42.498682467366734 ], [ -77.158046790675712, 42.498814200699883 ], [ -77.158046724009068, 42.498847067366512 ], [ -77.15801712400912, 42.49890740069975 ], [ -77.158002324009146, 42.498934867366359 ], [ -77.157994924009131, 42.498945800699687 ], [ -77.157972590675854, 42.498973267366296 ], [ -77.15795779067588, 42.499006200699569 ], [ -77.157935524009247, 42.499028200699513 ], [ -77.157920724009273, 42.499066600699507 ], [ -77.157883590675965, 42.499099467366079 ], [ -77.157846524009358, 42.499148867366046 ], [ -77.157831724009384, 42.499181800699319 ], [ -77.157824124009437, 42.499203667365919 ], [ -77.157794524009432, 42.499220200699256 ], [ -77.157779724009458, 42.499258600699193 ], [ -77.157735124009548, 42.499340867365731 ], [ -77.157705390676256, 42.499406800698978 ], [ -77.157668324009649, 42.499505600698797 ], [ -77.15766092400969, 42.499576867365363 ], [ -77.157668324009649, 42.499593400698643 ], [ -77.157742390676219, 42.499648200698573 ], [ -77.157875924009318, 42.499725067365148 ], [ -77.157994524009155, 42.499807467364974 ], [ -77.158113124008992, 42.49992280069813 ], [ -77.158150190675599, 42.499988600698032 ], [ -77.15816512400886, 42.500032467364633 ], [ -77.158164990675573, 42.50007086736457 ], [ -77.157944724009212, 42.500072000697912 ], [ -77.157944724009212, 42.500126867364486 ], [ -77.15792972400925, 42.500264067364299 ], [ -77.157944724009212, 42.500269600697607 ], [ -77.157944590675868, 42.50039580069739 ], [ -77.157966790675857, 42.500489067363958 ], [ -77.157981590675831, 42.50050000069723 ], [ -77.158003790675821, 42.500626267363714 ], [ -77.158018724009139, 42.500637267363686 ], [ -77.158011124009136, 42.500807400696772 ], [ -77.157988924009146, 42.500851267363373 ], [ -77.157973990675828, 42.500917067363275 ], [ -77.157973990675828, 42.500933600696555 ], [ -77.157936990675921, 42.500972000696549 ], [ -77.157929524009262, 42.500988467363186 ], [ -77.157929524009262, 42.500999467363158 ], [ -77.157877524009336, 42.501026867363123 ], [ -77.157825590676055, 42.501054267363088 ], [ -77.157818190676096, 42.501054267363088 ], [ -77.1576921240096, 42.501142067362935 ], [ -77.1576921240096, 42.501153067362907 ], [ -77.157654990676349, 42.501180467362872 ], [ -77.157632724009716, 42.501251800696082 ], [ -77.157632590676371, 42.501356067362565 ], [ -77.157639990676387, 42.501400000695867 ], [ -77.157662190676319, 42.501416467362503 ], [ -77.157662324009664, 42.501438400695804 ], [ -77.157676990676293, 42.501482267362405 ], [ -77.157699390676271, 42.501498800695686 ], [ -77.157699390676271, 42.50152620069565 ], [ -77.157728990676219, 42.501542667362287 ], [ -77.157765990676182, 42.501652467362135 ], [ -77.157802990676089, 42.5017018006954 ], [ -77.157810524009449, 42.501734800695317 ], [ -77.157825324009423, 42.501773200695254 ], [ -77.15784019067604, 42.501784200695283 ], [ -77.157840124009397, 42.501800600695219 ], [ -77.157869724009345, 42.501910400695067 ], [ -77.157884524009319, 42.502009200694886 ], [ -77.157832524009393, 42.502239667361209 ], [ -77.15782499067609, 42.502267067361174 ], [ -77.157810190676116, 42.502300000694447 ], [ -77.157795390676142, 42.502311000694419 ], [ -77.157772990676165, 42.502426200694288 ], [ -77.157758190676191, 42.50243720069426 ], [ -77.157758190676191, 42.502453667360896 ], [ -77.157735924009557, 42.502475667360841 ], [ -77.157735990676201, 42.502492067360834 ], [ -77.15769879067625, 42.502519467360798 ], [ -77.157698924009594, 42.502530467360771 ], [ -77.15751339067657, 42.502667600693883 ], [ -77.157409524010063, 42.502717000693792 ], [ -77.157372390676755, 42.502744467360458 ], [ -77.157290790676882, 42.502782800693694 ], [ -77.15726112401029, 42.502799267360331 ], [ -77.157238924010301, 42.502799267360331 ], [ -77.157186924010375, 42.50282680069364 ], [ -77.157164724010443, 42.502826667360296 ], [ -77.157105390677202, 42.502865067360233 ], [ -77.157016390677313, 42.50288160069357 ], [ -77.156964390677388, 42.50290886736019 ], [ -77.156905124010848, 42.502925467360171 ], [ -77.156845790677608, 42.502963867360108 ], [ -77.156816124010959, 42.502963800693408 ], [ -77.156741924011101, 42.503018667360038 ], [ -77.15668252401116, 42.503051600693311 ], [ -77.15668259067786, 42.503062600693283 ], [ -77.156645390677909, 42.503090000693248 ], [ -77.156608324011302, 42.50313386735985 ], [ -77.156586124011312, 42.503155867359794 ], [ -77.156586124011312, 42.503183267359759 ], [ -77.156459924011529, 42.503287467359598 ], [ -77.15644499067821, 42.503315000692908 ], [ -77.156407924011603, 42.503364400692817 ], [ -77.156407990678304, 42.50338080069281 ], [ -77.15638572401167, 42.503397200692746 ], [ -77.156370790678352, 42.503424667359354 ], [ -77.156370790678352, 42.503435667359383 ], [ -77.156348590678363, 42.503452067359319 ], [ -77.156326190678385, 42.503550867359195 ], [ -77.156311390678411, 42.503561867359167 ], [ -77.156311524011755, 42.503589267359132 ], [ -77.156296524011793, 42.503743000692225 ], [ -77.156311324011767, 42.503754000692197 ], [ -77.156296390678449, 42.503765000692169 ], [ -77.156311324011767, 42.503797800692155 ], [ -77.156296524011793, 42.503808800692127 ], [ -77.156296390678449, 42.503852800692073 ], [ -77.156259324011842, 42.504006400691821 ], [ -77.156244390678523, 42.504017400691794 ], [ -77.156244524011868, 42.50403386735843 ], [ -77.15622212401189, 42.504154600691606 ], [ -77.156207190678572, 42.504165467358234 ], [ -77.156222190678591, 42.504171000691542 ], [ -77.15622212401189, 42.504264267358053 ], [ -77.15624432401188, 42.504308200691355 ], [ -77.156259124011854, 42.504363067357929 ], [ -77.156266524011812, 42.504374067357901 ], [ -77.156266590678513, 42.504379600691209 ], [ -77.156296190678461, 42.50440160069121 ], [ -77.156303524011776, 42.50445640069114 ], [ -77.156340590678383, 42.504489267357712 ], [ -77.156355524011701, 42.504511267357714 ], [ -77.156392524011665, 42.504544200690987 ], [ -77.156392524011665, 42.504555200690959 ], [ -77.156444524011533, 42.504593600690896 ], [ -77.156481524011497, 42.504637467357497 ], [ -77.156518590678104, 42.504665000690807 ], [ -77.156651990677915, 42.504785800690627 ], [ -77.156651990677915, 42.504791267357234 ], [ -77.156733590677788, 42.504868067357165 ], [ -77.156800324010987, 42.504966867356984 ], [ -77.156807724011003, 42.505005267356921 ], [ -77.156822524010977, 42.505021667356914 ], [ -77.156837324010951, 42.505049200690166 ], [ -77.156844724010909, 42.505060200690195 ], [ -77.156866924010899, 42.505241267356553 ], [ -77.156859324010895, 42.505488200689513 ], [ -77.156844590677622, 42.505493667356177 ], [ -77.156829590677603, 42.505614467355997 ], [ -77.156851790677592, 42.505834000688992 ], [ -77.156851724010949, 42.505949267355447 ], [ -77.156829524010959, 42.505971200688748 ], [ -77.156814590677641, 42.506042600688659 ], [ -77.156777390677689, 42.506086400688559 ], [ -77.156777524011034, 42.506102867355253 ], [ -77.156755190677757, 42.506152267355162 ], [ -77.156732924011123, 42.506333267354876 ], [ -77.156695724011172, 42.506371800688157 ], [ -77.156695790677816, 42.506377267354821 ], [ -77.156569590678032, 42.506470467354632 ], [ -77.156532524011425, 42.506487000687969 ], [ -77.156532524011425, 42.506498000687941 ], [ -77.156502924011477, 42.506514400687934 ], [ -77.156502790678132, 42.506585800687787 ], [ -77.156495390678117, 42.50665160068769 ], [ -77.156502724011489, 42.506662600687662 ], [ -77.156502790678132, 42.506690067354327 ], [ -77.156532524011425, 42.506706467354263 ], [ -77.156554724011357, 42.506761400687537 ], [ -77.156569524011388, 42.506777867354174 ], [ -77.156576924011347, 42.506788800687502 ], [ -77.156591590677976, 42.506876600687349 ], [ -77.156576790678002, 42.506887600687321 ], [ -77.156591724011321, 42.50689860068735 ], [ -77.156591724011321, 42.506931467353922 ], [ -77.156599124011336, 42.506997400687169 ], [ -77.156591724011321, 42.507008267353797 ], [ -77.156591590677976, 42.507063200687071 ], [ -77.15656179067804, 42.50721680068682 ], [ -77.156554390678025, 42.507244267353428 ], [ -77.156539590678051, 42.507249800686793 ], [ -77.156539590678051, 42.507271667353393 ], [ -77.156524724011433, 42.507315600686695 ], [ -77.156502524011444, 42.507332000686631 ], [ -77.156502524011444, 42.507359467353297 ], [ -77.156480190678167, 42.507381467353241 ], [ -77.156450390678231, 42.50748026735306 ], [ -77.156442990678215, 42.507562467352955 ], [ -77.156465190678205, 42.50767780068611 ], [ -77.156465190678205, 42.507743667352656 ], [ -77.156487390678137, 42.507787600685958 ], [ -77.156509590678127, 42.507919267352406 ], [ -77.156524390678101, 42.507924800685714 ], [ -77.156539190678075, 42.508133400685381 ], [ -77.156509390678139, 42.508281467351821 ], [ -77.156487124011505, 42.508336267351751 ], [ -77.156457390678213, 42.508352800685088 ], [ -77.156457390678213, 42.508363800685061 ], [ -77.156375790678339, 42.508407667351662 ], [ -77.156197790678618, 42.508407600684961 ], [ -77.156190390678603, 42.50839666735169 ], [ -77.156175590678629, 42.508407600684961 ], [ -77.156116190678745, 42.508407600684961 ], [ -77.155930790679008, 42.508506400684837 ], [ -77.155893590679057, 42.508533667351458 ], [ -77.155900990679072, 42.508588600684675 ], [ -77.155930724012364, 42.508605067351368 ], [ -77.155930724012364, 42.508627067351313 ], [ -77.155952924012297, 42.508643600684593 ], [ -77.155952924012297, 42.508660067351229 ], [ -77.155930724012364, 42.508660000684586 ], [ -77.155841724012475, 42.508714800684515 ], [ -77.155819324012498, 42.50873680068446 ], [ -77.155745190679283, 42.508797200684398 ], [ -77.155715524012692, 42.508868467350908 ], [ -77.155730190679321, 42.508879467350937 ], [ -77.155730324012666, 42.508895867350873 ], [ -77.155826724012513, 42.508972800684091 ], [ -77.155856390679162, 42.509000200684056 ], [ -77.155863724012477, 42.509099000683932 ], [ -77.155863590679132, 42.509126467350541 ], [ -77.155841390679143, 42.509142867350533 ], [ -77.155826590679169, 42.509181267350471 ], [ -77.155789524012562, 42.509225200683716 ], [ -77.155774590679243, 42.509263600683653 ], [ -77.155715324012704, 42.509346000683536 ], [ -77.155618724012811, 42.509417200683401 ], [ -77.155618790679512, 42.509428200683374 ], [ -77.155551990679612, 42.509461067350003 ], [ -77.155529724012979, 42.509483067350004 ], [ -77.15550752401299, 42.50947760068334 ], [ -77.155477790679697, 42.509499600683284 ], [ -77.155455590679765, 42.50949946734994 ], [ -77.155381324013206, 42.509532400683213 ], [ -77.155329524013268, 42.509559867349878 ], [ -77.155321990679965, 42.509559800683178 ], [ -77.15526999068004, 42.509598267349816 ], [ -77.155284924013358, 42.509636600683052 ], [ -77.15526999068004, 42.509653067349689 ], [ -77.155217990680114, 42.509713467349627 ], [ -77.155217990680114, 42.509735400682928 ], [ -77.155232790680088, 42.509779400682874 ], [ -77.155388590679877, 42.509878200682692 ], [ -77.155440524013102, 42.509889200682665 ], [ -77.155492390679683, 42.509916600682629 ], [ -77.155536924012949, 42.509927600682602 ], [ -77.155566590679598, 42.509938600682631 ], [ -77.155625924012838, 42.509955000682567 ], [ -77.155751990679278, 42.510020867349169 ], [ -77.155774324012611, 42.510021000682457 ], [ -77.155796524012544, 42.51003740068245 ], [ -77.155826190679193, 42.510037467349093 ], [ -77.155885390679089, 42.51007586734903 ], [ -77.15592252401234, 42.510103267348995 ], [ -77.156004124012213, 42.510185667348878 ], [ -77.156004124012213, 42.510191200682186 ], [ -77.156033790678862, 42.510213067348843 ], [ -77.15604119067882, 42.510268000682117 ], [ -77.156055990678851, 42.510284467348754 ], [ -77.156070790678825, 42.510295400682026 ], [ -77.156070724012125, 42.510328267348655 ], [ -77.156055924012151, 42.510449067348475 ], [ -77.156070724012125, 42.510454600681783 ], [ -77.156070724012125, 42.510520400681685 ], [ -77.156092924012114, 42.510591800681595 ], [ -77.15609279067877, 42.510712467348071 ], [ -77.156100324012073, 42.510723467348043 ], [ -77.156100190678785, 42.510739867348036 ], [ -77.15609279067877, 42.510800267347918 ], [ -77.156100324012073, 42.51081126734789 ], [ -77.156100190678785, 42.510849667347884 ], [ -77.156114990678759, 42.510855200681192 ], [ -77.156115124012047, 42.510877200681136 ], [ -77.156137324012036, 42.510893600681129 ], [ -77.156137324012036, 42.510921067347738 ], [ -77.15615212401201, 42.510932000681066 ], [ -77.15615212401201, 42.510948467347703 ], [ -77.156174324011999, 42.510964867347695 ], [ -77.156189124011973, 42.511157000680726 ], [ -77.156196524011932, 42.511168000680698 ], [ -77.156189124011973, 42.51117900068067 ], [ -77.156188990678629, 42.511184467347334 ], [ -77.156196524011932, 42.511195467347306 ], [ -77.156189124011973, 42.511206400680635 ], [ -77.156188990678629, 42.511211867347299 ], [ -77.156196524011932, 42.511222867347271 ], [ -77.156196524011932, 42.511294267347182 ], [ -77.156188990678629, 42.511321667347147 ], [ -77.156196524011932, 42.511332667347119 ], [ -77.156159190678693, 42.511502667346861 ], [ -77.156151790678678, 42.511530267346814 ], [ -77.15613692401206, 42.511541200680142 ], [ -77.15613692401206, 42.51156860068005 ], [ -77.15611472401207, 42.511585067346743 ], [ -77.156099790678752, 42.511634400679952 ], [ -77.156099790678752, 42.511639867346616 ], [ -77.156077590678819, 42.511656400679954 ], [ -77.156032924012209, 42.511788200679746 ], [ -77.156025590678894, 42.511804600679682 ], [ -77.155988390678942, 42.511897867346249 ], [ -77.155973590678968, 42.511930667346178 ], [ -77.155958724012294, 42.51194166734615 ], [ -77.155958724012294, 42.511980200679432 ], [ -77.155936390679017, 42.511996600679424 ], [ -77.155921590679043, 42.512057000679306 ], [ -77.15589932401241, 42.512078867345963 ], [ -77.15589932401241, 42.512095400679243 ], [ -77.155862124012458, 42.512194200679119 ], [ -77.155847324012484, 42.512216200679063 ], [ -77.155825124012495, 42.512260000679021 ], [ -77.155787990679244, 42.512320400678902 ], [ -77.155431790679813, 42.512567267345219 ], [ -77.155416924013139, 42.512567200678518 ], [ -77.155320390679947, 42.512638467345084 ], [ -77.155253724013392, 42.512704267344986 ], [ -77.155253724013392, 42.512715267344959 ], [ -77.155231390680115, 42.512731800678296 ], [ -77.155238790680073, 42.512770267344877 ], [ -77.155253724013392, 42.512775800678185 ], [ -77.155253590680047, 42.512786667344869 ], [ -77.155194190680163, 42.512858000678079 ], [ -77.155179390680189, 42.512885467344688 ], [ -77.155179390680189, 42.512901867344681 ], [ -77.155201724013466, 42.512923867344625 ], [ -77.155201590680178, 42.51292940067799 ], [ -77.155305390679985, 42.512984200677863 ], [ -77.155342524013292, 42.512995267344536 ], [ -77.155453724013114, 42.513050200677753 ], [ -77.155461190679773, 42.513050200677753 ], [ -77.15562432401282, 42.513171000677573 ], [ -77.155661324012783, 42.513214800677531 ], [ -77.155794790679238, 42.513341067344015 ], [ -77.155854190679122, 42.513390467343925 ], [ -77.155987590678933, 42.513505800677081 ], [ -77.156002390678907, 42.513544200677018 ], [ -77.155980190678918, 42.513599067343591 ], [ -77.15594312401231, 42.513643000676836 ], [ -77.155928324012336, 42.513681400676774 ], [ -77.155913390679075, 42.513697800676766 ], [ -77.155868790679108, 42.513796600676642 ], [ -77.155853990679134, 42.513807600676614 ], [ -77.155853790679146, 42.514016067342936 ], [ -77.155876124012423, 42.514114867342812 ], [ -77.155876124012423, 42.514153400676037 ], [ -77.155838924012471, 42.514345400675779 ], [ -77.15582399067921, 42.514361800675715 ], [ -77.155801724012576, 42.514411200675681 ], [ -77.155668190679421, 42.514515467342164 ], [ -77.155593990679563, 42.514597800675347 ], [ -77.155579124012888, 42.514647067341969 ], [ -77.155593924012862, 42.514652600675277 ], [ -77.155593990679563, 42.514674600675278 ], [ -77.15556419067957, 42.514691067341914 ], [ -77.155556790679611, 42.514751400675152 ], [ -77.155549390679596, 42.51489960067488 ], [ -77.1555789240129, 42.514998400674756 ], [ -77.1555789240129, 42.515020267341356 ], [ -77.15560112401289, 42.515080667341294 ], [ -77.155660524012774, 42.515157600674513 ], [ -77.155690190679366, 42.515185000674478 ], [ -77.155690124012722, 42.515190467341142 ], [ -77.155727190679329, 42.51521786734105 ], [ -77.155734590679344, 42.515256400674332 ], [ -77.155749390679318, 42.515272867340968 ], [ -77.155756790679277, 42.515283800674297 ], [ -77.155719590679325, 42.515437400674045 ], [ -77.155712190679367, 42.515453867340739 ], [ -77.155682524012718, 42.515508800673956 ], [ -77.155645390679467, 42.515558067340521 ], [ -77.155637990679452, 42.515591067340495 ], [ -77.155623190679478, 42.515613000673795 ], [ -77.15560832401286, 42.51561846734046 ], [ -77.155608190679516, 42.515684400673706 ], [ -77.155623124012834, 42.515744800673588 ], [ -77.155645324012823, 42.515766667340245 ], [ -77.155660124012797, 42.515821600673462 ], [ -77.155674924012771, 42.515849067340071 ], [ -77.155682390679431, 42.515854467340091 ], [ -77.155667524012756, 42.515909400673308 ], [ -77.155660124012797, 42.515920400673338 ], [ -77.155645190679479, 42.516013600673148 ], [ -77.155630390679505, 42.516030067339841 ], [ -77.155593324012898, 42.516112400673023 ], [ -77.155585790679538, 42.516117867339688 ], [ -77.155585724012894, 42.516145267339652 ], [ -77.155556124012946, 42.516249600672836 ], [ -77.155548590679587, 42.51632100067269 ], [ -77.155533724012969, 42.516331867339375 ], [ -77.155548724012931, 42.516337400672683 ], [ -77.155533790679613, 42.516348400672655 ], [ -77.155533724012969, 42.516392267339256 ], [ -77.155548590679587, 42.516403267339228 ], [ -77.155533790679613, 42.516414200672557 ], [ -77.155503990679676, 42.516546000672349 ], [ -77.155496590679718, 42.516556867338977 ], [ -77.155481590679699, 42.516650200672188 ], [ -77.155466790679725, 42.516655667338853 ], [ -77.155429590679773, 42.516847800671883 ], [ -77.155422190679815, 42.516858667338511 ], [ -77.155392390679879, 42.517023400671633 ], [ -77.155385124013208, 42.517028800671596 ], [ -77.155377524013204, 42.517188000671354 ], [ -77.155407190679853, 42.517286800671172 ], [ -77.155407124013152, 42.517396467337676 ], [ -77.15537739067986, 42.517478867337559 ], [ -77.155221524013427, 42.517621467337335 ], [ -77.155191924013479, 42.517665400670637 ], [ -77.155169590680202, 42.517687267337237 ], [ -77.155147324013569, 42.517742200670511 ], [ -77.155132524013595, 42.517758667337148 ], [ -77.155117724013621, 42.51776966733712 ], [ -77.155080390680325, 42.517939800670206 ], [ -77.155065590680351, 42.517950800670178 ], [ -77.155065524013708, 42.518159200669857 ], [ -77.155057924013704, 42.51835140066953 ], [ -77.155065390680363, 42.518362267336215 ], [ -77.15504312401373, 42.518532400669244 ], [ -77.155028324013756, 42.518543400669273 ], [ -77.155028190680412, 42.518576267335845 ], [ -77.155005924013778, 42.518598267335847 ], [ -77.154976190680486, 42.518669600669057 ], [ -77.154968790680527, 42.518680600669029 ], [ -77.154968790680527, 42.518708000668994 ], [ -77.154939124013879, 42.518724400668987 ], [ -77.154894524013969, 42.518784800668868 ], [ -77.154864924014021, 42.518861600668743 ], [ -77.154842590680687, 42.518878067335379 ], [ -77.154820324014054, 42.51897140066859 ], [ -77.154805390680792, 42.518976867335255 ], [ -77.154790590680761, 42.519075667335073 ], [ -77.154790524014118, 42.519141467334975 ], [ -77.154768324014185, 42.519157867334968 ], [ -77.154738524014192, 42.519278667334788 ], [ -77.154730990680889, 42.519306067334753 ], [ -77.154716190680915, 42.519317067334725 ], [ -77.154716324014259, 42.51934446733469 ], [ -77.154693990680926, 42.519361000667971 ], [ -77.154679190680952, 42.519404867334572 ], [ -77.154641990681, 42.519443267334509 ], [ -77.154604924014393, 42.519476200667782 ], [ -77.154604924014393, 42.519487200667811 ], [ -77.154515790681216, 42.519553067334357 ], [ -77.154471324014594, 42.519558467334321 ], [ -77.154382324014762, 42.519585867334285 ], [ -77.154211590681712, 42.519629667334243 ], [ -77.154181924015063, 42.51964080066756 ], [ -77.154122590681823, 42.519657200667496 ], [ -77.154100390681833, 42.519679067334152 ], [ -77.154085524015215, 42.51966806733418 ], [ -77.153936990682098, 42.519761400667335 ], [ -77.153936990682098, 42.519783267333992 ], [ -77.153914790682165, 42.519783400667336 ], [ -77.153862924015584, 42.519821667333929 ], [ -77.153803390682299, 42.519904067333812 ], [ -77.153825590682288, 42.52008520066687 ], [ -77.153840390682262, 42.520096200666842 ], [ -77.153832924015603, 42.520266267333227 ], [ -77.153810590682326, 42.52042540066634 ], [ -77.153788190682349, 42.520606467332698 ], [ -77.153773390682375, 42.520612000666063 ], [ -77.153773324015674, 42.520705267332573 ], [ -77.153795524015663, 42.520886267332287 ], [ -77.153810190682293, 42.521133267331891 ], [ -77.153810324015637, 42.521177200665136 ], [ -77.153780390682357, 42.521336267331606 ], [ -77.153758190682368, 42.521391200664823 ], [ -77.15372112401576, 42.521424200664796 ], [ -77.153706190682499, 42.521440600664732 ], [ -77.153669124015892, 42.521490000664699 ], [ -77.153669124015892, 42.521495467331306 ], [ -77.153609724015951, 42.521544867331272 ], [ -77.153609724015951, 42.52155040066458 ], [ -77.153520724016118, 42.521599667331145 ], [ -77.153431590682885, 42.521616067331138 ], [ -77.153357390683027, 42.521660000664383 ], [ -77.153335190683038, 42.521671000664412 ], [ -77.15332032401642, 42.521671000664412 ], [ -77.153186724016621, 42.521786267330867 ], [ -77.153090324016773, 42.521885000664042 ], [ -77.15306052401678, 42.521950800663944 ], [ -77.153052990683477, 42.521978200663909 ], [ -77.153038190683503, 42.521989200663882 ], [ -77.15301592401687, 42.522142867330331 ], [ -77.153000990683552, 42.522153800663659 ], [ -77.152986190683578, 42.522285600663452 ], [ -77.152986124016934, 42.522296600663424 ], [ -77.152963924016944, 42.522313000663416 ], [ -77.1529637906836, 42.522351400663354 ], [ -77.152934124017008, 42.522444667329864 ], [ -77.152948990683626, 42.522450200663172 ], [ -77.152948990683626, 42.522461200663145 ], [ -77.152911790683731, 42.522505067329746 ], [ -77.152896924017057, 42.522554400663012 ], [ -77.152896990683701, 42.522570867329648 ], [ -77.152874724017124, 42.522587400662985 ], [ -77.152859790683806, 42.522625667329578 ], [ -77.152815324017183, 42.522680600662852 ], [ -77.152741124017325, 42.522735467329426 ], [ -77.152674324017426, 42.522768400662699 ], [ -77.15266692401741, 42.522790400662643 ], [ -77.152629724017459, 42.522834200662601 ], [ -77.152629724017459, 42.522867200662517 ], [ -77.152703790684029, 42.522922067329091 ], [ -77.152703790684029, 42.52293306732912 ], [ -77.152711324017332, 42.522944000662392 ], [ -77.152703924017374, 42.522949467329056 ], [ -77.152711190684045, 42.522971467329057 ], [ -77.152726124017306, 42.522976867329021 ], [ -77.152725924017318, 42.523333600661829 ], [ -77.152733324017333, 42.52337746732843 ], [ -77.15277032401724, 42.523416000661712 ], [ -77.15277032401724, 42.523427000661684 ], [ -77.152859324017129, 42.523487400661566 ], [ -77.152940924017003, 42.523536800661475 ], [ -77.153029990683535, 42.523553200661468 ], [ -77.15310412401675, 42.523575267328113 ], [ -77.153118924016724, 42.523580667328076 ], [ -77.153163524016634, 42.523580667328076 ], [ -77.153215524016559, 42.523608200661386 ], [ -77.153267324016497, 42.523619200661358 ], [ -77.153437990682903, 42.523663200661304 ], [ -77.153497324016143, 42.52368506732796 ], [ -77.153645724015917, 42.523767400661143 ], [ -77.153890524015537, 42.523910200660907 ], [ -77.153905324015511, 42.523937667327516 ], [ -77.153905190682167, 42.524020000660755 ], [ -77.153867990682215, 42.524096800660629 ], [ -77.153838324015624, 42.524157200660511 ], [ -77.153816124015634, 42.524173600660504 ], [ -77.153793790682357, 42.524283267327007 ], [ -77.153801124015672, 42.524294400660324 ], [ -77.153801124015672, 42.524332667326917 ], [ -77.153830790682264, 42.524349200660254 ], [ -77.153838190682279, 42.524387600660191 ], [ -77.15387532401553, 42.5244150673268 ], [ -77.153875390682231, 42.524420600660108 ], [ -77.153949390682101, 42.524475467326681 ], [ -77.153949390682101, 42.524502867326646 ], [ -77.153979190682037, 42.524524867326647 ], [ -77.153979124015393, 42.524557867326564 ], [ -77.154001324015326, 42.524656600659739 ], [ -77.154001324015326, 42.524760867326279 ], [ -77.153949190682113, 42.52499680065921 ], [ -77.153934390682139, 42.525007800659239 ], [ -77.153934324015438, 42.525024267325875 ], [ -77.153912124015505, 42.525084667325757 ], [ -77.153889724015528, 42.525139467325687 ], [ -77.153845190682262, 42.525232800658841 ], [ -77.153837790682246, 42.525260200658806 ], [ -77.153822924015628, 42.525271200658779 ], [ -77.153808124015654, 42.525353467325317 ], [ -77.15382272401564, 42.525726667324761 ], [ -77.15382272401564, 42.525841867324573 ], [ -77.153792924015647, 42.525935200657784 ], [ -77.153785524015689, 42.525968067324413 ], [ -77.153770724015715, 42.525979067324386 ], [ -77.153770724015715, 42.526017467324323 ], [ -77.153748324015737, 42.526034000657603 ], [ -77.153733524015763, 42.526077867324204 ], [ -77.153711324015774, 42.526099800657505 ], [ -77.153681590682538, 42.526160200657444 ], [ -77.153659190682561, 42.526215067324017 ], [ -77.153636990682571, 42.52623146732401 ], [ -77.153607190682635, 42.526335667323792 ], [ -77.153607124015934, 42.526555267323488 ], [ -77.153621924015965, 42.526632067323362 ], [ -77.153607124015934, 42.526643067323334 ], [ -77.15362919068258, 42.526879067322966 ], [ -77.153644124015898, 42.526890000656294 ], [ -77.15362919068258, 42.526901000656267 ], [ -77.153643990682554, 42.526945000656212 ], [ -77.153643990682554, 42.526999800656142 ], [ -77.153606790682602, 42.527224800655745 ], [ -77.153591924015984, 42.527235667322429 ], [ -77.153591924015984, 42.527263200655739 ], [ -77.153569590682707, 42.527411400655467 ], [ -77.153539990682702, 42.52742780065546 ], [ -77.153532390682756, 42.527460667322089 ], [ -77.153346924016375, 42.527619800655145 ], [ -77.153272590683173, 42.527652667321775 ], [ -77.153257790683142, 42.527652800655119 ], [ -77.153235524016509, 42.527674667321719 ], [ -77.153057524016788, 42.527762400654922 ], [ -77.153035190683511, 42.527773467321595 ], [ -77.152923924017045, 42.527817267321495 ], [ -77.152827390683854, 42.527861200654797 ], [ -77.152760590683954, 42.527877600654733 ], [ -77.152715990683987, 42.527905000654698 ], [ -77.152701324017357, 42.527905000654698 ], [ -77.15267892401738, 42.527927000654699 ], [ -77.152575124017574, 42.527981867321273 ], [ -77.15255279068424, 42.527981800654572 ], [ -77.152389524017849, 42.528080467321104 ], [ -77.152352390684598, 42.528097000654441 ], [ -77.152344924017939, 42.528097000654441 ], [ -77.152122324018251, 42.528245067320881 ], [ -77.152085190685, 42.528261600654162 ], [ -77.152070324018325, 42.528261600654162 ], [ -77.152033324018419, 42.528289000654127 ], [ -77.151825524018705, 42.528431600653903 ], [ -77.151795790685412, 42.528431600653903 ], [ -77.151751124018858, 42.528497467320449 ], [ -77.151736390685528, 42.528497400653805 ], [ -77.151684324018959, 42.528530400653722 ], [ -77.151676990685644, 42.528557800653687 ], [ -77.151632390685677, 42.528596200653624 ], [ -77.151632390685677, 42.528607200653653 ], [ -77.151483990685904, 42.528733267320092 ], [ -77.151439390685994, 42.528793667320031 ], [ -77.151424524019376, 42.528832067319968 ], [ -77.151387390686068, 42.528903400653178 ], [ -77.151365124019435, 42.528980200653052 ], [ -77.151335390686143, 42.528996667319689 ], [ -77.151327924019483, 42.529040600652934 ], [ -77.151327924019483, 42.529068067319599 ], [ -77.151298324019535, 42.529084467319535 ], [ -77.151275990686258, 42.529194200652739 ], [ -77.151261124019584, 42.529221667319348 ], [ -77.151253724019625, 42.529260067319285 ], [ -77.151238790686307, 42.529271067319257 ], [ -77.151201590686355, 42.529457667318979 ], [ -77.151171924019764, 42.52947960065228 ], [ -77.15114959068643, 42.529660667318637 ], [ -77.151134724019812, 42.529671667318667 ], [ -77.151127190686452, 42.529781400651814 ], [ -77.151097590686504, 42.529830800651723 ], [ -77.151089990686557, 42.529841800651695 ], [ -77.151090124019845, 42.529869267318361 ], [ -77.151060390686553, 42.529885667318297 ], [ -77.15105292401995, 42.529940600651571 ], [ -77.151000924020025, 42.530006400651473 ], [ -77.150971324020077, 42.530061200651346 ], [ -77.150948990686743, 42.530077667318039 ], [ -77.150934124020125, 42.530105200651292 ], [ -77.150934124020125, 42.530116067317977 ], [ -77.150911924020136, 42.530132600651257 ], [ -77.150896990686817, 42.530176467317858 ], [ -77.150874724020184, 42.530198400651159 ], [ -77.150859790686866, 42.530225867317768 ], [ -77.150822724020259, 42.53026980065107 ], [ -77.150822724020259, 42.530286200651005 ], [ -77.150800390686982, 42.530308067317662 ], [ -77.150778190686992, 42.530379467317516 ], [ -77.150763324020375, 42.530396000650853 ], [ -77.150726124020423, 42.530505667317357 ], [ -77.150711324020449, 42.530516667317329 ], [ -77.150688924020471, 42.530736200650324 ], [ -77.150674124020497, 42.530741667316988 ], [ -77.150674124020497, 42.530763600650289 ], [ -77.150659124020535, 42.530846000650172 ], [ -77.150636924020546, 42.530862400650108 ], [ -77.150584924020677, 42.530977600649976 ], [ -77.1505625240207, 42.53103246731655 ], [ -77.150503190687459, 42.531098267316452 ], [ -77.150503190687459, 42.53112566731636 ], [ -77.150466124020852, 42.531164067316297 ], [ -77.150451190687534, 42.531186067316298 ], [ -77.150451124020833, 42.531224467316235 ], [ -77.150503124020759, 42.531263000649517 ], [ -77.150510524020774, 42.531263000649517 ], [ -77.150510524020774, 42.531268467316181 ], [ -77.150599590687307, 42.531323400649399 ], [ -77.150651390687187, 42.531334400649371 ], [ -77.150673724020521, 42.531350800649363 ], [ -77.150755324020395, 42.531372800649308 ], [ -77.150859190686901, 42.531400267315973 ], [ -77.150940790686775, 42.531438667315911 ], [ -77.150970524020067, 42.531438667315911 ], [ -77.151103990686522, 42.531526467315757 ], [ -77.151178124019737, 42.531592400649004 ], [ -77.15120039068637, 42.53160886731564 ], [ -77.15120039068637, 42.531636400648949 ], [ -77.151237524019621, 42.531663800648857 ], [ -77.151237524019621, 42.531685667315514 ], [ -77.15125972401961, 42.531707667315459 ], [ -77.151296724019574, 42.53180100064867 ], [ -77.151348724019442, 42.531866867315216 ], [ -77.151363524019416, 42.531872400648581 ], [ -77.151363524019416, 42.531894267315181 ], [ -77.15140052401938, 42.531927267315154 ], [ -77.151407990686039, 42.531949200648455 ], [ -77.151444990686002, 42.531982200648372 ], [ -77.151474724019295, 42.532009600648337 ], [ -77.151474724019295, 42.532020600648309 ], [ -77.151593390685775, 42.532119400648185 ], [ -77.151682390685608, 42.532157800648122 ], [ -77.15168992401891, 42.532157800648122 ], [ -77.151741790685548, 42.532196200648059 ], [ -77.151815924018763, 42.532229200648032 ], [ -77.151867924018632, 42.532240200648005 ], [ -77.151927324018573, 42.532267667314613 ], [ -77.151949390685218, 42.532267667314613 ], [ -77.152001390685143, 42.532295067314578 ], [ -77.15202372401842, 42.532295067314578 ], [ -77.152038590685038, 42.532306067314551 ], [ -77.152060724018384, 42.532306067314551 ], [ -77.152083124018304, 42.532322467314543 ], [ -77.152134990684885, 42.53233360064786 ], [ -77.152157190684875, 42.532339067314524 ], [ -77.152223924018131, 42.532361067314469 ], [ -77.15233532401794, 42.532394000647741 ], [ -77.152409390684511, 42.532416000647743 ], [ -77.152453990684421, 42.532443467314351 ], [ -77.152543124017598, 42.532459867314287 ], [ -77.152565324017587, 42.532481867314289 ], [ -77.152617190684168, 42.532487400647597 ], [ -77.152676590684052, 42.532514800647562 ], [ -77.152706190684, 42.532514800647562 ], [ -77.152713590684016, 42.532525800647534 ], [ -77.152750724017267, 42.532525867314234 ], [ -77.1527729906839, 42.53254226731417 ], [ -77.152802724017192, 42.53254226731417 ], [ -77.15289912401704, 42.532597200647444 ], [ -77.152921324017029, 42.532624667314053 ], [ -77.152950990683621, 42.532652067314018 ], [ -77.152950990683621, 42.53266306731399 ], [ -77.152988124016929, 42.532690467313955 ], [ -77.152988124016929, 42.532718000647264 ], [ -77.153010324016861, 42.5327344006472 ], [ -77.153032524016851, 42.532827667313768 ], [ -77.153047390683469, 42.53283866731374 ], [ -77.153047390683469, 42.532926467313587 ], [ -77.153054790683484, 42.532937467313559 ], [ -77.15305472401684, 42.533091200646652 ], [ -77.153032324016863, 42.533200867313155 ], [ -77.153010124016873, 42.53325580064643 ], [ -77.152995190683555, 42.533283200646395 ], [ -77.152972924016922, 42.533338067312968 ], [ -77.152958124016948, 42.533354600646248 ], [ -77.152943324016974, 42.533365467312933 ], [ -77.152943190683629, 42.533382000646213 ], [ -77.152906124017022, 42.53342040064615 ], [ -77.152906124017022, 42.533436867312787 ], [ -77.152883790683745, 42.53345326731278 ], [ -77.152868924017127, 42.533491667312717 ], [ -77.152846724017138, 42.533519067312682 ], [ -77.152809524017187, 42.533590467312536 ], [ -77.152794724017213, 42.533601400645864 ], [ -77.152794724017213, 42.5336178673125 ], [ -77.152772390683936, 42.533683800645747 ], [ -77.152742724017287, 42.533755067312313 ], [ -77.15272039068401, 42.533771600645593 ], [ -77.152720324017309, 42.533799000645558 ], [ -77.152705524017335, 42.533810000645531 ], [ -77.152705524017335, 42.533837400645496 ], [ -77.152683324017403, 42.533853867312132 ], [ -77.152668390684084, 42.533908667312062 ], [ -77.152631324017477, 42.533952600645307 ], [ -77.152631324017477, 42.533974600645308 ], [ -77.152594190684226, 42.534045867311875 ], [ -77.152594124017526, 42.534062400645155 ], [ -77.152571790684249, 42.534111800645064 ], [ -77.152571790684249, 42.534172067311658 ], [ -77.152556990684275, 42.534183067311631 ], [ -77.152586590684223, 42.53426540064487 ], [ -77.152579190684207, 42.534325800644751 ], [ -77.152593924017538, 42.534463000644564 ], [ -77.152616190684171, 42.534485000644509 ], [ -77.15261612401747, 42.534539800644438 ], [ -77.152630924017501, 42.53458366731104 ], [ -77.152682790684082, 42.534627600644285 ], [ -77.152764524017243, 42.534682467310859 ], [ -77.152949990683624, 42.534704467310803 ], [ -77.152972190683613, 42.534704600644147 ], [ -77.153046390683471, 42.534748467310749 ], [ -77.15306132401679, 42.534748467310749 ], [ -77.153120524016742, 42.534792400644051 ], [ -77.153187324016585, 42.534819800643959 ], [ -77.153209724016563, 42.53484180064396 ], [ -77.153246724016526, 42.534858267310597 ], [ -77.153268924016459, 42.534858267310597 ], [ -77.153372790682965, 42.534913267310515 ], [ -77.153395124016299, 42.534929667310507 ], [ -77.153454324016195, 42.535006467310382 ], [ -77.153476590682828, 42.535066867310263 ], [ -77.153476590682828, 42.535121800643537 ], [ -77.153469124016169, 42.535313867309867 ], [ -77.153476524016185, 42.535324800643195 ], [ -77.153476524016185, 42.535352267309804 ], [ -77.153469124016169, 42.535357667309825 ], [ -77.15347639068284, 42.535368800643141 ], [ -77.153513524016091, 42.53552240064289 ], [ -77.153528390682766, 42.535533400642862 ], [ -77.153550590682698, 42.535659600642703 ], [ -77.153565390682672, 42.535681600642647 ], [ -77.153572724015987, 42.535687067309311 ], [ -77.153572724015987, 42.535709000642612 ], [ -77.153602390682636, 42.535780400642466 ], [ -77.153609790682594, 42.53584066730906 ], [ -77.153609790682594, 42.535851667309032 ], [ -77.153639524015887, 42.535868200642369 ], [ -77.153639390682599, 42.535895600642334 ], [ -77.153668990682547, 42.536043800642062 ], [ -77.153683924015866, 42.536054800642091 ], [ -77.153683924015866, 42.536115067308629 ], [ -77.153706124015798, 42.53613706730863 ], [ -77.153743190682405, 42.536301667308351 ], [ -77.153757990682379, 42.536307200641659 ], [ -77.153780190682369, 42.536460867308108 ], [ -77.153794990682343, 42.53647186730808 ], [ -77.153802390682301, 42.536625467307829 ], [ -77.153817190682275, 42.536653000641138 ], [ -77.153831990682249, 42.53666400064111 ], [ -77.153854124015595, 42.536872467307489 ], [ -77.153839324015621, 42.536883467307462 ], [ -77.153839390682265, 42.536910867307427 ], [ -77.153824324015602, 42.53715786730703 ], [ -77.153801990682325, 42.537174267307023 ], [ -77.153787124015707, 42.537339000640088 ], [ -77.153779790682336, 42.537366400640053 ], [ -77.153764790682374, 42.537399267306625 ], [ -77.1537499906824, 42.537410267306655 ], [ -77.1537499906824, 42.537448667306592 ], [ -77.153712790682448, 42.53750900063983 ], [ -77.153690590682515, 42.537602400639685 ], [ -77.153675724015841, 42.537613267306313 ], [ -77.153675724015841, 42.537646200639585 ], [ -77.15363859068259, 42.537712067306188 ], [ -77.153653390682564, 42.537717600639496 ], [ -77.153638524015889, 42.537728467306124 ], [ -77.153623724015915, 42.537865800639281 ], [ -77.153616190682612, 42.537876667305909 ], [ -77.153623590682628, 42.537882267305918 ], [ -77.153616190682612, 42.537909667305883 ], [ -77.153623390682583, 42.538266267305289 ], [ -77.153586324015976, 42.538387067305109 ], [ -77.153586190682631, 42.538420000638382 ], [ -77.153563990682699, 42.538463867304984 ], [ -77.153563924016055, 42.538518800638258 ], [ -77.153586190682631, 42.538540667304858 ], [ -77.153645524015928, 42.538568200638167 ], [ -77.15367519068252, 42.538568200638167 ], [ -77.153682590682536, 42.538573667304831 ], [ -77.153682590682536, 42.53858460063816 ], [ -77.153771724015712, 42.53865060063805 ], [ -77.153905190682167, 42.538765867304505 ], [ -77.153919924015497, 42.538804200637799 ], [ -77.15394219068213, 42.538820667304435 ], [ -77.15394219068213, 42.53884266730438 ], [ -77.153979324015381, 42.538870067304345 ], [ -77.153979324015381, 42.538886600637682 ], [ -77.154001524015371, 42.538903067304318 ], [ -77.154031190681962, 42.53896886730422 ], [ -77.154038724015265, 42.538985267304213 ], [ -77.154053390681952, 42.539023800637437 ], [ -77.15406832401527, 42.539034800637467 ], [ -77.154068190681926, 42.539062200637375 ], [ -77.154090590681903, 42.539106067303976 ], [ -77.154097924015218, 42.53916100063725 ], [ -77.154112790681836, 42.539177467303887 ], [ -77.15412759068181, 42.539188400637215 ], [ -77.154134990681825, 42.53930366730367 ], [ -77.154149790681799, 42.539325600636971 ], [ -77.154164590681773, 42.539331067303635 ], [ -77.154171990681732, 42.539490267303393 ], [ -77.154186790681706, 42.539523200636665 ], [ -77.15420159068168, 42.539534200636695 ], [ -77.15420159068168, 42.539572667303275 ], [ -77.154223724015026, 42.539709800636388 ], [ -77.154231190681685, 42.539715267303052 ], [ -77.15426092401492, 42.539869000636145 ], [ -77.154268190681591, 42.539879867302773 ], [ -77.154268190681591, 42.539918400636054 ], [ -77.154297924014884, 42.539989800635965 ], [ -77.154327390681487, 42.540170800635678 ], [ -77.154342324014806, 42.540181800635651 ], [ -77.154364590681439, 42.540291467302154 ], [ -77.154379390681413, 42.540297000635462 ], [ -77.154394124014743, 42.540390400635317 ], [ -77.154475724014617, 42.540637267301634 ], [ -77.15451272401458, 42.540736067301452 ], [ -77.154527590681198, 42.540747067301425 ], [ -77.154534924014513, 42.540818467301335 ], [ -77.154549724014487, 42.540834867301328 ], [ -77.154564590681161, 42.5408458673013 ], [ -77.154571924014476, 42.540928200634482 ], [ -77.154601724014412, 42.540944667301119 ], [ -77.154623790681057, 42.541120267300869 ], [ -77.15463132401436, 42.541131267300841 ], [ -77.154660924014308, 42.54128486730059 ], [ -77.154668324014324, 42.541295867300619 ], [ -77.154690190680924, 42.541850200633064 ], [ -77.15468292401431, 42.541855667299728 ], [ -77.154690324014268, 42.541866600633057 ], [ -77.154667990680991, 42.541992867299541 ], [ -77.154653124014317, 42.542020267299449 ], [ -77.154645724014358, 42.542031267299478 ], [ -77.154645724014358, 42.542058800632731 ], [ -77.154608524014407, 42.542124600632633 ], [ -77.154593590681088, 42.542173867299255 ], [ -77.154571390681156, 42.542196000632543 ], [ -77.154563924014496, 42.542305667299047 ], [ -77.154556390681137, 42.542349600632292 ], [ -77.154563924014496, 42.54236046729892 ], [ -77.154563924014496, 42.542393467298893 ], [ -77.154593590681088, 42.542459267298796 ], [ -77.154615790681078, 42.542475800632076 ], [ -77.154600924014403, 42.542503200632041 ], [ -77.154615724014377, 42.542558067298614 ], [ -77.15463799068101, 42.542580000631915 ], [ -77.15463799068101, 42.542596467298551 ], [ -77.154675124014318, 42.542624000631861 ], [ -77.154675124014318, 42.542635000631833 ], [ -77.154786390680783, 42.542711800631707 ], [ -77.15494959068053, 42.54279420063159 ], [ -77.15497179068052, 42.542799667298254 ], [ -77.155023790680445, 42.542827200631564 ], [ -77.15509792401366, 42.542843600631556 ], [ -77.155157324013544, 42.542887467298101 ], [ -77.155194390680151, 42.542997267297949 ], [ -77.155216590680141, 42.543162000631014 ], [ -77.155238724013429, 42.543381400630722 ], [ -77.155253590680047, 42.543392400630694 ], [ -77.155275724013393, 42.543644867296962 ], [ -77.155290524013367, 42.543655867296934 ], [ -77.155290524013367, 42.543661267296955 ], [ -77.155275724013393, 42.543672267296927 ], [ -77.155297924013325, 42.543738200630116 ], [ -77.15531279068, 42.543743667296781 ], [ -77.155334990679933, 42.543875400629929 ], [ -77.155349790679907, 42.543880867296593 ], [ -77.155364590679881, 42.544007067296377 ], [ -77.15537212401324, 42.544018000629706 ], [ -77.155386724013169, 42.544171800629442 ], [ -77.155394190679829, 42.544182667296127 ], [ -77.155394190679829, 42.544221067296064 ], [ -77.155423924013121, 42.544319867295883 ], [ -77.155423790679833, 42.544374800629157 ], [ -77.155431190679792, 42.544473600628976 ], [ -77.155423790679833, 42.544484467295661 ], [ -77.155423724013133, 42.544528467295606 ], [ -77.155394124013185, 42.544572400628851 ], [ -77.155379190679866, 42.544610667295444 ], [ -77.155356924013233, 42.544627267295425 ], [ -77.155371724013207, 42.544638200628754 ], [ -77.155341990679915, 42.544693067295327 ], [ -77.155334524013256, 42.544704000628656 ], [ -77.155334590679956, 42.544748000628601 ], [ -77.155341990679915, 42.544758867295229 ], [ -77.155297524013349, 42.544808267295139 ], [ -77.155297524013349, 42.544857667295048 ], [ -77.155319724013282, 42.54490160062835 ], [ -77.155334524013256, 42.544956467294924 ], [ -77.155341924013271, 42.544973000628204 ], [ -77.155378924013235, 42.545066200628071 ], [ -77.155393790679852, 42.545077200628043 ], [ -77.155393724013209, 42.545121067294644 ], [ -77.155430790679816, 42.545241867294465 ], [ -77.155430790679816, 42.545346067294304 ], [ -77.155453124013093, 42.54541200062755 ], [ -77.155438124013131, 42.545423000627522 ], [ -77.155452990679748, 42.545428467294187 ], [ -77.155452990679748, 42.545466867294124 ], [ -77.155475190679738, 42.545697400627091 ], [ -77.155489990679712, 42.545702867293755 ], [ -77.155475124013037, 42.545878467293505 ], [ -77.155460190679776, 42.545884000626813 ], [ -77.15545279067976, 42.54597720062668 ], [ -77.155437924013142, 42.546004667293289 ], [ -77.155400724013191, 42.5460980006265 ], [ -77.155378390679857, 42.546141867293102 ], [ -77.155363524013239, 42.546147267293065 ], [ -77.155341190679962, 42.54629546729285 ], [ -77.155348724013265, 42.546306467292823 ], [ -77.155348590679921, 42.546333867292788 ], [ -77.155363524013239, 42.546361400626097 ], [ -77.155385724013172, 42.546377867292733 ], [ -77.155385790679873, 42.546394267292669 ], [ -77.155422790679836, 42.546421800625978 ], [ -77.15543759067981, 42.546471200625888 ], [ -77.155459924013087, 42.546487600625881 ], [ -77.155496990679694, 42.546586400625699 ], [ -77.15549692401305, 42.546608400625701 ], [ -77.155474590679717, 42.546723600625512 ], [ -77.155459724013099, 42.54673446729214 ], [ -77.155459790679743, 42.546767467292113 ], [ -77.155422590679791, 42.546805867292051 ], [ -77.155422724013135, 42.546822400625331 ], [ -77.155385524013184, 42.54686066729198 ], [ -77.155355790679891, 42.546888200625233 ], [ -77.155311324013326, 42.546943067291807 ], [ -77.155274190680018, 42.546986867291764 ], [ -77.155185124013485, 42.547080200624976 ], [ -77.155147790680246, 42.547151600624829 ], [ -77.15514792401359, 42.547179067291495 ], [ -77.155162724013564, 42.547190000624767 ], [ -77.155125590680257, 42.547217400624731 ], [ -77.155088390680305, 42.547398467291146 ], [ -77.155073590680331, 42.547404000624454 ], [ -77.155073524013687, 42.547596000624139 ], [ -77.155110390680306, 42.547854000623772 ], [ -77.155117924013609, 42.547859467290436 ], [ -77.155117790680265, 42.547886867290345 ], [ -77.155132724013583, 42.547898000623661 ], [ -77.155117924013609, 42.547908867290346 ], [ -77.155117790680265, 42.547914400623654 ], [ -77.155132724013583, 42.547925267290282 ], [ -77.155117790680265, 42.547936267290311 ], [ -77.155132590680239, 42.5479802672902 ], [ -77.155095324013644, 42.548364400622972 ], [ -77.155117590680277, 42.548424800622854 ], [ -77.155139790680266, 42.548446667289511 ], [ -77.155139924013554, 42.548463200622791 ], [ -77.155154724013585, 42.548490600622756 ], [ -77.155191790680192, 42.548518000622721 ], [ -77.155191790680192, 42.548534467289358 ], [ -77.15532532401329, 42.548655267289178 ], [ -77.155436590679813, 42.54873760062236 ], [ -77.155547790679634, 42.548847400622208 ], [ -77.155570124012911, 42.548935200622054 ], [ -77.155584924012885, 42.54896266728872 ], [ -77.155592390679544, 42.548973600621991 ], [ -77.155607190679518, 42.549066867288559 ], [ -77.155621990679492, 42.549094400621811 ], [ -77.155629390679508, 42.549099867288476 ], [ -77.155629324012807, 42.549292000621506 ], [ -77.155644124012781, 42.549319400621471 ], [ -77.155629324012807, 42.549330267288155 ], [ -77.155644190679482, 42.549335800621463 ], [ -77.155629124012819, 42.549703467287543 ], [ -77.155614190679501, 42.549714467287515 ], [ -77.155614190679501, 42.549774867287454 ], [ -77.155591990679568, 42.549846200620664 ], [ -77.15556959067959, 42.549967000620484 ], [ -77.155554724012916, 42.549977867287112 ], [ -77.155554724012916, 42.550241267286708 ], [ -77.155576924012905, 42.550384000619829 ], [ -77.155591590679535, 42.550395000619801 ], [ -77.155599124012895, 42.55047726728634 ], [ -77.155628790679486, 42.550493667286332 ], [ -77.155628790679486, 42.550515667286277 ], [ -77.155636124012801, 42.55059806728616 ], [ -77.15566579067945, 42.550614467286152 ], [ -77.155658390679434, 42.550642000619405 ], [ -77.155687990679382, 42.5507242006193 ], [ -77.155673190679408, 42.550729667285964 ], [ -77.155695390679398, 42.550779067285873 ], [ -77.155724990679346, 42.550943800618938 ], [ -77.155732390679304, 42.550949267285603 ], [ -77.155754590679294, 42.551251067285136 ], [ -77.155769524012612, 42.551262067285109 ], [ -77.155769390679268, 42.551322467285047 ], [ -77.155791524012557, 42.551569400618007 ], [ -77.155784124012598, 42.551580467284623 ], [ -77.155784124012598, 42.551596800617915 ], [ -77.155754390679306, 42.551679200617798 ], [ -77.155717324012699, 42.551745067284401 ], [ -77.15570239067938, 42.551750467284364 ], [ -77.15570239067938, 42.551772467284309 ], [ -77.155680124012747, 42.551788867284301 ], [ -77.155620724012806, 42.551860267284212 ], [ -77.155583524012911, 42.551909600617478 ], [ -77.155568724012937, 42.551942600617394 ], [ -77.155546524012948, 42.551959000617387 ], [ -77.155531524012986, 42.552041267283926 ], [ -77.155531524012986, 42.552096200617143 ], [ -77.155553790679619, 42.552206000616991 ], [ -77.155583390679567, 42.552227867283648 ], [ -77.155583524012911, 42.552244400616928 ], [ -77.155605724012844, 42.552288267283529 ], [ -77.155642724012807, 42.552469400616587 ], [ -77.155650124012766, 42.552491267283244 ], [ -77.155664990679441, 42.552496800616552 ], [ -77.155664990679441, 42.552524267283161 ], [ -77.155701990679347, 42.552601067283035 ], [ -77.155701990679347, 42.552617600616372 ], [ -77.155724324012681, 42.552661467282974 ], [ -77.155739124012655, 42.552716400616191 ], [ -77.155753924012629, 42.552754800616128 ], [ -77.155761324012644, 42.5527658006161 ], [ -77.1557611906793, 42.552864600615976 ], [ -77.155738924012667, 42.552963267282507 ], [ -77.1556275240128, 42.553089467282291 ], [ -77.15552359067965, 42.553166267282165 ], [ -77.15552359067965, 42.553171800615473 ], [ -77.155441924013132, 42.553226667282104 ], [ -77.155226590680115, 42.553402267281797 ], [ -77.155204324013482, 42.553446067281754 ], [ -77.155181990680205, 42.553517467281608 ], [ -77.155218990680112, 42.553599800614847 ], [ -77.155241324013446, 42.553616200614783 ], [ -77.155248724013404, 42.553654667281421 ], [ -77.15530072401333, 42.553693067281358 ], [ -77.155300590679985, 42.553698600614666 ], [ -77.15530072401333, 42.553709600614638 ], [ -77.155285790680011, 42.553720600614668 ], [ -77.155300590679985, 42.553726000614631 ], [ -77.155285790680011, 42.553737000614603 ], [ -77.155300590679985, 42.553780867281205 ], [ -77.155300524013342, 42.553819267281142 ], [ -77.155278190680008, 42.55394560061427 ], [ -77.155248524013416, 42.554148600613985 ], [ -77.155241124013401, 42.554154067280649 ], [ -77.155226190680139, 42.554329600613698 ], [ -77.155226124013438, 42.554362600613672 ], [ -77.155196390680146, 42.554384600613616 ], [ -77.155196390680146, 42.554466867280155 ], [ -77.155225990680094, 42.554527200613393 ], [ -77.155233524013454, 42.554549200613337 ], [ -77.155248324013428, 42.554554667280001 ], [ -77.155248324013428, 42.554576600613302 ], [ -77.155285390680035, 42.554609600613276 ], [ -77.155322524013286, 42.55468640061315 ], [ -77.155292590680006, 42.554894867279472 ], [ -77.155285324013335, 42.554900400612837 ], [ -77.155255390680054, 42.555059600612594 ], [ -77.15524812401344, 42.55507600061253 ], [ -77.155196124013514, 42.555158267279069 ], [ -77.155158924013563, 42.555191267279042 ], [ -77.155106924013637, 42.555246067278972 ], [ -77.155106924013637, 42.555257067278944 ], [ -77.155069724013686, 42.555284467278909 ], [ -77.155069790680329, 42.555301000612189 ], [ -77.154936124013886, 42.555421667278665 ], [ -77.154936124013886, 42.555432600611994 ], [ -77.154876724014002, 42.555476467278595 ], [ -77.154824790680721, 42.555531400611812 ], [ -77.154794990680784, 42.555613667278351 ], [ -77.154787524014125, 42.555641067278316 ], [ -77.154772724014151, 42.555646600611681 ], [ -77.154772724014151, 42.555674067278289 ], [ -77.1547355906809, 42.555701467278254 ], [ -77.1547355240142, 42.555712400611583 ], [ -77.154646524014368, 42.555772800611464 ], [ -77.154624190681034, 42.555772800611464 ], [ -77.154572324014453, 42.555800200611429 ], [ -77.154549990681176, 42.555800200611429 ], [ -77.154527724014542, 42.555822200611374 ], [ -77.15449799068125, 42.555822200611374 ], [ -77.15438659068144, 42.555855067278003 ], [ -77.154364324014807, 42.555866000611331 ], [ -77.154304924014866, 42.555893400611296 ], [ -77.154290124014892, 42.555893400611296 ], [ -77.154156390681749, 42.555992200611115 ], [ -77.154156390681749, 42.556030600611052 ], [ -77.154082124015247, 42.556112867277591 ], [ -77.154067324015273, 42.556145800610864 ], [ -77.154052390681954, 42.556173267277529 ], [ -77.154044990681939, 42.556184200610801 ], [ -77.154030124015321, 42.556321400610614 ], [ -77.154052324015254, 42.55645866727707 ], [ -77.154067124015228, 42.556464200610378 ], [ -77.154089390681861, 42.556573867276882 ], [ -77.154104124015191, 42.556595800610182 ], [ -77.15411159068185, 42.556601400610191 ], [ -77.154141190681798, 42.556749467276632 ], [ -77.154148724015101, 42.556760467276604 ], [ -77.154163390681788, 42.556941600609662 ], [ -77.154178190681762, 42.556947067276326 ], [ -77.154178190681762, 42.556974600609578 ], [ -77.15420779068171, 42.557106267276083 ], [ -77.154222590681684, 42.557122800609363 ], [ -77.154244990681661, 42.557166600609321 ], [ -77.154274590681609, 42.557216067275874 ], [ -77.154282124014912, 42.557221467275895 ], [ -77.154281990681568, 42.557249000609147 ], [ -77.15431172401486, 42.557270867275804 ], [ -77.15431172401486, 42.557287400609084 ], [ -77.154333990681494, 42.557303800609077 ], [ -77.154356190681483, 42.557397200608932 ], [ -77.154370990681457, 42.557413600608925 ], [ -77.15439319068139, 42.557457467275526 ], [ -77.154408124014708, 42.557468467275498 ], [ -77.154430324014697, 42.557578267275346 ], [ -77.154445190681315, 42.557589267275318 ], [ -77.154445124014671, 42.557633067275219 ], [ -77.15445252401463, 42.557644200608536 ], [ -77.154445190681315, 42.557649600608556 ], [ -77.154445190681315, 42.557688000608493 ], [ -77.154452590681331, 42.557715467275102 ], [ -77.154445124014671, 42.557726400608431 ], [ -77.154444990681327, 42.557913000608153 ], [ -77.154415324014678, 42.557962400608062 ], [ -77.154400390681417, 42.558061200607881 ], [ -77.154400324014716, 42.558116000607811 ], [ -77.154430124014709, 42.558236800607631 ], [ -77.154489390681249, 42.558308067274197 ], [ -77.154504190681223, 42.558341067274114 ], [ -77.154511590681238, 42.558363000607415 ], [ -77.154526390681212, 42.558368467274079 ], [ -77.154526524014557, 42.55839046727408 ], [ -77.154563590681164, 42.558418000607332 ], [ -77.154570990681123, 42.558472800607262 ], [ -77.154600590681071, 42.558489267273899 ], [ -77.154600590681071, 42.558505800607236 ], [ -77.154622924014404, 42.558555200607145 ], [ -77.154637724014378, 42.558588067273774 ], [ -77.154645124014337, 42.558599067273747 ], [ -77.154645124014337, 42.558637467273684 ], [ -77.154674790680986, 42.558654000606964 ], [ -77.154682190680944, 42.558719800606866 ], [ -77.1546821240143, 42.55877466727344 ], [ -77.154674724014285, 42.558818600606742 ], [ -77.154637590681034, 42.558851467273371 ], [ -77.154637590681034, 42.558862467273343 ], [ -77.154607790681098, 42.558878867273279 ], [ -77.154607924014385, 42.55890086727328 ], [ -77.154600390681082, 42.558928267273245 ], [ -77.154570790681134, 42.558944667273181 ], [ -77.154563324014475, 42.55897220060649 ], [ -77.154570724014491, 42.559016067273092 ], [ -77.154533590681183, 42.559043600606401 ], [ -77.15451132401455, 42.559070867273022 ], [ -77.154533524014539, 42.55914780060624 ], [ -77.154555790681172, 42.559164267272877 ], [ -77.154570590681146, 42.559208200606122 ], [ -77.154592924014423, 42.559230067272779 ], [ -77.154607590681053, 42.559279600606033 ], [ -77.154629924014387, 42.559301467272633 ], [ -77.154659524014335, 42.559400200605808 ], [ -77.154666990680994, 42.55941126727248 ], [ -77.154666990680994, 42.559510067272299 ], [ -77.154681790680968, 42.559537467272264 ], [ -77.154666990680994, 42.559548400605593 ], [ -77.154681790680968, 42.559553867272257 ], [ -77.154681724014267, 42.559674667272077 ], [ -77.154703924014257, 42.559773467271896 ], [ -77.154703924014257, 42.559811867271833 ], [ -77.154718590680886, 42.560058867271493 ], [ -77.154703790680912, 42.560064267271457 ], [ -77.154703790680912, 42.560141200604676 ], [ -77.154666590680961, 42.560294800604424 ], [ -77.154666524014317, 42.560349600604354 ], [ -77.154636924014369, 42.5603936006043 ], [ -77.154629324014365, 42.560464867270866 ], [ -77.154614524014391, 42.560486867270811 ], [ -77.154592190681115, 42.560547267270692 ], [ -77.15457732401444, 42.560558200604021 ], [ -77.15457732401444, 42.560585600603986 ], [ -77.154555124014507, 42.560602067270622 ], [ -77.154555124014507, 42.560629467270587 ], [ -77.154525324014514, 42.56064586727058 ], [ -77.154517924014556, 42.560695267270489 ], [ -77.154480790681248, 42.560728267270463 ], [ -77.154480790681248, 42.560739267270435 ], [ -77.154436324014682, 42.5607666672704 ], [ -77.154436190681338, 42.56078320060368 ], [ -77.154302590681539, 42.560881867270211 ], [ -77.153953524015435, 42.561101267269862 ], [ -77.15394619068212, 42.561101267269862 ], [ -77.15383472401561, 42.561183600603044 ], [ -77.15383472401561, 42.561194600603017 ], [ -77.153804990682318, 42.561194600603017 ], [ -77.153708390682482, 42.561265867269583 ], [ -77.153611924015934, 42.56135906726945 ], [ -77.153611924015934, 42.561375600602787 ], [ -77.153582190682641, 42.561474400602606 ], [ -77.153574790682683, 42.561512800602543 ], [ -77.153559790682721, 42.561518267269207 ], [ -77.153559790682721, 42.561567667269117 ], [ -77.153537524016087, 42.561666467268992 ], [ -77.153522590682769, 42.561748800602174 ], [ -77.153522524016068, 42.562138400601555 ], [ -77.15352979068274, 42.562292067268004 ], [ -77.153559524016032, 42.562314067267948 ], [ -77.153559390682688, 42.562330400601297 ], [ -77.153581724016021, 42.562429267267817 ], [ -77.15358912401598, 42.562467667267754 ], [ -77.153603990682655, 42.562478600601025 ], [ -77.153603924015954, 42.562522600600971 ], [ -77.153626190682587, 42.562539000600964 ], [ -77.153640990682561, 42.56260486726751 ], [ -77.153640990682561, 42.562615867267482 ], [ -77.153663190682551, 42.562632267267475 ], [ -77.153663190682551, 42.562670800600756 ], [ -77.153692924015843, 42.56273106726735 ], [ -77.153700324015801, 42.562742067267322 ], [ -77.153722590682435, 42.56285180060047 ], [ -77.153737390682409, 42.562857267267134 ], [ -77.153752190682383, 42.562961600600318 ], [ -77.153774390682372, 42.562978067266954 ], [ -77.153796590682305, 42.563126267266739 ], [ -77.153811524015623, 42.563131800600047 ], [ -77.153811390682336, 42.563351267266341 ], [ -77.153818790682294, 42.563378667266306 ], [ -77.153811390682336, 42.563389667266279 ], [ -77.153811324015635, 42.563472000599518 ], [ -77.153781590682343, 42.563488467266154 ], [ -77.153781590682343, 42.563526867266091 ], [ -77.153774190682384, 42.56362566726591 ], [ -77.153744390682391, 42.563642067265903 ], [ -77.153744324015747, 42.563735400599114 ], [ -77.153796190682328, 42.563971400598746 ], [ -77.153803590682344, 42.563982400598718 ], [ -77.153818524015605, 42.564070200598564 ], [ -77.153833324015636, 42.564097600598529 ], [ -77.153840790682239, 42.564108600598502 ], [ -77.15384059068225, 42.56416900059844 ], [ -77.153877790682202, 42.564278800598231 ], [ -77.153899924015491, 42.564525667264547 ], [ -77.153892524015532, 42.56453666726452 ], [ -77.153914724015465, 42.564580600597765 ], [ -77.153899924015491, 42.564591600597794 ], [ -77.153914724015465, 42.564635467264395 ], [ -77.153914390682132, 42.565102000596994 ], [ -77.153884790682184, 42.56511840059693 ], [ -77.153877324015525, 42.565283000596708 ], [ -77.153862390682207, 42.5652994005967 ], [ -77.153847524015589, 42.565310400596672 ], [ -77.153840124015574, 42.565392800596555 ], [ -77.153839990682286, 42.565403800596528 ], [ -77.153810390682338, 42.565420200596463 ], [ -77.153788124015705, 42.565529867262967 ], [ -77.153773124015686, 42.56556286726294 ], [ -77.153765724015727, 42.565573800596269 ], [ -77.153758324015712, 42.56561226726285 ], [ -77.153735990682435, 42.565628667262843 ], [ -77.153713724015802, 42.565727467262661 ], [ -77.153698924015828, 42.565738467262634 ], [ -77.15367652401585, 42.565892200595727 ], [ -77.153661724015876, 42.565903067262411 ], [ -77.153646724015914, 42.56605666726216 ], [ -77.153646724015914, 42.566073200595497 ], [ -77.15362439068258, 42.566095067262097 ], [ -77.153609524015963, 42.566237867261862 ], [ -77.153594724015989, 42.566254267261854 ], [ -77.153587324015973, 42.566265267261826 ], [ -77.153557524016037, 42.566457267261569 ], [ -77.153549990682734, 42.566473667261505 ], [ -77.153535124016059, 42.566484667261477 ], [ -77.153512790682782, 42.566622000594634 ], [ -77.153497990682808, 42.566627467261299 ], [ -77.153497990682808, 42.566654800594563 ], [ -77.153475590682831, 42.566720667261109 ], [ -77.153460790682857, 42.566731667261138 ], [ -77.153460790682857, 42.566748200594418 ], [ -77.153438524016224, 42.566830467260957 ], [ -77.153349324016347, 42.567022467260642 ], [ -77.153334390683028, 42.567039000593979 ], [ -77.153312190683096, 42.56708280059388 ], [ -77.153282524016447, 42.56713226726049 ], [ -77.153260124016526, 42.567176067260448 ], [ -77.153222924016575, 42.567247467260302 ], [ -77.153208124016601, 42.567269400593602 ], [ -77.153170990683293, 42.567340800593513 ], [ -77.153133790683341, 42.56740106726005 ], [ -77.153126390683383, 42.567412067260079 ], [ -77.153126390683383, 42.567439467260044 ], [ -77.153096590683447, 42.567456000593324 ], [ -77.153089190683431, 42.567510867259898 ], [ -77.153074390683457, 42.567521800593227 ], [ -77.153074324016814, 42.567538267259863 ], [ -77.153052124016824, 42.567560200593164 ], [ -77.153037124016862, 42.567604200593109 ], [ -77.153000124016899, 42.56763146725973 ], [ -77.152999990683554, 42.56764800059301 ], [ -77.152910924017021, 42.567719400592921 ], [ -77.152910924017021, 42.567730267259549 ], [ -77.152725190684009, 42.567883867259354 ], [ -77.152710324017335, 42.567938800592572 ], [ -77.152702924017376, 42.567949800592544 ], [ -77.152710324017335, 42.567955267259208 ], [ -77.152710324017335, 42.568010200592482 ], [ -77.152739990683983, 42.568032067259082 ], [ -77.152739990683983, 42.568037600592447 ], [ -77.152762190683916, 42.568059467259047 ], [ -77.152725124017309, 42.568130867258958 ], [ -77.152724990684021, 42.568279067258743 ], [ -77.152702724017388, 42.568295467258679 ], [ -77.152702724017388, 42.568312000592016 ], [ -77.15268779068407, 42.568465600591765 ], [ -77.152658124017421, 42.568487600591709 ], [ -77.152650590684118, 42.568597267258212 ], [ -77.152635724017443, 42.568624667258177 ], [ -77.152620924017469, 42.568630200591485 ], [ -77.152598590684192, 42.568794867257907 ], [ -77.152583724017575, 42.568805800591235 ], [ -77.152561324017597, 42.569052800590839 ], [ -77.152546524017623, 42.569058267257503 ], [ -77.152508990684339, 42.569541200590095 ], [ -77.152494124017664, 42.569552067256723 ], [ -77.152471790684388, 42.569771667256418 ], [ -77.15245692401777, 42.569777200589726 ], [ -77.152434590684436, 42.570024067255986 ], [ -77.152419790684462, 42.570035000589314 ], [ -77.1524047906845, 42.570205200589044 ], [ -77.152397324017841, 42.570232600589009 ], [ -77.152382524017867, 42.570243600588981 ], [ -77.152352590684586, 42.570435667255367 ], [ -77.152345324017915, 42.570441067255388 ], [ -77.152345324017915, 42.570463067255332 ], [ -77.152330324017953, 42.570561867255151 ], [ -77.152308124017964, 42.570578400588488 ], [ -77.152308124017964, 42.570616667255081 ], [ -77.152256124018038, 42.57069900058832 ], [ -77.15219659068481, 42.570781400588146 ], [ -77.152196524018166, 42.570792267254831 ], [ -77.152159390684858, 42.570814267254775 ], [ -77.152129724018266, 42.570880067254677 ], [ -77.152107390684932, 42.570945867254579 ], [ -77.152085190685, 42.57096240058786 ], [ -77.152077724018341, 42.57101726725449 ], [ -77.152070190685038, 42.571061200587735 ], [ -77.152077590684996, 42.571072200587707 ], [ -77.152040524018389, 42.571291600587358 ], [ -77.152055324018363, 42.571297067254022 ], [ -77.152040390685045, 42.571308067253995 ], [ -77.152003190685093, 42.571610000586873 ], [ -77.152017990685067, 42.571615400586893 ], [ -77.151980790685172, 42.571862400586497 ], [ -77.151980724018472, 42.571939267253015 ], [ -77.151950990685179, 42.571955667253008 ], [ -77.15194352401852, 42.572054467252883 ], [ -77.151913724018584, 42.572070867252819 ], [ -77.151906390685269, 42.572136800586065 ], [ -77.151906324018626, 42.572153267252702 ], [ -77.151876590685333, 42.572175200586003 ], [ -77.151861790685359, 42.572235467252597 ], [ -77.151861724018659, 42.572246467252569 ], [ -77.151839524018726, 42.572262867252505 ], [ -77.151824524018707, 42.572328800585751 ], [ -77.151824590685408, 42.572339800585723 ], [ -77.15180219068543, 42.572356200585716 ], [ -77.151787390685456, 42.572411200585634 ], [ -77.151765124018823, 42.572427600585627 ], [ -77.151750324018849, 42.572455000585592 ], [ -77.151713124018897, 42.572498867252193 ], [ -77.151690924018908, 42.572526400585446 ], [ -77.151653724019013, 42.572564800585383 ], [ -77.151653724019013, 42.572575800585355 ], [ -77.151505124019195, 42.572680000585194 ], [ -77.151319390686183, 42.572800600585026 ], [ -77.151304524019508, 42.572800600585026 ], [ -77.151148590686432, 42.572899400584902 ], [ -77.151133724019815, 42.572899400584902 ], [ -77.151111390686481, 42.572921267251502 ], [ -77.150985190686697, 42.572992600584712 ], [ -77.150762324020377, 42.57310780058458 ], [ -77.150747590687047, 42.57310780058458 ], [ -77.150710390687095, 42.573135200584488 ], [ -77.15061379068726, 42.573190067251119 ], [ -77.150591524020626, 42.573206467251055 ], [ -77.150524724020727, 42.57323386725102 ], [ -77.150301790687763, 42.573393000584133 ], [ -77.150264724021156, 42.573409467250769 ], [ -77.15025732402114, 42.573409467250769 ], [ -77.150182990687938, 42.573464267250642 ], [ -77.150078990688087, 42.573519200583917 ], [ -77.150078990688087, 42.573524667250581 ], [ -77.15004192402148, 42.573552067250546 ], [ -77.150004790688229, 42.573574000583847 ], [ -77.150004724021528, 42.573579467250511 ], [ -77.149960190688262, 42.573618000583735 ], [ -77.149871124021786, 42.573672800583665 ], [ -77.149870990688441, 42.57367826725033 ], [ -77.149737324021942, 42.573782467250169 ], [ -77.149722524021968, 42.573809867250134 ], [ -77.149722524021968, 42.573815400583442 ], [ -77.149648190688765, 42.573870267250015 ], [ -77.149648190688765, 42.573881267250044 ], [ -77.14959619068884, 42.573919600583281 ], [ -77.14958872402218, 42.573919667249982 ], [ -77.14958872402218, 42.573936067249917 ], [ -77.149484724022386, 42.57402380058312 ], [ -77.149484724022386, 42.574034800583092 ], [ -77.149432724022461, 42.57407326724973 ], [ -77.149432790689104, 42.574100667249695 ], [ -77.149425390689146, 42.574100667249695 ], [ -77.149336190689269, 42.574183000582877 ], [ -77.149321324022594, 42.574199467249514 ], [ -77.149321324022594, 42.574210400582842 ], [ -77.149298990689317, 42.574226867249479 ], [ -77.14926192402271, 42.574314667249325 ], [ -77.149239524022732, 42.574336600582626 ], [ -77.149239524022732, 42.5743696005826 ], [ -77.14920979068944, 42.5743914672492 ], [ -77.149202324022781, 42.574435400582502 ], [ -77.149202390689481, 42.574451867249138 ], [ -77.149172724022833, 42.574473800582439 ], [ -77.149150324022855, 42.57458900058225 ], [ -77.149135524022881, 42.574600000582222 ], [ -77.149112924022916, 42.575060867248169 ], [ -77.149098124022942, 42.575071867248198 ], [ -77.149112924022916, 42.57509940058145 ], [ -77.14908312402298, 42.575401200580984 ], [ -77.149067924023029, 42.575900600580212 ], [ -77.149060524023014, 42.575911600580184 ], [ -77.14905292402301, 42.575999400580088 ], [ -77.149045590689695, 42.57606520057999 ], [ -77.149030724023078, 42.576076200579962 ], [ -77.149045524023052, 42.576081667246626 ], [ -77.149015524023071, 42.576482267245979 ], [ -77.149008124023112, 42.576493267245951 ], [ -77.148978190689832, 42.576850000578759 ], [ -77.148963390689858, 42.576855400578722 ], [ -77.148955924023198, 42.577069400578409 ], [ -77.148948324023195, 42.577168267244929 ], [ -77.148926124023205, 42.577184667244865 ], [ -77.148910724023267, 42.578013400576936 ], [ -77.148925590689885, 42.578150467243404 ], [ -77.148917990689881, 42.578490800576219 ], [ -77.148910524023222, 42.578496267242883 ], [ -77.148917990689881, 42.578507267242856 ], [ -77.148917924023237, 42.57853466724282 ], [ -77.148910524023222, 42.578545667242793 ], [ -77.148917924023237, 42.578551067242756 ], [ -77.148917790689893, 42.578726667242506 ], [ -77.148969524023187, 42.579072600575273 ], [ -77.148983043814781, 42.579506538074611 ], [ -77.148988386523115, 42.579680564116018 ], [ -77.149090549022958, 42.580276514115099 ], [ -77.149192711522801, 42.580531920364706 ], [ -77.149022440689748, 42.580855435989179 ], [ -77.14900541360646, 42.581144896405419 ], [ -77.149039467773036, 42.581468412029892 ], [ -77.149124603189591, 42.581843008904343 ], [ -77.149191761522786, 42.582134029737233 ], [ -77.149183324022829, 42.582140267237207 ], [ -77.149160990689552, 42.582217067237082 ], [ -77.149145990689533, 42.582250000570355 ], [ -77.149138590689574, 42.582261000570327 ], [ -77.149138590689574, 42.582343267236865 ], [ -77.149160790689507, 42.582425667236748 ], [ -77.149175590689481, 42.582431067236769 ], [ -77.149160790689507, 42.582480467236678 ], [ -77.149160790689507, 42.582551800569888 ], [ -77.149182990689496, 42.582645200569743 ], [ -77.14919779068947, 42.582650600569764 ], [ -77.14919779068947, 42.582672600569708 ], [ -77.149220124022747, 42.58273300056959 ], [ -77.149234924022721, 42.582744000569619 ], [ -77.149234990689422, 42.582760400569555 ], [ -77.149257124022711, 42.582826267236157 ], [ -77.149279524022688, 42.582881200569375 ], [ -77.149309124022636, 42.582897600569368 ], [ -77.149316524022595, 42.582952467235941 ], [ -77.149353590689202, 42.582996400569186 ], [ -77.149353590689202, 42.583018400569188 ], [ -77.149375924022536, 42.583062267235789 ], [ -77.14939072402251, 42.583128200568979 ], [ -77.149390590689165, 42.583133667235643 ], [ -77.149412924022442, 42.583155600568944 ], [ -77.149427724022473, 42.583336667235358 ], [ -77.149412790689155, 42.583342200568666 ], [ -77.149412790689155, 42.583380600568603 ], [ -77.149427724022473, 42.583462867235141 ], [ -77.149412790689155, 42.583473867235114 ], [ -77.149427524022428, 42.583698867234773 ], [ -77.149427390689141, 42.583742800568018 ], [ -77.149397724022492, 42.583863467234551 ], [ -77.149390324022534, 42.583874467234523 ], [ -77.149352990689238, 42.584039067234244 ], [ -77.149338190689264, 42.584044600567552 ], [ -77.149338190689264, 42.584083000567546 ], [ -77.149315790689286, 42.58412686723409 ], [ -77.149271190689376, 42.584253067233931 ], [ -77.149263790689361, 42.584330000567149 ], [ -77.14928599068935, 42.584357400567114 ], [ -77.14928599068935, 42.584362867233722 ], [ -77.149263724022717, 42.584417800566996 ], [ -77.149271124022675, 42.584554867233464 ], [ -77.149285924022649, 42.584565867233437 ], [ -77.149322924022613, 42.584829400566377 ], [ -77.149330390689272, 42.584840267233005 ], [ -77.149359790689232, 42.585158600565876 ], [ -77.149344990689258, 42.585164067232483 ], [ -77.149344924022557, 42.585257400565695 ], [ -77.149307724022606, 42.585422000565416 ], [ -77.14927799068937, 42.585466000565361 ], [ -77.149270590689355, 42.585476867232046 ], [ -77.149270524022711, 42.585493400565326 ], [ -77.149233390689403, 42.585531667231919 ], [ -77.149181390689478, 42.585586600565193 ], [ -77.149084724022998, 42.585696267231697 ], [ -77.149032790689716, 42.585751267231615 ], [ -77.149032724023073, 42.585767600564907 ], [ -77.148995590689765, 42.585800600564824 ], [ -77.148995590689765, 42.585822600564825 ], [ -77.148973190689844, 42.585839000564818 ], [ -77.14895839068987, 42.585882867231419 ], [ -77.148958524023158, 42.585904800564663 ], [ -77.148973190689844, 42.585948800564609 ], [ -77.14895832402317, 42.585965200564601 ], [ -77.14895832402317, 42.585976200564573 ], [ -77.148936124023237, 42.585992600564566 ], [ -77.148936124023237, 42.586069467231084 ], [ -77.148921190689919, 42.586096867231049 ], [ -77.148928590689877, 42.586102400564357 ], [ -77.148928524023233, 42.58616826723096 ], [ -77.148943390689851, 42.586212200564205 ], [ -77.148928524023233, 42.58623960056417 ], [ -77.148921124023218, 42.586250467230798 ], [ -77.148891190689938, 42.586420667230584 ], [ -77.148883790689979, 42.586431667230556 ], [ -77.148883790689979, 42.586552400563676 ], [ -77.148853924023342, 42.586821267229936 ], [ -77.148839124023368, 42.586832267229909 ], [ -77.148816724023391, 42.587024267229594 ], [ -77.148801924023417, 42.587029800562959 ], [ -77.148794324023413, 42.58719440056268 ], [ -77.148779390690095, 42.587216400562681 ], [ -77.148764590690121, 42.587221867229289 ], [ -77.148757124023462, 42.58729866722922 ], [ -77.1487421906902, 42.587315067229156 ], [ -77.148712524023551, 42.587359000562458 ], [ -77.148667990690285, 42.587402867229059 ], [ -77.148667924023641, 42.587430400562312 ], [ -77.148638190690349, 42.587452400562313 ], [ -77.148600990690397, 42.587496200562214 ], [ -77.148578790690408, 42.587512600562206 ], [ -77.148578790690408, 42.587534600562151 ], [ -77.148556390690487, 42.587551067228787 ], [ -77.14851932402388, 42.587595000562089 ], [ -77.148452390690636, 42.587660800561991 ], [ -77.148444990690621, 42.587677200561927 ], [ -77.148378124024077, 42.587748600561838 ], [ -77.148296390690859, 42.587841867228349 ], [ -77.148296324024216, 42.587858267228341 ], [ -77.148266590690923, 42.587880200561642 ], [ -77.148266590690923, 42.587896667228279 ], [ -77.148229524024316, 42.587935067228216 ], [ -77.148192324024365, 42.587979000561461 ], [ -77.148147724024454, 42.588044800561363 ], [ -77.148147724024454, 42.588061267227999 ], [ -77.148117990691162, 42.588077800561337 ], [ -77.148110524024503, 42.58813260056121 ], [ -77.148095590691184, 42.588149067227846 ], [ -77.148058524024577, 42.588214867227748 ], [ -77.148043590691259, 42.588242400561057 ], [ -77.148028724024641, 42.58825340056103 ], [ -77.148028724024641, 42.58828066722765 ], [ -77.148006524024652, 42.588297267227631 ], [ -77.147984124024674, 42.588363067227533 ], [ -77.147969190691356, 42.588390600560842 ], [ -77.147946924024723, 42.588461800560708 ], [ -77.147917324024775, 42.588478267227345 ], [ -77.147909790691472, 42.588533200560619 ], [ -77.147894924024854, 42.588549600560611 ], [ -77.147879990691536, 42.588560600560584 ], [ -77.147879990691536, 42.58857706722722 ], [ -77.147857724024902, 42.588642867227122 ], [ -77.147842790691584, 42.588670400560375 ], [ -77.147835390691569, 42.588681267227059 ], [ -77.147835390691569, 42.588708800560312 ], [ -77.147805724024977, 42.588752667226913 ], [ -77.147783324024999, 42.588835000560152 ], [ -77.147760990691722, 42.58889526722669 ], [ -77.147731324025074, 42.588917267226691 ], [ -77.147716390691755, 42.588988667226545 ], [ -77.147671790691845, 42.589109267226377 ], [ -77.147656924025171, 42.589114867226385 ], [ -77.147656924025171, 42.589153200559622 ], [ -77.147634590691894, 42.589197067226223 ], [ -77.147619724025276, 42.589241000559525 ], [ -77.147619590691932, 42.589433067225855 ], [ -77.147641924025208, 42.589482467225821 ], [ -77.147641790691864, 42.589498867225757 ], [ -77.147656590691838, 42.589669067225486 ], [ -77.14764172402522, 42.589680000558815 ], [ -77.147641790691864, 42.589724000558761 ], [ -77.147619390691943, 42.589800800558635 ], [ -77.14758959069195, 42.589965400558413 ], [ -77.147582124025291, 42.58997086722502 ], [ -77.147589524025307, 42.590091600558196 ], [ -77.147589524025307, 42.590108067224833 ], [ -77.147641524025232, 42.59014646722477 ], [ -77.147723124025106, 42.590190467224716 ], [ -77.147812324024983, 42.590201467224688 ], [ -77.147886590691485, 42.590201467224688 ], [ -77.147914324024782, 42.590222067224659 ], [ -77.147923724024793, 42.590228867224653 ], [ -77.147938524024767, 42.590217867224681 ], [ -77.1479607906914, 42.590234400557961 ], [ -77.148086990691183, 42.590338667224501 ], [ -77.148124190691135, 42.590338667224501 ], [ -77.148280124024211, 42.590322400557852 ], [ -77.14830979069086, 42.590311400557823 ], [ -77.148317190690818, 42.590300400557851 ], [ -77.14835439069077, 42.590300400557851 ], [ -77.148391524024078, 42.590294867224543 ], [ -77.148443590690647, 42.590267467224578 ], [ -77.14846579069058, 42.590267467224578 ], [ -77.148495524023872, 42.590245600557978 ], [ -77.148636724023675, 42.590218200558013 ], [ -77.148651590690292, 42.590212667224648 ], [ -77.148762924023458, 42.590218200558013 ], [ -77.148799990690065, 42.590212667224648 ], [ -77.148963390689858, 42.590229200557985 ], [ -77.148985724023134, 42.590240200557957 ], [ -77.149045190689719, 42.590256667224594 ], [ -77.14914912402287, 42.590284200557903 ], [ -77.149208524022811, 42.590311600557868 ], [ -77.149230790689444, 42.590311600557868 ], [ -77.149260524022679, 42.590333600557813 ], [ -77.149267924022695, 42.590333600557813 ], [ -77.149379324022505, 42.590410400557687 ], [ -77.149564790688885, 42.590597067224053 ], [ -77.149564924022229, 42.590602600557418 ], [ -77.149587124022219, 42.590624467224018 ], [ -77.149601990688836, 42.590657467223991 ], [ -77.149624190688826, 42.590679400557292 ], [ -77.1496389906888, 42.590712400557209 ], [ -77.149661324022077, 42.59073440055721 ], [ -77.149676124022051, 42.590767200557138 ], [ -77.14968359068871, 42.590789200557083 ], [ -77.149698390688684, 42.590794667223747 ], [ -77.149698390688684, 42.590816667223748 ], [ -77.149735524021992, 42.590849600557021 ], [ -77.149757724021924, 42.590904467223595 ], [ -77.14980972402185, 42.590959400556869 ], [ -77.149824590688524, 42.590997800556806 ], [ -77.149861724021775, 42.591036200556744 ], [ -77.149869124021734, 42.591069067223316 ], [ -77.14992112402166, 42.59112400055659 ], [ -77.149920990688372, 42.591151467223199 ], [ -77.149958190688267, 42.591189867223136 ], [ -77.149965590688282, 42.591217400556445 ], [ -77.149965590688282, 42.591222867223109 ], [ -77.149995324021575, 42.59124480055641 ], [ -77.150017590688208, 42.591305200556292 ], [ -77.150032390688182, 42.591327067222949 ], [ -77.150039924021485, 42.591332600556257 ], [ -77.150032190688194, 42.591497267222678 ], [ -77.15001739068822, 42.591508200556007 ], [ -77.150032324021481, 42.591519200555979 ], [ -77.150032324021481, 42.591618000555798 ], [ -77.150039590688152, 42.591661867222399 ], [ -77.150076790688104, 42.591700267222336 ], [ -77.15007672402146, 42.591705800555701 ], [ -77.150113924021355, 42.59173326722231 ], [ -77.150113924021355, 42.59175520055561 ], [ -77.150136124021344, 42.591771667222247 ], [ -77.150202990687887, 42.591837467222149 ], [ -77.150225190687877, 42.591865000555458 ], [ -77.150225190687877, 42.591870467222122 ], [ -77.150262390687828, 42.591897867222031 ], [ -77.150277190687802, 42.591936267221968 ], [ -77.150299524021079, 42.591952800555305 ], [ -77.150299390687735, 42.591974667221962 ], [ -77.150336590687687, 42.592046067221816 ], [ -77.150343990687702, 42.592062600555153 ], [ -77.150358790687676, 42.59210100055509 ], [ -77.150373724020994, 42.592111867221718 ], [ -77.15037359068765, 42.592155867221663 ], [ -77.150395790687639, 42.592227200554873 ], [ -77.150395790687639, 42.592293067221419 ], [ -77.150373524021006, 42.592364400554686 ], [ -77.150343590687669, 42.592682667220856 ], [ -77.150358524020987, 42.592693667220829 ], [ -77.150343524021025, 42.592737467220729 ], [ -77.150343590687669, 42.592765000554039 ], [ -77.150358390687643, 42.592776000554011 ], [ -77.150343590687669, 42.592781467220675 ], [ -77.150365724021015, 42.592918667220488 ], [ -77.150365724021015, 42.592995467220362 ], [ -77.150380524020989, 42.593072267220236 ], [ -77.150395390687606, 42.593083267220209 ], [ -77.150380524020989, 42.593094267220181 ], [ -77.150380524020989, 42.593121667220146 ], [ -77.150402724020921, 42.593165600553448 ], [ -77.150402790687622, 42.593182067220084 ], [ -77.150424990687554, 42.593291800553231 ], [ -77.150439924020873, 42.593302867219847 ], [ -77.150439924020873, 42.593341200553141 ], [ -77.150462124020862, 42.593451067219632 ], [ -77.150476924020836, 42.593456467219653 ], [ -77.150499190687469, 42.593577200552772 ], [ -77.150513990687443, 42.593582667219437 ], [ -77.150513990687443, 42.593604667219381 ], [ -77.150521390687402, 42.59368700055262 ], [ -77.150551124020694, 42.593703467219257 ], [ -77.150563262562343, 42.594214791176796 ], [ -77.150586496937308, 42.594412283884822 ], [ -77.15071428652044, 42.594470369301405 ], [ -77.150749137562059, 42.594784033884252 ], [ -77.150737520895404, 42.595411363049948 ], [ -77.150621349020582, 42.59572502659114 ], [ -77.150447090687521, 42.596003840132369 ], [ -77.150307684437735, 42.596131628673788 ], [ -77.149924316729994, 42.596305887006906 ], [ -77.149561724022249, 42.596480000548297 ], [ -77.149561724022249, 42.59646346721496 ], [ -77.149524590688941, 42.596436067214995 ], [ -77.149487524022334, 42.596386667215086 ], [ -77.149465324022401, 42.596370267215093 ], [ -77.149450390689083, 42.596370267215093 ], [ -77.149450324022439, 42.596353800548457 ], [ -77.148936854231522, 42.596282652631942 ], [ -77.148704510481878, 42.596143246382155 ], [ -77.1482514396493, 42.596143246382155 ], [ -77.148143190691087, 42.596177429715397 ], [ -77.148143190691087, 42.59621066721536 ], [ -77.148105924024492, 42.596287467215234 ], [ -77.148091124024518, 42.596293000548542 ], [ -77.148091124024518, 42.596331400548479 ], [ -77.148113324024507, 42.596413667215018 ], [ -77.148150524024402, 42.596441200548327 ], [ -77.148142990691099, 42.596479600548264 ], [ -77.148128124024481, 42.596485067214928 ], [ -77.148128124024481, 42.596507000548229 ], [ -77.148113324024507, 42.596512467214893 ], [ -77.148128124024481, 42.596523467214865 ], [ -77.148105790691147, 42.596567400548167 ], [ -77.148128124024481, 42.596633267214713 ], [ -77.148150324024414, 42.596688067214643 ], [ -77.148172590691047, 42.596704667214567 ], [ -77.148050341732926, 42.596757124506155 ], [ -77.148000072982995, 42.596775403672837 ], [ -77.148118890691137, 42.596939920339253 ], [ -77.148182695899379, 42.597129996380602 ], [ -77.148237946940981, 42.597294584921997 ], [ -77.14795090527474, 42.597325560963611 ], [ -77.147666471941875, 42.597383198463547 ], [ -77.147358192775641, 42.597447256796784 ], [ -77.14733279069236, 42.597461667213395 ], [ -77.14698703027625, 42.597570595338254 ], [ -77.146738432359939, 42.597628165129834 ], [ -77.146468028193681, 42.597683118254736 ], [ -77.146221174027403, 42.597735454713018 ], [ -77.146132202152558, 42.597767729712928 ], [ -77.145790201111424, 42.597847747421156 ], [ -77.145357381320423, 42.597905640129397 ], [ -77.145018292779298, 42.597949749504323 ], [ -77.144583889654939, 42.597984208879268 ], [ -77.144198343822211, 42.598003813045921 ], [ -77.143595319864858, 42.598003813045921 ], [ -77.143577550073189, 42.598003813045921 ], [ -77.142741111532814, 42.597977674504307 ], [ -77.14200269278399, 42.59793193179604 ], [ -77.141769405284322, 42.597925397421022 ], [ -77.141508017784759, 42.597899258879409 ], [ -77.141227027160198, 42.597820842212855 ], [ -77.141050590702093, 42.597775099504588 ], [ -77.140808808410839, 42.597415692213474 ], [ -77.140704253202671, 42.597154305755566 ], [ -77.140749995910937, 42.597095493255665 ], [ -77.14077419070253, 42.597015729714087 ], [ -77.140704554244337, 42.596999149505791 ], [ -77.140535068827944, 42.596935592214209 ], [ -77.140270246953321, 42.596522470339892 ], [ -77.140058389661988, 42.596331798465144 ], [ -77.139867717787297, 42.596003419298995 ], [ -77.139645267787614, 42.595717412007787 ], [ -77.139422817787988, 42.595378440133345 ], [ -77.139268761538233, 42.595000304717246 ], [ -77.13925292403826, 42.594983867217252 ], [ -77.139230590704926, 42.594956400550643 ], [ -77.139208390704994, 42.594929000550678 ], [ -77.139193390704975, 42.594912600550686 ], [ -77.139156390705068, 42.594874067217461 ], [ -77.139156324038368, 42.594857667217468 ], [ -77.139119324038461, 42.594808200550858 ], [ -77.139104390705143, 42.59477540055093 ], [ -77.139067390705179, 42.59474786721762 ], [ -77.139067324038535, 42.594725867217676 ], [ -77.139045124038546, 42.594709467217683 ], [ -77.139022924038613, 42.594665467217737 ], [ -77.139007990705295, 42.594643600551137 ], [ -77.138985724038662, 42.594594067217884 ], [ -77.138963390705385, 42.594566667217919 ], [ -77.138926390705421, 42.594528267217981 ], [ -77.138889324038814, 42.594462400551379 ], [ -77.138852190705506, 42.594429467218106 ], [ -77.138852190705506, 42.594407467218161 ], [ -77.138822524038915, 42.594391067218169 ], [ -77.138815124038899, 42.594347200551567 ], [ -77.138785390705607, 42.594325200551623 ], [ -77.138785390705607, 42.594319667218315 ], [ -77.138777990705648, 42.594297800551658 ], [ -77.138740924039041, 42.594264800551741 ], [ -77.138740924039041, 42.59424280055174 ], [ -77.13870372403909, 42.594215400551775 ], [ -77.138703790705733, 42.594198867218495 ], [ -77.1386815240391, 42.594182400551858 ], [ -77.138666724039126, 42.594144067218565 ], [ -77.138629524039231, 42.594116600551956 ], [ -77.138629590705875, 42.594100067218619 ], [ -77.138607324039242, 42.594078200552019 ], [ -77.138570190705991, 42.594034200552073 ], [ -77.13853299070604, 42.594006800552108 ], [ -77.138503390706092, 42.593962867218863 ], [ -77.13846619070614, 42.593924467218926 ], [ -77.138429124039533, 42.593891467218953 ], [ -77.138406924039543, 42.593864067218988 ], [ -77.138399524039585, 42.593842067219043 ], [ -77.138362324039633, 42.593809200552414 ], [ -77.138236190706493, 42.593688400552594 ], [ -77.13821392403986, 42.593671867219314 ], [ -77.13821392403986, 42.593650000552657 ], [ -77.138176790706552, 42.593622600552692 ], [ -77.138176790706552, 42.593617067219384 ], [ -77.138139724039945, 42.593578600552803 ], [ -77.138124924039971, 42.593562067219466 ], [ -77.138102590706694, 42.593534667219501 ], [ -77.138087724040076, 42.593512667219557 ], [ -77.137931924040288, 42.5933754005531 ], [ -77.137857590707085, 42.593320467219826 ], [ -77.13785772404043, 42.593315000553162 ], [ -77.137634924040754, 42.593139400553468 ], [ -77.137634924040754, 42.593128400553496 ], [ -77.137107924041572, 42.592722067220791 ], [ -77.137107924041572, 42.592711067220819 ], [ -77.136825790708656, 42.592491467221123 ], [ -77.136677390708883, 42.592354267221367 ], [ -77.136662590708909, 42.592315800554729 ], [ -77.136588390709051, 42.592255400554848 ], [ -77.136291390709516, 42.592035800555152 ], [ -77.13617999070965, 42.591937000555333 ], [ -77.136157924043061, 42.591887600555424 ], [ -77.136157790709717, 42.591860067222115 ], [ -77.136135524043084, 42.591843667222122 ], [ -77.136135724043072, 42.591744867222303 ], [ -77.136143124043087, 42.591733867222331 ], [ -77.136172924043024, 42.591635067222455 ], [ -77.136187724042998, 42.591624200555827 ], [ -77.136195190709657, 42.591585667222546 ], [ -77.136187724042998, 42.591580267222525 ], [ -77.136187724042998, 42.591541800555945 ], [ -77.13615812404305, 42.59145960055605 ], [ -77.136113590709783, 42.591404600556132 ], [ -77.136083924043135, 42.591388200556196 ], [ -77.136083924043135, 42.591371667222859 ], [ -77.136009590709932, 42.591305800556313 ], [ -77.135913190710085, 42.591234400556402 ], [ -77.135764724043668, 42.591097067223302 ], [ -77.13572759071036, 42.5910312672234 ], [ -77.13575752404364, 42.590839200557014 ], [ -77.1357649907103, 42.590833667223706 ], [ -77.135794790710293, 42.59071300055723 ], [ -77.135794790710293, 42.590685600557265 ], [ -77.135809724043611, 42.590674600557293 ], [ -77.135831990710244, 42.590548400557509 ], [ -77.135846924043506, 42.590537467224181 ], [ -77.135854390710165, 42.5905208672242 ], [ -77.135884190710158, 42.590296000557885 ], [ -77.135869324043483, 42.590285000557913 ], [ -77.135884190710158, 42.590274000557883 ], [ -77.135861990710168, 42.590082000558198 ], [ -77.135847190710194, 42.59007646722489 ], [ -77.135824990710205, 42.590010600558344 ], [ -77.135750790710347, 42.589939200558433 ], [ -77.135698924043766, 42.589900800558496 ], [ -77.135698924043766, 42.589862400558559 ], [ -77.13564692404384, 42.589818400558613 ], [ -77.135609790710589, 42.589790867225304 ], [ -77.135580190710584, 42.589747067225403 ], [ -77.135490990710764, 42.589681067225513 ], [ -77.135491124044052, 42.589675667225492 ], [ -77.135231190711124, 42.589489000559126 ], [ -77.135208924044491, 42.589472467225846 ], [ -77.135119990711303, 42.589390200559308 ], [ -77.135060524044775, 42.589291400559432 ], [ -77.135060590711419, 42.589263867226123 ], [ -77.135038390711429, 42.589241867226178 ], [ -77.135023524044811, 42.589198067226221 ], [ -77.135023524044811, 42.589181600559584 ], [ -77.135001324044822, 42.58915960055964 ], [ -77.134986390711504, 42.589077267226457 ], [ -77.13497159071153, 42.589071800559793 ], [ -77.134949390711597, 42.589000400559883 ], [ -77.134927124044964, 42.588978467226582 ], [ -77.134927190711608, 42.588973000559918 ], [ -77.134942124044926, 42.58893460055998 ], [ -77.134927190711608, 42.588923600560008 ], [ -77.13491232404499, 42.588852267226798 ], [ -77.134904990711675, 42.588841267226826 ], [ -77.134875324045026, 42.588780867226887 ], [ -77.134875324045026, 42.588753467226923 ], [ -77.134867924045068, 42.58874246722695 ], [ -77.134838190711775, 42.588676600560404 ], [ -77.134838190711775, 42.588660067227067 ], [ -77.13481612404513, 42.588588800560501 ], [ -77.134815990711786, 42.5885668672272 ], [ -77.134778924045179, 42.588506400560675 ], [ -77.134778990711879, 42.588451600560745 ], [ -77.13477152404522, 42.588440667227417 ], [ -77.134756724045246, 42.588407667227443 ], [ -77.134734590711901, 42.588325400560905 ], [ -77.134734524045257, 42.58830340056096 ], [ -77.134704790711965, 42.58828686722768 ], [ -77.134704924045309, 42.58823206722775 ], [ -77.134697524045293, 42.588221067227778 ], [ -77.134682724045319, 42.588149667227867 ], [ -77.134667924045345, 42.588138800561239 ], [ -77.134645590712068, 42.588050867228048 ], [ -77.134608590712105, 42.58791380056158 ], [ -77.134608524045461, 42.587897267228243 ], [ -77.134601190712146, 42.587886200561627 ], [ -77.134571590712198, 42.587749067228515 ], [ -77.134571724045486, 42.587628267228695 ], [ -77.134586590712161, 42.58760086722873 ], [ -77.134571724045486, 42.587595400562066 ], [ -77.134586590712161, 42.587568000562101 ], [ -77.134586590712161, 42.587491200562226 ], [ -77.134601390712135, 42.587485667228918 ], [ -77.1346239907121, 42.587310000562525 ], [ -77.134653724045393, 42.58721126722935 ], [ -77.134653790712036, 42.587183800562684 ], [ -77.134661190712052, 42.587172867229413 ], [ -77.134690990711988, 42.587046667229572 ], [ -77.134713324045265, 42.586936867229781 ], [ -77.134735590711898, 42.586920467229788 ], [ -77.134735590711898, 42.586882067229851 ], [ -77.134750590711917, 42.586821667229913 ], [ -77.134780190711865, 42.586772267230003 ], [ -77.134780324045209, 42.586739400563374 ], [ -77.134817590711805, 42.586591200563646 ], [ -77.134817590711805, 42.586574667230309 ], [ -77.134824990711763, 42.586563800563681 ], [ -77.134839924045082, 42.586530867230408 ], [ -77.134862324045059, 42.586399200563903 ], [ -77.134877124045033, 42.586393667230595 ], [ -77.134899524045011, 42.58624546723081 ], [ -77.134929324044947, 42.586229067230875 ], [ -77.134929324044947, 42.586185200564273 ], [ -77.134966590711542, 42.58604800056446 ], [ -77.135003790711494, 42.585938267231313 ], [ -77.135003790711494, 42.585872400564767 ], [ -77.135018724044812, 42.585861467231439 ], [ -77.135026124044828, 42.58582860056481 ], [ -77.135055924044764, 42.585702267231682 ], [ -77.135063324044722, 42.585691267231709 ], [ -77.135078190711397, 42.585663867231744 ], [ -77.135093124044715, 42.585570667231877 ], [ -77.135115390711348, 42.585554200565241 ], [ -77.135115524044636, 42.585537667231904 ], [ -77.135130390711311, 42.585400467232148 ], [ -77.135145324044629, 42.585389600565463 ], [ -77.135167724044607, 42.585208400565762 ], [ -77.135167990711238, 42.584818867233025 ], [ -77.135182790711212, 42.584807867233053 ], [ -77.135197724044531, 42.584791400566417 ], [ -77.135220124044508, 42.584626800566696 ], [ -77.135242524044486, 42.584577400566729 ], [ -77.135242390711142, 42.584533400566841 ], [ -77.13525732404446, 42.584522467233512 ], [ -77.135272190711078, 42.584495067233547 ], [ -77.135294590711055, 42.584363400567099 ], [ -77.135316924044332, 42.584341400567098 ], [ -77.135316990711033, 42.584324867233818 ], [ -77.135331790711007, 42.584259067233916 ], [ -77.135361524044299, 42.584242667233923 ], [ -77.135361590710943, 42.584204200567342 ], [ -77.135398724044251, 42.584132867234132 ], [ -77.135398790710894, 42.584105467234167 ], [ -77.135406190710853, 42.584094467234195 ], [ -77.135420990710827, 42.584061600567566 ], [ -77.135443524044149, 42.583979267234326 ], [ -77.135473124044097, 42.58396280056769 ], [ -77.135473124044097, 42.583940867234389 ], [ -77.135480590710756, 42.583897000567788 ], [ -77.135510324044049, 42.583880467234508 ], [ -77.135510390710692, 42.583858467234506 ], [ -77.135517790710708, 42.583814667234606 ], [ -77.135547590710644, 42.583798200567969 ], [ -77.135554990710659, 42.58374880056806 ], [ -77.13559212404391, 42.583721400568095 ], [ -77.13559212404391, 42.583704867234758 ], [ -77.135621790710559, 42.583688467234822 ], [ -77.135621924043903, 42.583672000568129 ], [ -77.135681390710431, 42.583595267234955 ], [ -77.135733390710357, 42.583534867235016 ], [ -77.13575572404369, 42.583512867235072 ], [ -77.135755590710346, 42.583496467235079 ], [ -77.135904390710095, 42.583359267235323 ], [ -77.135904324043452, 42.583342867235331 ], [ -77.13597859071001, 42.583271600568764 ], [ -77.136008390709947, 42.583249667235464 ], [ -77.136008390709947, 42.583244200568799 ], [ -77.136045590709898, 42.58319480056889 ], [ -77.136082724043149, 42.583161867235617 ], [ -77.136082724043149, 42.583139867235673 ], [ -77.136119924043101, 42.583107000569044 ], [ -77.136119790709756, 42.583085067235743 ], [ -77.136127324043116, 42.583079600569079 ], [ -77.136164524043011, 42.582997200569196 ], [ -77.136179390709685, 42.582969867235931 ], [ -77.136201724042962, 42.582849067236111 ], [ -77.136201790709663, 42.582832667236119 ], [ -77.136216590709637, 42.582821667236146 ], [ -77.136231524042955, 42.582788800569517 ], [ -77.136238990709558, 42.582766800569573 ], [ -77.136231524042955, 42.582761267236208 ], [ -77.136231590709599, 42.582739267236263 ], [ -77.136231524042955, 42.582733800569599 ], [ -77.136253924042876, 42.582706400569634 ], [ -77.136283724042869, 42.582497867236668 ], [ -77.136283790709513, 42.582448467236702 ], [ -77.136253990709577, 42.582432000570066 ], [ -77.136254124042921, 42.582421067236737 ], [ -77.136246724042905, 42.582393600570128 ], [ -77.136194790709681, 42.582311267236946 ], [ -77.136157590709729, 42.582278400570317 ], [ -77.13613539070974, 42.582185067237106 ], [ -77.13613539070974, 42.582168600570469 ], [ -77.136150324043058, 42.582086267237287 ], [ -77.136157724043017, 42.582075267237315 ], [ -77.136172590709691, 42.58204786723735 ], [ -77.136194990709669, 42.581993000570776 ], [ -77.13623219070962, 42.581905200570873 ], [ -77.136246990709594, 42.581877800570965 ], [ -77.13626959070956, 42.581587000571403 ], [ -77.136284524042821, 42.581576000571431 ], [ -77.136276990709518, 42.581493600571548 ], [ -77.136277124042863, 42.581367400571708 ], [ -77.136247524042915, 42.581263200571868 ], [ -77.136247590709559, 42.581202800571987 ], [ -77.136225390709626, 42.581158867238742 ], [ -77.136225390709626, 42.581120400572104 ], [ -77.136188390709663, 42.580900867239109 ], [ -77.136180990709647, 42.580890000572481 ], [ -77.136151390709699, 42.58069780057275 ], [ -77.136166324043018, 42.580654000572849 ], [ -77.136188590709651, 42.580610067239547 ], [ -77.136188590709651, 42.580593600572911 ], [ -77.136218390709644, 42.580544200573001 ], [ -77.136218324042943, 42.580527667239721 ], [ -77.136240724042921, 42.580511267239729 ], [ -77.136240724042921, 42.580461867239819 ], [ -77.136255590709538, 42.580456400573155 ], [ -77.136277924042872, 42.580407000573246 ], [ -77.136292724042846, 42.580390600573253 ], [ -77.136315124042824, 42.580335667239979 ], [ -77.136329924042798, 42.580319200573342 ], [ -77.136344790709416, 42.580264400573469 ], [ -77.136366990709405, 42.580248000573476 ], [ -77.136367124042692, 42.580226000573532 ], [ -77.136381924042723, 42.580220467240167 ], [ -77.136389390709326, 42.580198467240223 ], [ -77.136419190709319, 42.580138200573629 ], [ -77.136441524042596, 42.580116267240328 ], [ -77.136441390709251, 42.580088800573719 ], [ -77.13645632404257, 42.580061400573754 ], [ -77.136478724042547, 42.580045000573762 ], [ -77.136493590709165, 42.579979067240572 ], [ -77.136515790709154, 42.579962667240579 ], [ -77.136515790709154, 42.579951667240607 ], [ -77.136530790709116, 42.579907667240661 ], [ -77.136552990709106, 42.579891267240669 ], [ -77.136552990709106, 42.579880267240696 ], [ -77.136567924042424, 42.579852867240731 ], [ -77.136605124042376, 42.57979246724085 ], [ -77.136604990709031, 42.579770600574193 ], [ -77.136627390709009, 42.579754067240913 ], [ -77.136642190708983, 42.579710200574311 ], [ -77.13666452404226, 42.579688267241011 ], [ -77.136664590708904, 42.579682800574346 ], [ -77.136679390708878, 42.579633467241081 ], [ -77.136701790708855, 42.579617000574444 ], [ -77.136716590708829, 42.579573067241199 ], [ -77.136716590708829, 42.579551067241198 ], [ -77.136731524042148, 42.579545667241234 ], [ -77.136738924042163, 42.579529200574598 ], [ -77.136768724042099, 42.579474267241324 ], [ -77.136776190708758, 42.579446867241359 ], [ -77.136805790708706, 42.579392000574785 ], [ -77.136828190708684, 42.579326200574883 ], [ -77.136865390708635, 42.579254800575029 ], [ -77.136865390708635, 42.579227400575064 ], [ -77.13690259070853, 42.57915060057519 ], [ -77.13690259070853, 42.579134067241853 ], [ -77.136939790708482, 42.579035267242034 ], [ -77.136939790708482, 42.579018867242041 ], [ -77.1369547240418, 42.579008000575413 ], [ -77.136962124041816, 42.578980467242104 ], [ -77.136991790708407, 42.578887200575593 ], [ -77.137014190708385, 42.578870800575601 ], [ -77.137014190708385, 42.578859800575628 ], [ -77.137029124041703, 42.578815867242383 ], [ -77.137051390708336, 42.578799400575747 ], [ -77.137066324041655, 42.578755467242445 ], [ -77.137088590708288, 42.578733600575845 ], [ -77.137103390708262, 42.578700667242515 ], [ -77.137125724041539, 42.578678800575915 ], [ -77.137125790708183, 42.578662267242578 ], [ -77.137140724041501, 42.578634800575969 ], [ -77.13716292404149, 42.578618400575976 ], [ -77.13716292404149, 42.578596400576032 ], [ -77.137177790708108, 42.578591000576068 ], [ -77.137192590708082, 42.578569000576067 ], [ -77.137229790708034, 42.578486667242885 ], [ -77.137252124041368, 42.578470267242892 ], [ -77.137252190708011, 42.578453800576256 ], [ -77.137289190707975, 42.578404400576346 ], [ -77.137304190707937, 42.578371467243073 ], [ -77.137326390707869, 42.578355067243081 ], [ -77.137326390707869, 42.578344067243108 ], [ -77.137341390707888, 42.578300067243163 ], [ -77.137363590707821, 42.578278200576506 ], [ -77.137378524041139, 42.578234267243261 ], [ -77.137400790707773, 42.578217867243268 ], [ -77.137400790707773, 42.578195867243323 ], [ -77.137415724041091, 42.578168400576715 ], [ -77.137437990707724, 42.578152000576722 ], [ -77.137437990707724, 42.578135600576729 ], [ -77.137452924041042, 42.57808620057682 ], [ -77.137475190707676, 42.57806966724354 ], [ -77.137490124040994, 42.578009400576946 ], [ -77.137512390707627, 42.577987400577001 ], [ -77.137527190707601, 42.577916067243734 ], [ -77.137549590707579, 42.577899667243798 ], [ -77.137549590707579, 42.577850200577188 ], [ -77.13756452404084, 42.57784466724388 ], [ -77.137586924040818, 42.577707600577412 ], [ -77.137586990707518, 42.577532000577662 ], [ -77.137564724040885, 42.577488000577773 ], [ -77.137564790707529, 42.57747160057778 ], [ -77.137527590707577, 42.577361800577933 ], [ -77.137520324040906, 42.577306867244715 ], [ -77.137490724040958, 42.577285000578058 ], [ -77.137483190707655, 42.577241067244813 ], [ -77.137483190707655, 42.577224600578177 ], [ -77.137468390707681, 42.577213600578204 ], [ -77.137446124041048, 42.57715866724493 ], [ -77.137453590707707, 42.577131267244965 ], [ -77.137446190707692, 42.577120267244993 ], [ -77.137453590707707, 42.577114800578329 ], [ -77.137453724041052, 42.57701600057851 ], [ -77.137468524041026, 42.577005067245182 ], [ -77.137498324040962, 42.576878867245341 ], [ -77.137505790707621, 42.576867867245369 ], [ -77.137535524040914, 42.57676906724555 ], [ -77.137535524040914, 42.576747200578893 ], [ -77.137557924040891, 42.576730667245613 ], [ -77.137557924040891, 42.576692267245676 ], [ -77.137572724040865, 42.576686800579012 ], [ -77.137580190707524, 42.576659400579047 ], [ -77.137572790707509, 42.576588067245837 ], [ -77.137595124040786, 42.576566067245835 ], [ -77.13760999070746, 42.576456267246044 ], [ -77.137617524040763, 42.576450867246024 ], [ -77.137654724040715, 42.576357600579513 ], [ -77.137691924040666, 42.576291667246267 ], [ -77.13770672404064, 42.576275267246331 ], [ -77.137736390707289, 42.576187467246427 ], [ -77.137758724040566, 42.576165600579827 ], [ -77.13775879070721, 42.576132600579854 ], [ -77.137773724040528, 42.576121600579881 ], [ -77.13775879070721, 42.576110600579909 ], [ -77.137773724040528, 42.576083267246588 ], [ -77.137773590707184, 42.576066800579952 ], [ -77.137795990707161, 42.576050267246671 ], [ -77.137795924040518, 42.576028400580014 ], [ -77.13781092404048, 42.575913200580203 ], [ -77.137833190707113, 42.575891067246914 ], [ -77.137833324040457, 42.575819800580348 ], [ -77.137848124040431, 42.57581426724704 ], [ -77.13785552404039, 42.575792400580383 ], [ -77.137848124040431, 42.575765000580418 ], [ -77.13785559070709, 42.57575946724711 ], [ -77.137885324040383, 42.575627800580662 ], [ -77.137907790707004, 42.575556467247395 ], [ -77.137907724040303, 42.575529000580786 ], [ -77.137944990706956, 42.575457667247576 ], [ -77.137944924040255, 42.575413800580975 ], [ -77.13795979070693, 42.575402867247647 ], [ -77.137974724040248, 42.575364400581066 ], [ -77.137997124040169, 42.575282067247826 ], [ -77.138019324040158, 42.575265667247891 ], [ -77.138019324040158, 42.575254667247862 ], [ -77.138034190706776, 42.57519426724798 ], [ -77.138086324040046, 42.575139400581406 ], [ -77.138108524040035, 42.575084600581476 ], [ -77.138145724039987, 42.57501866724823 ], [ -77.138145724039987, 42.574974867248329 ], [ -77.138160590706605, 42.574963867248357 ], [ -77.138182990706582, 42.574903467248419 ], [ -77.138182990706582, 42.574865067248481 ], [ -77.1381979240399, 42.574854067248509 ], [ -77.138212724039875, 42.574837667248516 ], [ -77.138234990706508, 42.574662067248823 ], [ -77.138257390706428, 42.574645600582187 ], [ -77.138272324039747, 42.574546800582311 ], [ -77.13829459070638, 42.574530400582319 ], [ -77.13829459070638, 42.574508400582374 ], [ -77.138309524039698, 42.574448067249136 ], [ -77.138331790706332, 42.574398667249227 ], [ -77.138331790706332, 42.574371267249262 ], [ -77.138346590706306, 42.574365800582598 ], [ -77.138361524039624, 42.574327267249316 ], [ -77.138383924039601, 42.574245067249478 ], [ -77.13845819070616, 42.574146267249603 ], [ -77.138473124039479, 42.574129800582966 ], [ -77.138525124039347, 42.574075000583036 ], [ -77.138532524039363, 42.574053000583092 ], [ -77.138599390705906, 42.573992667249854 ], [ -77.13871092403906, 42.573910400583316 ], [ -77.138859390705534, 42.573817200583449 ], [ -77.138903990705444, 42.573762267250231 ], [ -77.138941190705395, 42.573691000583665 ], [ -77.138941190705395, 42.573630667250427 ], [ -77.13893379070538, 42.573603200583761 ], [ -77.138896724038773, 42.573575800583853 ], [ -77.138867124038825, 42.573498867250635 ], [ -77.13886699070548, 42.573482467250642 ], [ -77.138844790705548, 42.573438467250696 ], [ -77.138844924038892, 42.573383667250766 ], [ -77.13885979070551, 42.573334267250857 ], [ -77.138881990705499, 42.573290400584256 ], [ -77.138882124038844, 42.573273867250975 ], [ -77.13891192403878, 42.573197067251101 ], [ -77.13895652403869, 42.573065400584596 ], [ -77.138986190705339, 42.573043400584652 ], [ -77.138993724038642, 42.572988600584722 ], [ -77.13902332403859, 42.572972067251442 ], [ -77.13902339070529, 42.572955600584805 ], [ -77.139030790705249, 42.572906200584839 ], [ -77.139060590705185, 42.572889800584903 ], [ -77.139060590705185, 42.572878800584931 ], [ -77.1390679907052, 42.572834867251629 ], [ -77.139097790705137, 42.572818467251693 ], [ -77.139105190705152, 42.572763600585063 ], [ -77.139134924038444, 42.572747067251782 ], [ -77.139134924038444, 42.572736200585155 ], [ -77.139149790705062, 42.572670267251908 ], [ -77.139224190704965, 42.572588067252013 ], [ -77.139261324038216, 42.572544200585412 ], [ -77.139298524038168, 42.57250566725213 ], [ -77.139305924038183, 42.572335667252446 ], [ -77.139305990704827, 42.57230820058578 ], [ -77.139320790704801, 42.572297200585808 ], [ -77.139343124038078, 42.57223686725257 ], [ -77.139357990704752, 42.572209400585962 ], [ -77.13938039070473, 42.572116200586095 ], [ -77.139410124038022, 42.572099667252758 ], [ -77.139417524037981, 42.572050400586193 ], [ -77.139417590704625, 42.572033867252912 ], [ -77.139432390704656, 42.572028400586248 ], [ -77.13946959070455, 42.571946067253009 ], [ -77.139499390704543, 42.57186380058647 ], [ -77.139521590704476, 42.571841800586526 ], [ -77.13952172403782, 42.571825400586533 ], [ -77.139536590704495, 42.571759467253287 ], [ -77.139558790704427, 42.571743067253351 ], [ -77.139558790704427, 42.571732067253379 ], [ -77.139573790704389, 42.57167166725344 ], [ -77.139596124037723, 42.57164980058684 ], [ -77.139596124037723, 42.571627800586839 ], [ -77.139610924037697, 42.571578467253573 ], [ -77.139633324037675, 42.571562000586937 ], [ -77.139633324037675, 42.571523600587 ], [ -77.139648124037649, 42.571518067253692 ], [ -77.139655590704308, 42.571479667253755 ], [ -77.13967052403757, 42.57145226725379 ], [ -77.139655590704308, 42.571441267253817 ], [ -77.13967052403757, 42.571413800587209 ], [ -77.139670390704282, 42.571397267253872 ], [ -77.139707724037521, 42.571315067253977 ], [ -77.139737524037514, 42.571117467254282 ], [ -77.139759790704147, 42.571095467254338 ], [ -77.139759790704147, 42.571040667254408 ], [ -77.139774724037409, 42.571013200587799 ], [ -77.139796990704042, 42.570996800587807 ], [ -77.139796990704042, 42.570980400587871 ], [ -77.13981192403736, 42.570914467254624 ], [ -77.13983412403735, 42.570898000587988 ], [ -77.139834190703993, 42.570870600588023 ], [ -77.139848990703968, 42.570826667254778 ], [ -77.139871324037301, 42.570777267254812 ], [ -77.139871390703945, 42.570749867254904 ], [ -77.139886324037263, 42.570744400588239 ], [ -77.139908524037196, 42.570689467254965 ], [ -77.139923390703871, 42.570612667255091 ], [ -77.139960590703822, 42.570541400588525 ], [ -77.139960590703822, 42.570524867255244 ], [ -77.139997924037061, 42.57044806725537 ], [ -77.139997790703774, 42.570415067255396 ], [ -77.140012724037035, 42.570404200588769 ], [ -77.140020190703694, 42.570376667255459 ], [ -77.140049924036987, 42.570316400588865 ], [ -77.14007219070362, 42.570267067255656 ], [ -77.140072324036964, 42.570234067255683 ], [ -77.140094590703598, 42.570212200589026 ], [ -77.140109390703572, 42.570140800589172 ], [ -77.14012432403689, 42.5701298005892 ], [ -77.140146724036867, 42.570025600589361 ], [ -77.140161524036841, 42.570014600589332 ], [ -77.140183790703475, 42.569893867256212 ], [ -77.140198724036793, 42.569888400589548 ], [ -77.140213524036767, 42.569861000589583 ], [ -77.140235924036688, 42.569756667256399 ], [ -77.14027319070334, 42.56965246725656 ], [ -77.14027319070334, 42.569603000590007 ], [ -77.140310390703291, 42.56943846725693 ], [ -77.140347524036542, 42.569323200590418 ], [ -77.140347590703186, 42.569301200590473 ], [ -77.14036992403652, 42.569284800590481 ], [ -77.140377390703179, 42.569251867257208 ], [ -77.140414590703131, 42.569131067257388 ], [ -77.14041452403643, 42.569087267257487 ], [ -77.140422124036434, 42.569076200590814 ], [ -77.140436990703051, 42.56892806725773 ], [ -77.140451790703025, 42.568922600591065 ], [ -77.140474190703003, 42.568714067258043 ], [ -77.140489124036321, 42.568703200591415 ], [ -77.140541390702936, 42.568236667258759 ], [ -77.140548790702894, 42.568231200592095 ], [ -77.140578724036175, 42.568066600592374 ], [ -77.14058612403619, 42.568055600592402 ], [ -77.140600924036164, 42.568039200592409 ], [ -77.1406307240361, 42.567929400592618 ], [ -77.140652990702733, 42.567913000592625 ], [ -77.140652990702733, 42.567902000592653 ], [ -77.140667924036052, 42.567858067259351 ], [ -77.140690190702685, 42.567836200592751 ], [ -77.140690124035984, 42.567830667259386 ], [ -77.140727324035936, 42.567792200592805 ], [ -77.140749590702569, 42.567710000592911 ], [ -77.140786790702521, 42.567682467259658 ], [ -77.140801590702495, 42.567638600593057 ], [ -77.140801590702495, 42.567622200593064 ], [ -77.140816524035813, 42.567611200593092 ], [ -77.140823990702472, 42.567572800593155 ], [ -77.140853724035765, 42.567512400593216 ], [ -77.140853790702408, 42.567490467259915 ], [ -77.140861190702424, 42.567485000593308 ], [ -77.140875990702398, 42.567446467260027 ], [ -77.140913190702349, 42.567347800593495 ], [ -77.140928124035668, 42.567271000593621 ], [ -77.140950390702244, 42.567254467260284 ], [ -77.140980124035536, 42.567194200593747 ], [ -77.140987590702196, 42.567172200593745 ], [ -77.141002524035514, 42.567139267260472 ], [ -77.141039724035465, 42.56707346726057 ], [ -77.141039590702121, 42.567046000593962 ], [ -77.141128790701998, 42.566925267260842 ], [ -77.141210524035216, 42.56685406726092 ], [ -77.141396190701585, 42.566755267261101 ], [ -77.14144819070151, 42.566716867261164 ], [ -77.141544790701346, 42.566629200594605 ], [ -77.141544790701346, 42.566601667261295 ], [ -77.141574524034638, 42.56658526726136 ], [ -77.141574524034638, 42.566574267261387 ], [ -77.141581990701297, 42.566546867261422 ], [ -77.141574524034638, 42.56653580059475 ], [ -77.141581990701297, 42.566530400594786 ], [ -77.14159699070126, 42.56628886726179 ], [ -77.141589590701301, 42.566283400595125 ], [ -77.141611924034578, 42.566217467261936 ], [ -77.141611924034578, 42.566201067261943 ], [ -77.141649124034529, 42.566129800595377 ], [ -77.141648990701185, 42.566107867262076 ], [ -77.141671390701163, 42.566091267262095 ], [ -77.141686190701137, 42.566047467262194 ], [ -77.141686324034481, 42.565998067262228 ], [ -77.141701124034455, 42.565992600595621 ], [ -77.141686324034481, 42.565981600595592 ], [ -77.141671390701163, 42.565954200595684 ], [ -77.141686390701125, 42.565910267262382 ], [ -77.141686390701125, 42.565871867262445 ], [ -77.141664124034492, 42.565773000595925 ], [ -77.141664190701192, 42.565729200596024 ], [ -77.141649324034518, 42.565718200595995 ], [ -77.141679124034454, 42.565646867262785 ], [ -77.141716190701061, 42.565608400596204 ], [ -77.141738524034395, 42.56555346726293 ], [ -77.141797990700979, 42.565487800596372 ], [ -77.141827724034272, 42.565432867263155 ], [ -77.141887124034156, 42.565372600596561 ], [ -77.141909524034133, 42.565317667263287 ], [ -77.141924324034107, 42.565301267263351 ], [ -77.141939190700725, 42.565262800596713 ], [ -77.141961524034059, 42.565218867263468 ], [ -77.141961590700703, 42.565180467263531 ], [ -77.141976390700677, 42.565169467263559 ], [ -77.141991390700639, 42.565043400597062 ], [ -77.141976390700677, 42.565037800597054 ], [ -77.141961724034047, 42.564906067263962 ], [ -77.141939390700713, 42.564889600597326 ], [ -77.141902390700807, 42.564779867264122 ], [ -77.141850524034226, 42.564626200597729 ], [ -77.141850590700869, 42.56457680059782 ], [ -77.141895124034136, 42.564478000597944 ], [ -77.141895190700779, 42.564445067264671 ], [ -77.141902590700795, 42.564434067264699 ], [ -77.141917590700757, 42.564417667264706 ], [ -77.141954724034065, 42.564253000598285 ], [ -77.141954724034065, 42.564214667265048 ], [ -77.141969590700683, 42.564203667265019 ], [ -77.141954724034065, 42.564176200598411 ], [ -77.141954924034053, 42.564115867265173 ], [ -77.141932590700776, 42.564072000598571 ], [ -77.141932590700776, 42.564044467265262 ], [ -77.141895524034112, 42.564006000598681 ], [ -77.141895524034112, 42.563989600598688 ], [ -77.141880724034138, 42.563978667265417 ], [ -77.141873324034179, 42.563940200598779 ], [ -77.141836190700872, 42.563912800598814 ], [ -77.141836124034228, 42.563907267265506 ], [ -77.141821390700898, 42.563885267265562 ], [ -77.141821390700898, 42.563868800598868 ], [ -77.14180652403428, 42.563857800598896 ], [ -77.14178432403429, 42.563814000598995 ], [ -77.141747190701039, 42.563748067265749 ], [ -77.141710124034432, 42.563649267265873 ], [ -77.141710190701076, 42.563457200599544 ], [ -77.141725124034394, 42.563429800599579 ], [ -77.14171032403442, 42.563424267266271 ], [ -77.141739990701069, 42.563342000599732 ], [ -77.14176239070099, 42.563265067266514 ], [ -77.141784724034324, 42.563248667266521 ], [ -77.141799524034298, 42.56320480059992 ], [ -77.141821790700931, 42.563182867266619 ], [ -77.141821924034275, 42.563177400599955 ], [ -77.141836790700893, 42.563149867266702 ], [ -77.141858990700882, 42.563133467266709 ], [ -77.141858924034182, 42.563111467266708 ], [ -77.141896190700777, 42.563067667266807 ], [ -77.141910990700808, 42.563040200600199 ], [ -77.141933324034085, 42.563023800600206 ], [ -77.141962990700677, 42.562968867266932 ], [ -77.14198532403401, 42.562903000600386 ], [ -77.142007724033988, 42.562886600600393 ], [ -77.142007724033988, 42.562848200600456 ], [ -77.142022524033962, 42.562837200600484 ], [ -77.142074524033887, 42.562722000600672 ], [ -77.142096924033808, 42.562650667267462 ], [ -77.142200790700315, 42.562557400600951 ], [ -77.142237990700266, 42.562530000600987 ], [ -77.142238124033611, 42.56251346726765 ], [ -77.142423724033335, 42.562359867267901 ], [ -77.142460924033287, 42.562310600601336 ], [ -77.142497990699894, 42.562283067268027 ], [ -77.142497990699894, 42.562277600601362 ], [ -77.142520324033171, 42.562250200601397 ], [ -77.142594524033029, 42.562173400601523 ], [ -77.14259459069973, 42.56215700060153 ], [ -77.142646590699655, 42.562102000601612 ], [ -77.142654124032958, 42.562069067268339 ], [ -77.142691190699566, 42.562041667268375 ], [ -77.142691124032922, 42.562030667268402 ], [ -77.14270599069954, 42.562003267268437 ], [ -77.142728390699517, 42.561986867268502 ], [ -77.142743324032836, 42.561937400601892 ], [ -77.142765524032768, 42.561921000601899 ], [ -77.142802590699375, 42.561849667268689 ], [ -77.142832390699368, 42.561783800602143 ], [ -77.142854724032645, 42.56176740060215 ], [ -77.142854724032645, 42.561756400602178 ], [ -77.14286959069932, 42.561712467268933 ], [ -77.142891924032597, 42.56169606726894 ], [ -77.142891924032597, 42.561668600602331 ], [ -77.142906790699215, 42.561657600602302 ], [ -77.142921590699189, 42.561641067269022 ], [ -77.142929124032548, 42.561586267269092 ], [ -77.14295879069914, 42.561564400602492 ], [ -77.142966190699156, 42.561482067269253 ], [ -77.142981124032474, 42.561476600602589 ], [ -77.142995990699092, 42.561449067269336 ], [ -77.143033190699043, 42.561213200602992 ], [ -77.143033324032388, 42.561048600603272 ], [ -77.143018390699069, 42.561037467269955 ], [ -77.143011124032398, 42.561004600603326 ], [ -77.142996324032424, 42.560966200603389 ], [ -77.142996324032424, 42.56095526727006 ], [ -77.143011190699099, 42.560927800603451 ], [ -77.142996324032424, 42.560922267270143 ], [ -77.14298152403245, 42.560845467270269 ], [ -77.142973990699147, 42.560840000603605 ], [ -77.142959190699173, 42.560812467270296 ], [ -77.14292219069921, 42.56074660060375 ], [ -77.142870324032629, 42.560680800603848 ], [ -77.142848124032639, 42.560625867270574 ], [ -77.142825790699362, 42.560609400603937 ], [ -77.142825790699362, 42.560582000603972 ], [ -77.142810990699388, 42.5605710672707 ], [ -77.142773924032781, 42.560455800604188 ], [ -77.142773990699425, 42.560362467270977 ], [ -77.142788924032743, 42.560225267271221 ], [ -77.142803724032717, 42.560219800604557 ], [ -77.142826190699338, 42.560082600604744 ], [ -77.142840990699312, 42.560071600604772 ], [ -77.142863324032646, 42.560000267271562 ], [ -77.142892924032594, 42.559983800604925 ], [ -77.142893124032582, 42.559972800604953 ], [ -77.142900390699253, 42.559945400604988 ], [ -77.142937590699205, 42.559879600605086 ], [ -77.142937590699205, 42.559852067271777 ], [ -77.142967324032497, 42.559835667271841 ], [ -77.142974790699157, 42.559764400605275 ], [ -77.142989724032418, 42.559753400605302 ], [ -77.143041790699044, 42.55954486727228 ], [ -77.14302692403237, 42.559533867272307 ], [ -77.143056724032363, 42.559407667272467 ], [ -77.143056724032363, 42.559341800605921 ], [ -77.143064190698965, 42.559336400605957 ], [ -77.143094190698946, 42.558754600606846 ], [ -77.143109124032264, 42.558743667273518 ], [ -77.143131524032242, 42.558513200607194 ], [ -77.143146324032216, 42.558507667273886 ], [ -77.143183590698811, 42.558326600607472 ], [ -77.143205924032088, 42.558277200607563 ], [ -77.143205990698789, 42.558222400607633 ], [ -77.143235724032081, 42.558178400607744 ], [ -77.143235724032081, 42.558151000607779 ], [ -77.14324312403204, 42.558140000607807 ], [ -77.143272990698676, 42.557959000608093 ], [ -77.143272924031976, 42.557904067274819 ], [ -77.143258124032002, 42.557876600608211 ], [ -77.143235790698725, 42.557849200608246 ], [ -77.143220990698751, 42.557832667274909 ], [ -77.143235990698713, 42.557777867275036 ], [ -77.143206190698777, 42.557706467275125 ], [ -77.143206324032121, 42.557684600608468 ], [ -77.143184124032132, 42.557668067275188 ], [ -77.143161924032199, 42.557574667275333 ], [ -77.143139590698866, 42.557503400608766 ], [ -77.143139590698866, 42.55741560060892 ], [ -77.143146990698881, 42.557404600608947 ], [ -77.143191924032124, 42.557102800609414 ], [ -77.143214124032113, 42.557086400609421 ], [ -77.143214124032113, 42.557075400609449 ], [ -77.143228990698731, 42.556976600609573 ], [ -77.143251324032008, 42.556960200609637 ], [ -77.143251324032008, 42.556932667276328 ], [ -77.143266324032027, 42.556828467276489 ], [ -77.14328859069866, 42.556757067276578 ], [ -77.14328859069866, 42.556740600609942 ], [ -77.143303524031978, 42.55672966727667 ], [ -77.143310924031937, 42.556619867276822 ], [ -77.143340590698585, 42.556548600610256 ], [ -77.143340724031873, 42.556455267277045 ], [ -77.143355524031847, 42.556449867277081 ], [ -77.143326124031944, 42.556219400610757 ], [ -77.143318590698584, 42.556208267277441 ], [ -77.143281724031965, 42.556010800611091 ], [ -77.143266790698704, 42.555999800611119 ], [ -77.143259390698688, 42.555884467277963 ], [ -77.14322979069874, 42.555835200611341 ], [ -77.14322979069874, 42.555780267278124 ], [ -77.143222390698725, 42.555774800611459 ], [ -77.143207590698751, 42.555599067278422 ], [ -77.143229990698728, 42.555483867278554 ], [ -77.143259724032021, 42.555462000611953 ], [ -77.143259724032021, 42.555434467278644 ], [ -77.143282124031998, 42.555418067278652 ], [ -77.14331179069859, 42.555346667278798 ], [ -77.143348790698553, 42.555319267278833 ], [ -77.143371190698531, 42.555275467278875 ], [ -77.143371324031875, 42.555220467278957 ], [ -77.143334190698567, 42.555083400612546 ], [ -77.143334190698567, 42.555055867279236 ], [ -77.14331932403195, 42.555044867279264 ], [ -77.143297190698604, 42.554962600612726 ], [ -77.143297190698604, 42.554935200612761 ], [ -77.143282324031986, 42.554924200612788 ], [ -77.143260190698697, 42.55479786727966 ], [ -77.143260190698697, 42.554754067279703 ], [ -77.143252724032038, 42.55474306727973 ], [ -77.143237990698708, 42.554710067279757 ], [ -77.143215924032063, 42.554452200613525 ], [ -77.143186190698827, 42.554298467280432 ], [ -77.143193990698762, 42.553969267280934 ], [ -77.143179124032145, 42.553958267280962 ], [ -77.143201524032122, 42.553815600614485 ], [ -77.143216324032096, 42.553804667281156 ], [ -77.143245990698688, 42.553640000614791 ], [ -77.143268390698665, 42.553596067281489 ], [ -77.14326852403201, 42.553541267281616 ], [ -77.143305724031961, 42.553332667281893 ], [ -77.143305990698593, 42.55276746728282 ], [ -77.143298590698635, 42.552756467282791 ], [ -77.143269124032031, 42.552602800616398 ], [ -77.143239390698739, 42.552465600616586 ], [ -77.143239524032026, 42.552449067283305 ], [ -77.143224590698765, 42.552438200616621 ], [ -77.143209790698791, 42.552405200616704 ], [ -77.143187590698801, 42.5522954672835 ], [ -77.143172790698827, 42.552284467283528 ], [ -77.143165324032168, 42.552257067283563 ], [ -77.143172790698827, 42.552174667283737 ], [ -77.143172924032172, 42.552158200617043 ], [ -77.143187724032146, 42.552147267283772 ], [ -77.143217524032082, 42.551993667283966 ], [ -77.143239790698715, 42.55197720061733 ], [ -77.143239724032071, 42.551955267284029 ], [ -77.143254724032033, 42.551873000617491 ], [ -77.143262124031992, 42.551867400617539 ], [ -77.143299324031943, 42.551653467284495 ], [ -77.143314190698618, 42.551648000617888 ], [ -77.143336590698596, 42.551483267284766 ], [ -77.14332919069858, 42.55141740061822 ], [ -77.143343990698554, 42.551390000618255 ], [ -77.143329324031924, 42.551329600618374 ], [ -77.143344124031898, 42.551318667285045 ], [ -77.143329324031924, 42.551274800618444 ], [ -77.143329324031924, 42.551247267285135 ], [ -77.14331452403195, 42.551236267285162 ], [ -77.143307124031935, 42.55121986728517 ], [ -77.143292324031961, 42.551181467285232 ], [ -77.143292190698617, 42.551165000618596 ], [ -77.143307124031935, 42.551154067285324 ], [ -77.143285124031991, 42.550824667285781 ], [ -77.143285190698634, 42.550561267286241 ], [ -77.143307590698612, 42.550352800619862 ], [ -77.14332252403193, 42.550341867286534 ], [ -77.143344790698563, 42.550254000620043 ], [ -77.143374524031856, 42.550210067286741 ], [ -77.143374524031856, 42.550171800620149 ], [ -77.143381924031814, 42.550160667286832 ], [ -77.143396924031833, 42.550051067287029 ], [ -77.143382190698503, 42.549859000620643 ], [ -77.143374790698488, 42.549853400620634 ], [ -77.143345124031896, 42.549771200620796 ], [ -77.14334519069854, 42.54972720062085 ], [ -77.143322924031906, 42.54970526728755 ], [ -77.143285990698644, 42.549485667287911 ], [ -77.143285990698644, 42.549458200621245 ], [ -77.14326372403201, 42.54944180062131 ], [ -77.143263790698654, 42.549370467288043 ], [ -77.143278590698685, 42.54935946728807 ], [ -77.143263790698654, 42.549332000621462 ], [ -77.143263790698654, 42.549244200621615 ], [ -77.14324899069868, 42.549233267288287 ], [ -77.143278790698673, 42.549013800621935 ], [ -77.143263990698699, 42.549002800621963 ], [ -77.143293724031992, 42.548893000622115 ], [ -77.143293790698635, 42.548821667288905 ], [ -77.143278990698661, 42.548810667288933 ], [ -77.143256724032028, 42.548733867289059 ], [ -77.143256924032016, 42.548684467289149 ], [ -77.143241924032054, 42.548679000622485 ], [ -77.143234524032039, 42.548640467289204 ], [ -77.14319772403212, 42.548311267289705 ], [ -77.14319772403212, 42.548240000623139 ], [ -77.143205124032079, 42.548229000623166 ], [ -77.143220124032098, 42.548091800623411 ], [ -77.143257390698693, 42.547839400623786 ], [ -77.143257524032038, 42.54777346729054 ], [ -77.143249990698678, 42.547768000623876 ], [ -77.143220324032086, 42.547674667290721 ], [ -77.14322039069873, 42.547647267290756 ], [ -77.143190924032126, 42.547471667291006 ], [ -77.143190790698782, 42.547444200624398 ], [ -77.143175990698808, 42.54743866729109 ], [ -77.143153790698875, 42.547257600624675 ], [ -77.143153924032163, 42.547054600625017 ], [ -77.143168924032182, 42.546900867291924 ], [ -77.143191190698815, 42.546725267292175 ], [ -77.143206190698777, 42.54671980062551 ], [ -77.143213590698736, 42.546692400625545 ], [ -77.143243724032061, 42.546143600626408 ], [ -77.143228790698743, 42.546132600626436 ], [ -77.143243590698717, 42.546127200626415 ], [ -77.143221590698772, 42.545907600626776 ], [ -77.143199324032139, 42.545836200626866 ], [ -77.143147390698857, 42.545715600627091 ], [ -77.143125190698925, 42.54569900062711 ], [ -77.143125190698925, 42.545677067293809 ], [ -77.143132590698883, 42.545671600627145 ], [ -77.14311032403225, 42.5456496006272 ], [ -77.143110390698894, 42.545633200627208 ], [ -77.143088124032261, 42.545616667293871 ], [ -77.143073324032287, 42.545567400627306 ], [ -77.143051124032354, 42.545550800627325 ], [ -77.143051124032354, 42.545496000627395 ], [ -77.14303632403238, 42.545485000627423 ], [ -77.142999190699072, 42.545408200627548 ], [ -77.142991790699114, 42.545380667294239 ], [ -77.142962190699166, 42.545243467294483 ], [ -77.142939924032532, 42.545221467294482 ], [ -77.142939990699176, 42.545205067294546 ], [ -77.142925324032547, 42.544974600628223 ], [ -77.142903190699258, 42.544722200628598 ], [ -77.142866190699294, 42.544612400628807 ], [ -77.142843790699317, 42.544595800628827 ], [ -77.142843990699305, 42.544584867295498 ], [ -77.142858724032635, 42.544557467295533 ], [ -77.142858790699336, 42.544530000628924 ], [ -77.142843924032661, 42.544519000628952 ], [ -77.142821790699372, 42.544348867295867 ], [ -77.142806990699398, 42.544337867295894 ], [ -77.142799524032739, 42.544305000629265 ], [ -77.142784790699409, 42.544140400629544 ], [ -77.142769990699435, 42.544129400629515 ], [ -77.142784924032753, 42.544118400629543 ], [ -77.142784790699409, 42.544112867296235 ], [ -77.142770124032779, 42.544101867296263 ], [ -77.142785124032741, 42.543690400630226 ], [ -77.142785190699442, 42.543536667297133 ], [ -77.142799990699416, 42.543525800630448 ], [ -77.142814990699378, 42.543492800630531 ], [ -77.14280012403276, 42.543481800630559 ], [ -77.142800190699404, 42.543448867297229 ], [ -77.142815124032722, 42.543437867297257 ], [ -77.142837390699356, 42.543300667297501 ], [ -77.14285219069933, 42.543289667297529 ], [ -77.142874590699307, 42.543163467297688 ], [ -77.142874524032607, 42.543108667297759 ], [ -77.142867190699292, 42.543097667297786 ], [ -77.142852390699318, 42.543048267297877 ], [ -77.142815324032711, 42.542982467297975 ], [ -77.142755924032826, 42.542927600631401 ], [ -77.14275599069947, 42.542911067298064 ], [ -77.142726390699522, 42.54288906729812 ], [ -77.142726324032822, 42.542883600631455 ], [ -77.142718924032863, 42.542856200631491 ], [ -77.142689190699571, 42.542828800631526 ], [ -77.142652124032963, 42.542790267298301 ], [ -77.142652190699607, 42.542773867298308 ], [ -77.142644790699649, 42.5427464006317 ], [ -77.142622590699659, 42.542724467298399 ], [ -77.142607724033041, 42.542680467298453 ], [ -77.142607724033041, 42.542664000631817 ], [ -77.142592924033067, 42.542653067298488 ], [ -77.142585524033052, 42.542636600631852 ], [ -77.142548524033145, 42.542378667298919 ], [ -77.142533724033171, 42.542373200632255 ], [ -77.1425263906998, 42.542142667299288 ], [ -77.142511590699826, 42.542131667299316 ], [ -77.14245992403329, 42.541824400633118 ], [ -77.14245992403329, 42.541758467299871 ], [ -77.142474790699907, 42.541659667300053 ], [ -77.142489724033226, 42.541648667300024 ], [ -77.142467524033236, 42.541495067300275 ], [ -77.142452590699918, 42.541484067300303 ], [ -77.14243052403333, 42.541407267300428 ], [ -77.14243052403333, 42.541385400633771 ], [ -77.142415724033356, 42.54137980063382 ], [ -77.142400790700037, 42.541357867300519 ], [ -77.142393390700022, 42.541270067300616 ], [ -77.142371190700089, 42.541220667300706 ], [ -77.142371190700089, 42.541176667300761 ], [ -77.142356390700115, 42.541165800634133 ], [ -77.142341724033429, 42.541039467301005 ], [ -77.142319524033496, 42.541023067301012 ], [ -77.142304724033522, 42.54095726730111 ], [ -77.142304590700178, 42.540940800634473 ], [ -77.142282390700188, 42.540918800634529 ], [ -77.142260190700256, 42.540792600634688 ], [ -77.142245390700282, 42.54078706730138 ], [ -77.142275124033574, 42.540655400634932 ], [ -77.142282590700177, 42.540649867301624 ], [ -77.142297390700207, 42.540628000634968 ], [ -77.14234952403342, 42.540490800635155 ], [ -77.14234952403342, 42.540441400635245 ], [ -77.142297590700196, 42.540320600635425 ], [ -77.142275390700206, 42.540304067302145 ], [ -77.142275390700206, 42.540276800635525 ], [ -77.142245724033614, 42.540254800635523 ], [ -77.142245724033614, 42.540227267302271 ], [ -77.142238324033599, 42.540221800635607 ], [ -77.142223524033625, 42.540199867302306 ], [ -77.142186390700374, 42.540128467302395 ], [ -77.142178990700359, 42.540090067302458 ], [ -77.142141990700395, 42.540029667302576 ], [ -77.142141924033751, 42.540002200635968 ], [ -77.142112324033803, 42.539980267302667 ], [ -77.142112390700447, 42.539963867302674 ], [ -77.142104924033788, 42.539952867302702 ], [ -77.142090124033814, 42.53983760063619 ], [ -77.14207532403384, 42.539826600636218 ], [ -77.142053124033907, 42.539684000636441 ], [ -77.142030924033918, 42.539552267303293 ], [ -77.142030990700619, 42.539519267303376 ], [ -77.141993990700655, 42.53932720063699 ], [ -77.141994124033999, 42.539299800637025 ], [ -77.141979190700681, 42.539288800637053 ], [ -77.141971790700666, 42.539261267303743 ], [ -77.141979324034025, 42.539233867303778 ], [ -77.14197192403401, 42.539228467303815 ], [ -77.141949724034077, 42.539063800637393 ], [ -77.141934790700759, 42.539052800637421 ], [ -77.141919990700785, 42.539014400637484 ], [ -77.141912724034114, 42.538943000637573 ], [ -77.141882990700822, 42.538926600637637 ], [ -77.141860790700832, 42.53881680063779 ], [ -77.1418385907009, 42.53876740063788 ], [ -77.1418385907009, 42.53874546730458 ], [ -77.141823724034225, 42.53873446730455 ], [ -77.141816324034266, 42.538696067304613 ], [ -77.141786724034318, 42.538586200638122 ], [ -77.141786790700962, 42.538558867304857 ], [ -77.141779390701004, 42.538553267304849 ], [ -77.141801724034281, 42.538421600638401 ], [ -77.141823990700914, 42.538405200638408 ], [ -77.141823990700914, 42.538388667305128 ], [ -77.141861124034165, 42.538339400638506 ], [ -77.141898190700829, 42.538306400638589 ], [ -77.141927990700765, 42.538240600638687 ], [ -77.141950190700697, 42.538196667305385 ], [ -77.141950324034042, 42.538180200638749 ], [ -77.141935390700723, 42.538169200638777 ], [ -77.141927990700765, 42.538152800638784 ], [ -77.141913190700791, 42.538114267305559 ], [ -77.141868724034168, 42.538059400638929 ], [ -77.141802124034257, 42.538015600639028 ], [ -77.141794724034298, 42.537977200639091 ], [ -77.141764990701006, 42.537960667305754 ], [ -77.141757524034347, 42.537933200639145 ], [ -77.141757590701047, 42.537911267305844 ], [ -77.141727924034399, 42.537894667305864 ], [ -77.141705724034409, 42.537730200639487 ], [ -77.141720590701084, 42.537724667306122 ], [ -77.14170579070111, 42.53771366730615 ], [ -77.14168359070112, 42.537549067306429 ], [ -77.141668724034503, 42.537538067306457 ], [ -77.141646524034513, 42.53739540063998 ], [ -77.14163179070124, 42.537384400640008 ], [ -77.14160959070125, 42.537208800640258 ], [ -77.14160959070125, 42.537132000640383 ], [ -77.141646924034546, 42.536967267307318 ], [ -77.141646924034546, 42.536945400640661 ], [ -77.141661790701164, 42.536939867307353 ], [ -77.14171379070109, 42.536819200640878 ], [ -77.141736124034367, 42.536758800640996 ], [ -77.141750990701041, 42.536731400641031 ], [ -77.141773324034318, 42.536583200641246 ], [ -77.141758390701, 42.536572200641274 ], [ -77.141773324034318, 42.536566667307966 ], [ -77.141751124034386, 42.536429467308153 ], [ -77.141736390701055, 42.536418467308181 ], [ -77.14172899070104, 42.536380067308244 ], [ -77.141677124034459, 42.536248400641739 ], [ -77.141639990701208, 42.536155067308584 ], [ -77.141602990701244, 42.536001400642135 ], [ -77.141603190701233, 42.535864200642379 ], [ -77.14159572403463, 42.535853200642407 ], [ -77.141580924034599, 42.535814800642413 ], [ -77.14159572403463, 42.535809267309105 ], [ -77.141603190701233, 42.535770867309168 ], [ -77.141595790701274, 42.535765400642504 ], [ -77.141618324034596, 42.535469067309634 ], [ -77.141655390701203, 42.535337400643186 ], [ -77.141655390701203, 42.535315467309886 ], [ -77.141670324034465, 42.535310000643221 ], [ -77.141685190701139, 42.535282600643257 ], [ -77.141692590701098, 42.535189200643401 ], [ -77.141707524034416, 42.535178200643429 ], [ -77.141729790701049, 42.535013667310352 ], [ -77.141744790701011, 42.535008200643688 ], [ -77.141781990700963, 42.534777667310721 ], [ -77.141796790700937, 42.534772200644056 ], [ -77.141781990700963, 42.534744800644091 ], [ -77.141782124034307, 42.534717267310782 ], [ -77.141796924034281, 42.534706400644154 ], [ -77.141759924034375, 42.534426467311278 ], [ -77.141759990701019, 42.534399000644612 ], [ -77.141745124034344, 42.53438800064464 ], [ -77.141722990701055, 42.534223400644919 ], [ -77.141700790701123, 42.534179467311617 ], [ -77.141700790701123, 42.534130067311708 ], [ -77.141685924034448, 42.534124600645043 ], [ -77.141678590701133, 42.534102600645099 ], [ -77.141685990701149, 42.534058667311854 ], [ -77.141678724034477, 42.534047800645169 ], [ -77.141649124034529, 42.53387760064544 ], [ -77.141649124034529, 42.53382280064551 ], [ -77.141626790701196, 42.533806267312229 ], [ -77.141619524034581, 42.533564800645934 ], [ -77.141604724034607, 42.533559267312626 ], [ -77.141582524034618, 42.533433067312785 ], [ -77.141567790701288, 42.533422067312813 ], [ -77.141545590701355, 42.533328800646302 ], [ -77.141545590701355, 42.533301267312993 ], [ -77.141530724034681, 42.533295800646329 ], [ -77.141508590701392, 42.533076267313334 ], [ -77.141508724034736, 42.532845867313711 ], [ -77.141523724034698, 42.532840400647046 ], [ -77.141508924034724, 42.53270320064729 ], [ -77.141508990701425, 42.532566000647478 ], [ -77.141501590701409, 42.532555000647505 ], [ -77.141486790701435, 42.532538467314168 ], [ -77.141471990701461, 42.532362867314475 ], [ -77.14146472403479, 42.532357467314455 ], [ -77.141434990701498, 42.532181800648061 ], [ -77.141442724034846, 42.531880000648528 ], [ -77.141427790701528, 42.53187446731522 ], [ -77.141391124034897, 42.531380467316012 ], [ -77.141383590701594, 42.531369600649327 ], [ -77.141346724034975, 42.531122600649724 ], [ -77.141331924035001, 42.531117067316416 ], [ -77.141324790701674, 42.530639600650488 ], [ -77.141332324035034, 42.530634200650468 ], [ -77.14136212403497, 42.530359800650899 ], [ -77.141347324034996, 42.53026100065108 ], [ -77.141303124035062, 42.529865800651692 ], [ -77.141303190701706, 42.529728667318579 ], [ -77.141318124035024, 42.529723200651915 ], [ -77.141318190701725, 42.52959686731873 ], [ -77.141340524035002, 42.529410400652353 ], [ -77.141340590701645, 42.529355467319135 ], [ -77.141355390701619, 42.529350000652471 ], [ -77.141377724034953, 42.529273200652597 ], [ -77.141370324034938, 42.529245667319287 ], [ -77.141377790701597, 42.529240267319324 ], [ -77.141377790701597, 42.529169000652757 ], [ -77.14134072403499, 42.529130467319476 ], [ -77.14134079070169, 42.529037200652965 ], [ -77.141355724034952, 42.529031667319657 ], [ -77.14134079070169, 42.529020667319628 ], [ -77.141340924034978, 42.528900000653152 ], [ -77.141370590701626, 42.528883467319872 ], [ -77.141415124034893, 42.528839667319914 ], [ -77.141481990701436, 42.528801267319977 ], [ -77.141541324034677, 42.528773867320012 ], [ -77.141615590701235, 42.528719000653439 ], [ -77.141615590701235, 42.528713467320131 ], [ -77.141630524034554, 42.528702467320159 ], [ -77.141652724034543, 42.528636800653601 ], [ -77.141652724034543, 42.528620267320264 ], [ -77.141667590701161, 42.528609267320292 ], [ -77.141652790701187, 42.52854886732041 ], [ -77.141630590701197, 42.528472067320479 ], [ -77.141630524034554, 42.528455600653842 ], [ -77.141608324034564, 42.528439067320562 ], [ -77.141578724034616, 42.528318400654086 ], [ -77.141571390701301, 42.528312867320778 ], [ -77.141556524034684, 42.528285467320813 ], [ -77.14154172403471, 42.528208600654239 ], [ -77.141534390701338, 42.528203067320931 ], [ -77.141512124034762, 42.528109867321064 ], [ -77.141512190701405, 42.528038467321153 ], [ -77.141497324034731, 42.528027467321181 ], [ -77.141475190701442, 42.527857267321451 ], [ -77.141460324034824, 42.527846400654823 ], [ -77.141438124034835, 42.527802467321521 ], [ -77.141423324034861, 42.52776400065494 ], [ -77.14138619070161, 42.527698200655038 ], [ -77.141386324034954, 42.527670800655073 ], [ -77.141378924034939, 42.527665200655065 ], [ -77.141327124035001, 42.527462200655407 ], [ -77.141327124035001, 42.527418267322162 ], [ -77.141312190701683, 42.527407267322133 ], [ -77.14134212403502, 42.527226200655775 ], [ -77.141349524034979, 42.527215267322447 ], [ -77.141364524034941, 42.527017667322752 ], [ -77.141394324034934, 42.526968267322843 ], [ -77.141394324034934, 42.526918867322934 ], [ -77.141379390701616, 42.526836600656395 ], [ -77.141364724034986, 42.526825600656366 ], [ -77.141357324034971, 42.526704867323247 ], [ -77.141342524034997, 42.526699400656582 ], [ -77.141327590701678, 42.526660867323301 ], [ -77.141305590701734, 42.52649626732358 ], [ -77.141305724035078, 42.526304200657194 ], [ -77.141320590701696, 42.526112200657508 ], [ -77.141335524035014, 42.5261066673242 ], [ -77.141357924034992, 42.525914667324457 ], [ -77.141395124034943, 42.525706067324791 ], [ -77.141395124034943, 42.525629267324916 ], [ -77.141387924034916, 42.525442667325194 ], [ -77.141372990701598, 42.525431667325222 ], [ -77.141350924035009, 42.525250600658865 ], [ -77.141365724034983, 42.525239667325536 ], [ -77.141350990701653, 42.525173667325646 ], [ -77.141351190701641, 42.52487740065942 ], [ -77.141381124034922, 42.524608467326516 ], [ -77.141388390701593, 42.524603000659852 ], [ -77.141418324034873, 42.524372467326884 ], [ -77.141425790701533, 42.524367067326864 ], [ -77.141455590701469, 42.52412006732726 ], [ -77.141470390701443, 42.524109200660632 ], [ -77.14149279070142, 42.52394446732751 ], [ -77.141507724034739, 42.523939067327547 ], [ -77.141529990701372, 42.52373046732788 ], [ -77.14154492403469, 42.523719467327908 ], [ -77.141581990701297, 42.523620800661377 ], [ -77.141634124034567, 42.523500000661556 ], [ -77.141671324034462, 42.523346400661808 ], [ -77.141671390701163, 42.52318180066203 ], [ -77.141678924034466, 42.523170800662058 ], [ -77.141671390701163, 42.523126867328813 ], [ -77.141671590701151, 42.522929267329118 ], [ -77.141693924034428, 42.522797667329314 ], [ -77.141693924034428, 42.522781200662678 ], [ -77.141708790701102, 42.522770200662706 ], [ -77.141723724034421, 42.522753667329368 ], [ -77.141731124034379, 42.522715267329431 ], [ -77.141797924034279, 42.522655000662894 ], [ -77.14183512403423, 42.522611067329592 ], [ -77.14185732403422, 42.522589067329648 ], [ -77.14185732403422, 42.522572667329655 ], [ -77.141894390700827, 42.52254526732969 ], [ -77.141894390700827, 42.522534267329718 ], [ -77.141953790700711, 42.522462867329807 ], [ -77.141968724034029, 42.522424600663214 ], [ -77.141990990700663, 42.522408067329934 ], [ -77.142028190700614, 42.522309400663403 ], [ -77.142035524033929, 42.522281867330094 ], [ -77.142042990700588, 42.522270867330121 ], [ -77.142035724033917, 42.522117200663729 ], [ -77.142020924033943, 42.5221062673304 ], [ -77.141998724033954, 42.521963600663923 ], [ -77.141998790700654, 42.521826400664168 ], [ -77.142006190700613, 42.521815400664195 ], [ -77.142006190700613, 42.52178800066423 ], [ -77.142035924033905, 42.521716667330963 ], [ -77.142036124033893, 42.52164526733111 ], [ -77.142050924033924, 42.521634400664425 ], [ -77.142036124033893, 42.521568400664535 ], [ -77.142036190700594, 42.521552067331243 ], [ -77.142013924033961, 42.521480667331332 ], [ -77.142013990700605, 42.52127760066503 ], [ -77.142021524033964, 42.521272067331665 ], [ -77.14202139070062, 42.521250200665065 ], [ -77.142051190700556, 42.521233667331728 ], [ -77.142051190700556, 42.521222667331756 ], [ -77.142095724033823, 42.521167867331826 ], [ -77.142162524033722, 42.521113000665252 ], [ -77.142162524033722, 42.521096467331972 ], [ -77.142199724033674, 42.521069067332007 ], [ -77.142273790700244, 42.521008800665413 ], [ -77.142333324033473, 42.520970400665476 ], [ -77.142362990700065, 42.520970400665476 ], [ -77.142422324033305, 42.520932000665539 ], [ -77.142444590699938, 42.520932067332183 ], [ -77.142459390699912, 42.520926600665575 ], [ -77.14249652403322, 42.520904600665574 ], [ -77.142518790699853, 42.520904600665574 ], [ -77.142548524033145, 42.520888067332294 ], [ -77.142570790699779, 42.520888200665581 ], [ -77.142585590699753, 42.520877200665609 ], [ -77.142644924032993, 42.520844267332336 ], [ -77.142644990699637, 42.520833267332364 ], [ -77.142696924032919, 42.520800400665735 ], [ -77.142704390699578, 42.520762000665798 ], [ -77.142733990699526, 42.520745467332517 ], [ -77.14277119069942, 42.520668667332643 ], [ -77.142771324032765, 42.520542467332803 ], [ -77.142734190699514, 42.520427267332991 ], [ -77.142734324032858, 42.520399800666382 ], [ -77.14271939069954, 42.52038880066641 ], [ -77.14269719069955, 42.520323000666508 ], [ -77.14269719069955, 42.520295467333199 ], [ -77.142682390699576, 42.520290000666535 ], [ -77.142674990699618, 42.52026260066657 ], [ -77.142637990699654, 42.520196800666668 ], [ -77.142600924033047, 42.520103400666812 ], [ -77.142571390699743, 42.520015600666966 ], [ -77.142571324033099, 42.519988200667001 ], [ -77.142563990699784, 42.519977067333684 ], [ -77.142534324033136, 42.519867400667181 ], [ -77.142541790699795, 42.51972466733406 ], [ -77.142549324033098, 42.519658867334158 ], [ -77.142586390699705, 42.519615000667557 ], [ -77.142601324033024, 42.519587600667649 ], [ -77.142660724032964, 42.519532667334374 ], [ -77.142660724032964, 42.519505267334409 ], [ -77.142675524032938, 42.519494267334437 ], [ -77.142697790699572, 42.519434000667843 ], [ -77.14269799069956, 42.519324200668052 ], [ -77.142690524032901, 42.51931320066808 ], [ -77.142638724032963, 42.519192467334904 ], [ -77.14263119069966, 42.519159600668274 ], [ -77.142594324033041, 42.519093600668384 ], [ -77.142594324033041, 42.519055200668447 ], [ -77.142579390699723, 42.519049800668483 ], [ -77.14255719069979, 42.518978400668573 ], [ -77.142535324033133, 42.518522867335946 ], [ -77.142520524033159, 42.518511867335974 ], [ -77.142535324033133, 42.518500867336002 ], [ -77.142535324033133, 42.518468000669372 ], [ -77.142520524033159, 42.518457067336044 ], [ -77.142535324033133, 42.518391200669498 ], [ -77.142535390699834, 42.518358267336225 ], [ -77.142557724033111, 42.518237467336405 ], [ -77.142579990699744, 42.518221067336412 ], [ -77.142594924033062, 42.518171667336503 ], [ -77.142617124032995, 42.518155200669867 ], [ -77.142617124032995, 42.518144267336538 ], [ -77.142654324032947, 42.518100400669937 ], [ -77.142691390699554, 42.518056467336692 ], [ -77.142706324032872, 42.518040067336699 ], [ -77.142772990699427, 42.517963267336825 ], [ -77.142810190699379, 42.517891867336914 ], [ -77.142817724032682, 42.517820600670348 ], [ -77.142832590699356, 42.517809600670375 ], [ -77.142854924032633, 42.517710800670557 ], [ -77.142854924032633, 42.517672400670619 ], [ -77.142869724032607, 42.517666867337255 ], [ -77.142906990699259, 42.51732120067112 ], [ -77.142899590699244, 42.517293800671212 ], [ -77.142907124032547, 42.517282667337895 ], [ -77.142899724032588, 42.51725526733793 ], [ -77.142899724032588, 42.517227867337965 ], [ -77.142907124032547, 42.517216867337993 ], [ -77.142885124032603, 42.516734000672045 ], [ -77.142900124032565, 42.516618667338889 ], [ -77.142914924032539, 42.516607667338917 ], [ -77.14293739069916, 42.516251067339454 ], [ -77.142959790699138, 42.516207067339565 ], [ -77.142967190699153, 42.516168667339628 ], [ -77.142974590699112, 42.516163267339607 ], [ -77.142967124032452, 42.516152267339635 ], [ -77.142967190699153, 42.516135800672998 ], [ -77.142989390699086, 42.516113800672997 ], [ -77.14298952403243, 42.516097400673061 ], [ -77.143115590698926, 42.516009600673158 ], [ -77.143115590698926, 42.515998600673186 ], [ -77.143137924032203, 42.51598220067325 ], [ -77.143137924032203, 42.515960267339949 ], [ -77.143160190698836, 42.515943800673256 ], [ -77.143189924032129, 42.515888867340038 ], [ -77.14322712403208, 42.515801067340192 ], [ -77.143212324032106, 42.515724267340318 ], [ -77.143227190698724, 42.515718800673653 ], [ -77.143212324032106, 42.515664000673723 ], [ -77.14322712403208, 42.515653000673751 ], [ -77.14321239069875, 42.515642000673779 ], [ -77.143212524032094, 42.515406000674091 ], [ -77.143227324032068, 42.515395067340819 ], [ -77.14324232403203, 42.515373067340818 ], [ -77.143249724032046, 42.515351200674218 ], [ -77.143279324031994, 42.515296267340943 ], [ -77.143301724031971, 42.515252400674342 ], [ -77.143316390698601, 42.515235867341062 ], [ -77.143323924031904, 42.515197467341125 ], [ -77.143353590698553, 42.515181067341132 ], [ -77.14337592403183, 42.515131667341223 ], [ -77.143435324031771, 42.515076800674649 ], [ -77.143435324031771, 42.515060267341312 ], [ -77.143464990698362, 42.515043867341319 ], [ -77.143502190698314, 42.514950667341509 ], [ -77.14350212403167, 42.514923200674843 ], [ -77.143524390698303, 42.514906800674908 ], [ -77.143524390698303, 42.514868267341626 ], [ -77.143509590698272, 42.514862800674962 ], [ -77.143524524031591, 42.51485180067499 ], [ -77.143524590698291, 42.514786000675088 ], [ -77.143517124031632, 42.51478046734178 ], [ -77.143487524031684, 42.514643267341967 ], [ -77.143480124031669, 42.514632267341995 ], [ -77.143465390698395, 42.514561000675428 ], [ -77.143450524031721, 42.514550000675456 ], [ -77.143406124031799, 42.514396267342363 ], [ -77.143406124031799, 42.514379800675727 ], [ -77.14339119069848, 42.514368800675754 ], [ -77.143376390698506, 42.514330467342461 ], [ -77.143354390698562, 42.514138400676075 ], [ -77.143331990698584, 42.514121867342794 ], [ -77.143332124031929, 42.514083467342857 ], [ -77.143317390698599, 42.514006667342983 ], [ -77.143332190698573, 42.513957200676373 ], [ -77.143317324031955, 42.513951667343065 ], [ -77.143362124031853, 42.513639000676847 ], [ -77.143347324031879, 42.513578600676965 ], [ -77.143362190698554, 42.513551200677 ], [ -77.143347324031879, 42.513540200677028 ], [ -77.143362190698554, 42.513529200677056 ], [ -77.143362190698554, 42.513523667343691 ], [ -77.14334739069858, 42.513403000677215 ], [ -77.143369724031857, 42.513386600677279 ], [ -77.143369724031857, 42.513304200677396 ], [ -77.143399390698448, 42.513282267344096 ], [ -77.143399390698448, 42.51325480067743 ], [ -77.143406924031808, 42.513249400677466 ], [ -77.1434365906984, 42.513128667344347 ], [ -77.143436724031744, 42.513046267344464 ], [ -77.143451524031718, 42.513040867344444 ], [ -77.143422124031758, 42.512722467344929 ], [ -77.143399790698481, 42.512700467344985 ], [ -77.143399790698481, 42.512684067344992 ], [ -77.1434147240318, 42.51267306734502 ], [ -77.143399924031826, 42.512667667345056 ], [ -77.14339999069847, 42.512492067345306 ], [ -77.14337779069848, 42.512201200679101 ], [ -77.143378124031813, 42.51191580067956 ], [ -77.143370724031854, 42.511910267346195 ], [ -77.143378124031813, 42.511899267346223 ], [ -77.143355990698524, 42.511718200679866 ], [ -77.143356124031868, 42.511526200680123 ], [ -77.143385924031804, 42.51137246734703 ], [ -77.143385990698505, 42.511169400680672 ], [ -77.143393524031808, 42.511164000680708 ], [ -77.143408390698482, 42.51099940068093 ], [ -77.143438190698419, 42.510873067347802 ], [ -77.143438190698419, 42.510790800681264 ], [ -77.143423390698445, 42.510741400681354 ], [ -77.143438324031763, 42.510735867348046 ], [ -77.143423524031789, 42.510571200681625 ], [ -77.143438390698407, 42.510521867348359 ], [ -77.143423590698433, 42.510516400681695 ], [ -77.143438390698407, 42.510505400681723 ], [ -77.143438524031751, 42.510461467348478 ], [ -77.143423590698433, 42.510450600681793 ], [ -77.143438390698407, 42.510445067348485 ], [ -77.143453590698414, 42.50996206734925 ], [ -77.143453790698402, 42.509660267349716 ], [ -77.143438990698428, 42.509632867349751 ], [ -77.143453924031746, 42.509621867349779 ], [ -77.143438990698428, 42.509610867349807 ], [ -77.143431724031757, 42.509429800683392 ], [ -77.143439190698416, 42.509424267350084 ], [ -77.143431790698401, 42.5094134006834 ], [ -77.143431790698401, 42.509347400683509 ], [ -77.143416990698427, 42.509342000683546 ], [ -77.143394790698494, 42.509056600683948 ], [ -77.14339519069847, 42.508710867351169 ], [ -77.143372990698538, 42.508645000684623 ], [ -77.143387790698512, 42.508639467351315 ], [ -77.143358324031851, 42.508376067351719 ], [ -77.143358324031851, 42.508321200685089 ], [ -77.143350924031893, 42.508310200685116 ], [ -77.143358390698552, 42.508299200685144 ], [ -77.143358324031851, 42.50829380068518 ], [ -77.143350990698536, 42.508282800685151 ], [ -77.143328924031891, 42.508035867352248 ], [ -77.14331399069863, 42.508030400685584 ], [ -77.143276990698666, 42.507810800685888 ], [ -77.143254790698677, 42.507706600686049 ], [ -77.143254924032021, 42.507679067352797 ], [ -77.143240124032047, 42.507673600686132 ], [ -77.143217924032058, 42.507596800686258 ], [ -77.143232790698733, 42.507591267352893 ], [ -77.143217990698759, 42.507563800686285 ], [ -77.143217990698759, 42.507498000686383 ], [ -77.143203124032084, 42.507492467353075 ], [ -77.143180990698795, 42.507327800686653 ], [ -77.143181124032139, 42.507179667353569 ], [ -77.143166190698821, 42.507168667353596 ], [ -77.143181190698783, 42.507015000687147 ], [ -77.143189124032119, 42.506444267354709 ], [ -77.143159390698827, 42.506389400688136 ], [ -77.143174324032145, 42.506378400688106 ], [ -77.143159390698827, 42.506367467354835 ], [ -77.143151990698868, 42.506307067354896 ], [ -77.143151990698868, 42.506279600688288 ], [ -77.143137190698894, 42.506268600688315 ], [ -77.143114990698905, 42.506147867355139 ], [ -77.143115124032249, 42.506115000688567 ], [ -77.143077990698998, 42.505966800688782 ], [ -77.143078124032286, 42.50592286735548 ], [ -77.143063324032312, 42.505911867355508 ], [ -77.143041124032379, 42.505802200689004 ], [ -77.143041190699023, 42.505785667355724 ], [ -77.143026324032405, 42.505774667355752 ], [ -77.142989324032442, 42.505664867355904 ], [ -77.14300419069906, 42.505621000689302 ], [ -77.142989324032442, 42.505610067355974 ], [ -77.142967190699153, 42.505401467356307 ], [ -77.142967324032497, 42.505286267356496 ], [ -77.142959990699126, 42.505275200689823 ], [ -77.142945124032508, 42.505247867356559 ], [ -77.142908324032589, 42.504863667357142 ], [ -77.142900924032574, 42.504858067357134 ], [ -77.142886190699244, 42.504644200690848 ], [ -77.14287139069927, 42.504638600690839 ], [ -77.142841924032666, 42.504391667357879 ], [ -77.142812324032718, 42.504265467358096 ], [ -77.142812324032718, 42.504227000691458 ], [ -77.142790124032729, 42.504210600691522 ], [ -77.142775324032755, 42.504106267358338 ], [ -77.142775324032755, 42.504078800691673 ], [ -77.14276799069944, 42.504073400691709 ], [ -77.142745924032795, 42.50385380069207 ], [ -77.142716190699559, 42.503782467358803 ], [ -77.142716324032847, 42.503760467358859 ], [ -77.142730990699533, 42.503755000692195 ], [ -77.142716190699559, 42.503744000692222 ], [ -77.142708924032888, 42.50360680069241 ], [ -77.142708924032888, 42.5035354673592 ], [ -77.142723990699494, 42.503326867359533 ], [ -77.14273139069951, 42.503316000692905 ], [ -77.142761124032802, 42.50309646735991 ], [ -77.142768590699461, 42.503091000693246 ], [ -77.142798390699397, 42.502899000693503 ], [ -77.142783590699423, 42.502888000693531 ], [ -77.142798390699397, 42.502877000693559 ], [ -77.142820924032719, 42.502641000693927 ], [ -77.142820924032719, 42.502421467360932 ], [ -77.142813724032692, 42.502322667361113 ], [ -77.142821124032707, 42.502295267361148 ], [ -77.142813724032692, 42.502284267361176 ], [ -77.142791524032759, 42.502059267361517 ], [ -77.142754524032796, 42.501987867361606 ], [ -77.142754524032796, 42.501960467361641 ], [ -77.142739724032822, 42.501949600695013 ], [ -77.142724924032848, 42.501922067361704 ], [ -77.142702724032858, 42.501867200695131 ], [ -77.142687924032884, 42.501850800695138 ], [ -77.142665724032952, 42.501784867361948 ], [ -77.142643390699618, 42.501768400695312 ], [ -77.142643390699618, 42.501746400695311 ], [ -77.142606390699711, 42.501713467362038 ], [ -77.142606390699711, 42.501691467362093 ], [ -77.142569324033104, 42.501658600695464 ], [ -77.142569324033104, 42.501636667362163 ], [ -77.142547124033115, 42.501620067362182 ], [ -77.142517390699822, 42.501592667362218 ], [ -77.142517524033167, 42.501576267362225 ], [ -77.142480390699916, 42.501548800695616 ], [ -77.142480524033203, 42.501526800695672 ], [ -77.142443324033309, 42.501493867362399 ], [ -77.142443390699952, 42.501472000695742 ], [ -77.142406390699989, 42.501444467362433 ], [ -77.142406324033345, 42.501439000695825 ], [ -77.142369324033382, 42.501400600695831 ], [ -77.142235924033628, 42.501285267362675 ], [ -77.142235924033628, 42.501274267362703 ], [ -77.141939390700713, 42.501038200696428 ], [ -77.141835590700907, 42.500961400696553 ], [ -77.141820790700933, 42.500961267363209 ], [ -77.141783724034326, 42.500944867363216 ], [ -77.141672524034504, 42.500879000696671 ], [ -77.141650324034515, 42.500878867363326 ], [ -77.141561324034683, 42.500835000696725 ], [ -77.141509390701401, 42.500796600696788 ], [ -77.141501990701443, 42.500796600696788 ], [ -77.14139072403492, 42.50074166736357 ], [ -77.141361190701616, 42.500730667363541 ], [ -77.141316590701706, 42.500703200696933 ], [ -77.141257324035109, 42.500686667363652 ], [ -77.141205390701884, 42.500659267363687 ], [ -77.14107192403543, 42.500615267363742 ], [ -77.140997790702215, 42.500593267363797 ], [ -77.140968190702267, 42.500587867363777 ], [ -77.140871724035719, 42.500560400697168 ], [ -77.140857924035743, 42.500555267363836 ], [ -77.140812390702479, 42.500538400697224 ], [ -77.14066412403605, 42.500521867363886 ], [ -77.140649324036076, 42.500527400697194 ], [ -77.140612124036124, 42.500521800697243 ], [ -77.140456524036381, 42.500521800697243 ], [ -77.140441590703063, 42.500527267363907 ], [ -77.140426790703088, 42.500521800697243 ], [ -77.140419324036429, 42.500527200697206 ], [ -77.14008559070362, 42.500554600697171 ], [ -77.140070790703646, 42.500543600697199 ], [ -77.140055990703672, 42.500554600697171 ], [ -77.139944590703806, 42.500565467363799 ], [ -77.139937324037192, 42.500554467363827 ], [ -77.139922524037217, 42.500565400697155 ], [ -77.13988539070391, 42.500554400697183 ], [ -77.139870524037292, 42.500565400697155 ], [ -77.139833390703984, 42.500554400697183 ], [ -77.13975932403747, 42.500554400697183 ], [ -77.139603524037682, 42.500526867363874 ], [ -77.139581324037749, 42.500510400697237 ], [ -77.139544190704441, 42.500510467363881 ], [ -77.139529524037812, 42.500499467363909 ], [ -77.139507190704535, 42.500488467363937 ], [ -77.139358790704762, 42.500450000697356 ], [ -77.139010324038622, 42.500422400697403 ], [ -77.138772990705661, 42.500422267364058 ], [ -77.138520790706025, 42.50043860069735 ], [ -77.138505990706051, 42.500449600697323 ], [ -77.138335324039645, 42.500460467364007 ], [ -77.138194524039875, 42.500477000697288 ], [ -77.138149924039965, 42.500504400697253 ], [ -77.138120190706672, 42.500504400697253 ], [ -77.138097990706683, 42.500520800697245 ], [ -77.13807572404005, 42.500520800697245 ], [ -77.138038724040143, 42.500548200697153 ], [ -77.138008990706851, 42.500548200697153 ], [ -77.138001590706835, 42.500559200697182 ], [ -77.137912524040303, 42.500592067363755 ], [ -77.137875390707052, 42.50061946736372 ], [ -77.137838390707088, 42.50061946736372 ], [ -77.137823524040471, 42.500630400697048 ], [ -77.137816124040455, 42.500630400697048 ], [ -77.13776412404053, 42.500657867363657 ], [ -77.137556390707516, 42.500674200697006 ], [ -77.13745259070771, 42.500674200697006 ], [ -77.137445190707695, 42.500685200696978 ], [ -77.137408124041087, 42.500674200697006 ], [ -77.137333990707873, 42.500674067363661 ], [ -77.137319190707899, 42.500679600696969 ], [ -77.137267190707973, 42.500679600696969 ], [ -77.137133724041519, 42.500701400696926 ], [ -77.137081724041593, 42.500728867363591 ], [ -77.137059590708304, 42.500728867363591 ], [ -77.137044724041687, 42.500734400696899 ], [ -77.137007590708379, 42.500756267363499 ], [ -77.136985324041746, 42.500756267363499 ], [ -77.136963124041813, 42.500772667363492 ], [ -77.136933390708521, 42.500772667363492 ], [ -77.13687399070858, 42.500805600696765 ], [ -77.136784990708748, 42.50083300069673 ], [ -77.136740390708781, 42.500860400696695 ], [ -77.136710924042177, 42.500860400696695 ], [ -77.136703524042218, 42.500871400696667 ], [ -77.1366885907089, 42.500871400696667 ], [ -77.136614390708985, 42.500915267363268 ], [ -77.136540190709127, 42.500937200696569 ], [ -77.136517990709137, 42.500942667363233 ], [ -77.136443790709279, 42.500959067363226 ], [ -77.136391790709354, 42.500986467363191 ], [ -77.136369524042721, 42.500986467363191 ], [ -77.136295390709506, 42.501024867363128 ], [ -77.136109924043126, 42.501112600696331 ], [ -77.135939324043363, 42.501205867362842 ], [ -77.135909590710071, 42.501205800696141 ], [ -77.135865124043505, 42.501233267362807 ], [ -77.135790790710303, 42.501249667362742 ], [ -77.135724124043691, 42.501266067362735 ], [ -77.135701790710414, 42.501277067362707 ], [ -77.135590524043948, 42.501304467362672 ], [ -77.135516390710734, 42.501320867362665 ], [ -77.13547932404407, 42.501331867362637 ], [ -77.135456990710793, 42.501342800695966 ], [ -77.135345790710971, 42.501359200695902 ], [ -77.135293790711046, 42.501386667362567 ], [ -77.135241990711108, 42.501386667362567 ], [ -77.135234524044506, 42.501392067362531 ], [ -77.135197390711198, 42.501403067362503 ], [ -77.135167724044607, 42.501414067362475 ], [ -77.135071324044759, 42.501441400695796 ], [ -77.135019390711477, 42.501468867362405 ], [ -77.134997124044844, 42.501468800695761 ], [ -77.13498232404487, 42.501474267362426 ], [ -77.134937790711604, 42.501485267362398 ], [ -77.134907990711667, 42.501501800695678 ], [ -77.134848724045071, 42.501518200695671 ], [ -77.134737390711905, 42.501573000695601 ], [ -77.134715124045272, 42.501573000695601 ], [ -77.134678124045365, 42.501600400695565 ], [ -77.134611324045466, 42.50162240069551 ], [ -77.134492590712284, 42.501682667362104 ], [ -77.134462924045692, 42.501682667362104 ], [ -77.134418324045726, 42.501710067362069 ], [ -77.134388790712478, 42.501710000695368 ], [ -77.134166124046146, 42.501819667361872 ], [ -77.134143924046157, 42.5018306006952 ], [ -77.134047524046309, 42.501891000695082 ], [ -77.134017790713017, 42.501891000695082 ], [ -77.1338693240466, 42.50197326736162 ], [ -77.133847124046611, 42.501989667361613 ], [ -77.133832190713349, 42.501989600694969 ], [ -77.13378779071337, 42.502017067361578 ], [ -77.133735790713445, 42.502044467361543 ], [ -77.133713524046811, 42.502044467361543 ], [ -77.133661590713587, 42.50208286736148 ], [ -77.133646790713613, 42.50208286736148 ], [ -77.133602190713702, 42.502110267361445 ], [ -77.133527990713787, 42.502143200694718 ], [ -77.133379590714014, 42.502225400694556 ], [ -77.133305524047444, 42.502241867361192 ], [ -77.133008724047954, 42.502291200694458 ], [ -77.132956924048017, 42.502291067361114 ], [ -77.132934524048039, 42.502307600694451 ], [ -77.132904790714747, 42.502307467361106 ], [ -77.132897524048133, 42.502313000694414 ], [ -77.13286779071484, 42.502324000694443 ], [ -77.13286779071484, 42.502334867361071 ], [ -77.132830724048233, 42.502367867361045 ], [ -77.132808390714899, 42.502395267360953 ], [ -77.132711924048408, 42.502450067360883 ], [ -77.132682190715116, 42.502450200694227 ], [ -77.132622924048519, 42.502472067360884 ], [ -77.132533790715343, 42.502548800694058 ], [ -77.132400190715543, 42.502642067360625 ], [ -77.132378124048898, 42.502642000693925 ], [ -77.132348324048962, 42.502658467360561 ], [ -77.132340924048947, 42.502658467360561 ], [ -77.132288990715722, 42.502685867360526 ], [ -77.132229590715781, 42.502696867360498 ], [ -77.1321777240492, 42.502724267360463 ], [ -77.132066390716034, 42.502751667360428 ], [ -77.132007124049494, 42.502768067360421 ], [ -77.131955190716212, 42.502779067360393 ], [ -77.13182159071647, 42.502855800693624 ], [ -77.13182159071647, 42.502866800693596 ], [ -77.131784524049806, 42.502866800693596 ], [ -77.131598924050138, 42.502976400693399 ], [ -77.131264990717284, 42.503223267359715 ], [ -77.131049790717668, 42.503354867359462 ], [ -77.131027524051035, 42.503365800692791 ], [ -77.130990524051072, 42.503382267359427 ], [ -77.130901324051194, 42.503431600692693 ], [ -77.130893924051236, 42.503431600692693 ], [ -77.130856924051272, 42.503459000692658 ], [ -77.13082719071798, 42.503459000692658 ], [ -77.130656524051574, 42.503546667359217 ], [ -77.130433990718586, 42.503656400692364 ], [ -77.130337524052095, 42.503711200692294 ], [ -77.130307724052102, 42.50372760069223 ], [ -77.13017412405236, 42.503793400692132 ], [ -77.130077724052455, 42.503842800692041 ], [ -77.130003524052597, 42.503892067358663 ], [ -77.129988590719279, 42.503892067358663 ], [ -77.129951590719372, 42.503919600691972 ], [ -77.129803190719599, 42.50400180069181 ], [ -77.129669524053099, 42.504089467358369 ], [ -77.129558190719933, 42.504188267358188 ], [ -77.129543390719959, 42.504188200691544 ], [ -77.129187124053885, 42.504473467357741 ], [ -77.129149990720578, 42.504517267357699 ], [ -77.12911292405397, 42.504561200690944 ], [ -77.129112790720626, 42.50457766735758 ], [ -77.129023724054093, 42.504660000690819 ], [ -77.129023790720794, 42.504670867357447 ], [ -77.12889752405431, 42.504764200690659 ], [ -77.128630390721412, 42.504923200690371 ], [ -77.128556190721497, 42.504961600690308 ], [ -77.128541390721523, 42.504961600690308 ], [ -77.128467124054964, 42.505016400690238 ], [ -77.128229724055359, 42.505131600690049 ], [ -77.128207390722025, 42.505142467356734 ], [ -77.128192524055407, 42.505142467356734 ], [ -77.128170324055418, 42.505159000690014 ], [ -77.128148124055485, 42.50515886735667 ], [ -77.128096190722204, 42.505186400689979 ], [ -77.128044190722278, 42.505197267356607 ], [ -77.127947724055787, 42.505241200689909 ], [ -77.127836390722621, 42.50528500068981 ], [ -77.127777124056081, 42.505312400689775 ], [ -77.127747390722789, 42.50531226735643 ], [ -77.127636124056266, 42.505378200689677 ], [ -77.127598990723016, 42.505394600689669 ], [ -77.127554390723049, 42.505422000689634 ], [ -77.127539724056419, 42.505422000689634 ], [ -77.127354124056694, 42.505537200689446 ], [ -77.127205724056921, 42.505646867355949 ], [ -77.126745390724295, 42.505964867355431 ], [ -77.12674552405764, 42.505975867355403 ], [ -77.126656524057807, 42.506036200688641 ], [ -77.126500590724675, 42.50614040068848 ], [ -77.12639659072488, 42.506184267355081 ], [ -77.126374390724891, 42.506189800688446 ], [ -77.126359590724917, 42.506189800688446 ], [ -77.126129524058626, 42.506337800688186 ], [ -77.125943924058902, 42.506409000688109 ], [ -77.125892124058964, 42.506420000688081 ], [ -77.125802990725788, 42.50645286735471 ], [ -77.125758390725878, 42.506491200687947 ], [ -77.125632190726037, 42.506606400687758 ], [ -77.12553579072619, 42.506716067354262 ], [ -77.125505990726253, 42.506743600687571 ], [ -77.125506124059598, 42.506754600687543 ], [ -77.125409524059705, 42.506836800687438 ], [ -77.125090324060238, 42.50705060068708 ], [ -77.125075524060264, 42.50705060068708 ], [ -77.124852924060576, 42.507198667353521 ], [ -77.124838124060602, 42.507198667353521 ], [ -77.1247637907274, 42.507253467353451 ], [ -77.124734190727452, 42.507275400686751 ], [ -77.124719324060777, 42.507280867353415 ], [ -77.124712124060807, 42.507282667353365 ], [ -77.12468092406084, 42.507289200686728 ], [ -77.124584590727693, 42.507388000686547 ], [ -77.124569790727719, 42.507388000686547 ], [ -77.124258524061531, 42.507651600686131 ], [ -77.124050990728506, 42.507799867352617 ], [ -77.12385092406214, 42.50795360068571 ], [ -77.123835924062178, 42.507948200685689 ], [ -77.123739724062318, 42.508030467352228 ], [ -77.123702590729067, 42.508047067352209 ], [ -77.123546924062623, 42.508156867352056 ], [ -77.123361590729587, 42.508310667351793 ], [ -77.123294924063032, 42.508382067351704 ], [ -77.123243124063094, 42.508437000684921 ], [ -77.12324299072975, 42.508442467351585 ], [ -77.123094790729965, 42.508557800684741 ], [ -77.123042924063384, 42.508585200684706 ], [ -77.123042990730085, 42.508596200684678 ], [ -77.122739124063855, 42.50882686735099 ], [ -77.122739124063855, 42.508837867350962 ], [ -77.122664924063997, 42.508892667350892 ], [ -77.12249452406428, 42.509035600684001 ], [ -77.122487124064264, 42.509052000683994 ], [ -77.122487124064264, 42.509063000683966 ], [ -77.122398124064375, 42.509123400683848 ], [ -77.122398190731076, 42.50913980068384 ], [ -77.122309190731187, 42.509216667350415 ], [ -77.122309190731187, 42.509233200683695 ], [ -77.122242524064632, 42.509288067350269 ], [ -77.122153590731443, 42.50937600068346 ], [ -77.122153590731443, 42.509387000683489 ], [ -77.12211659073148, 42.509414400683397 ], [ -77.122116524064836, 42.509430867350034 ], [ -77.122012724064973, 42.509518667349937 ], [ -77.121975724065067, 42.509557067349874 ], [ -77.12197579073171, 42.509562600683182 ], [ -77.121923924065129, 42.50960106734982 ], [ -77.121923790731785, 42.509617467349756 ], [ -77.121834990731941, 42.509699867349639 ], [ -77.121812724065308, 42.509754800682913 ], [ -77.12164232406559, 42.50990860068265 ], [ -77.121605190732282, 42.509936000682615 ], [ -77.121605324065627, 42.509952467349251 ], [ -77.12144219073258, 42.510095267349016 ], [ -77.121316190732728, 42.510194067348891 ], [ -77.121071524066451, 42.510353400681936 ], [ -77.121049390733162, 42.510408267348566 ], [ -77.121034524066545, 42.510424667348502 ], [ -77.121027190733173, 42.510435667348474 ], [ -77.121019724066514, 42.510474200681756 ], [ -77.121012390733199, 42.510479600681776 ], [ -77.12100499073324, 42.510573000681632 ], [ -77.121042190733192, 42.510721067348072 ], [ -77.121064524066469, 42.510737600681352 ], [ -77.121064524066469, 42.510754000681345 ], [ -77.121101590733076, 42.510819800681247 ], [ -77.121123990733054, 42.510913200681102 ], [ -77.121131524066357, 42.51092406734773 ], [ -77.121131524066357, 42.510957067347704 ], [ -77.12110919073308, 42.511022867347606 ], [ -77.121064790733158, 42.511066800680851 ], [ -77.121042524066524, 42.511083267347487 ], [ -77.120901724066698, 42.511154667347398 ], [ -77.120879390733421, 42.511154667347398 ], [ -77.120805390733551, 42.51119320068068 ], [ -77.120731124066992, 42.511237200680569 ], [ -77.120701524067044, 42.511264467347189 ], [ -77.120649590733763, 42.511314000680443 ], [ -77.120649724067107, 42.511352400680437 ], [ -77.120627524067174, 42.511368800680373 ], [ -77.120627524067174, 42.511379800680345 ], [ -77.120642390733792, 42.511390800680374 ], [ -77.120612790733844, 42.511462200680228 ], [ -77.12059792406717, 42.511473067346913 ], [ -77.12059792406717, 42.511517067346801 ], [ -77.120546124067289, 42.511615867346677 ], [ -77.120523790733955, 42.511632400679957 ], [ -77.120523790733955, 42.511654267346614 ], [ -77.120479390734033, 42.511687200679887 ], [ -77.120471924067374, 42.511703667346524 ], [ -77.120471924067374, 42.511714667346496 ], [ -77.120079124068013, 42.512011267346054 ], [ -77.120086524067972, 42.512022200679382 ], [ -77.120064390734683, 42.512044200679327 ], [ -77.120034790734735, 42.512093600679236 ], [ -77.120012390734757, 42.512110067345873 ], [ -77.119938390734887, 42.512192400679112 ], [ -77.119938390734887, 42.512208867345748 ], [ -77.119871724068332, 42.512263800679023 ], [ -77.119871724068332, 42.512274800678995 ], [ -77.119767924068469, 42.512351667345513 ], [ -77.119767924068469, 42.512373600678814 ], [ -77.119745724068537, 42.51239006734545 ], [ -77.119723390735203, 42.512417600678759 ], [ -77.119730924068563, 42.512423000678723 ], [ -77.119678990735281, 42.512461467345361 ], [ -77.119679124068625, 42.512488867345326 ], [ -77.119656724068648, 42.512505400678606 ], [ -77.1196271240687, 42.512532800678571 ], [ -77.119627190735343, 42.512571267345209 ], [ -77.11960492406871, 42.512587667345144 ], [ -77.119612324068726, 42.512598667345117 ], [ -77.119590190735437, 42.512653600678391 ], [ -77.119575324068762, 42.512670000678384 ], [ -77.119567990735447, 42.512681067345 ], [ -77.119560524068788, 42.512708467344964 ], [ -77.119538190735511, 42.51275240067821 ], [ -77.119523524068882, 42.512785400678183 ], [ -77.119508724068908, 42.512796400678155 ], [ -77.119508590735563, 42.512812800678148 ], [ -77.119449390735667, 42.512867667344722 ], [ -77.119449390735667, 42.512878667344694 ], [ -77.119360524069123, 42.512950000677904 ], [ -77.119323390735815, 42.512983000677877 ], [ -77.119323390735815, 42.512993867344505 ], [ -77.119204790736035, 42.513081867344397 ], [ -77.119167724069428, 42.513120267344334 ], [ -77.119167724069428, 42.513131267344306 ], [ -77.11913059073612, 42.513153200677607 ], [ -77.119063990736265, 42.513230067344182 ], [ -77.119063990736265, 42.513246600677462 ], [ -77.119041790736276, 42.513274000677427 ], [ -77.119012190736328, 42.513328867344001 ], [ -77.118975124069721, 42.513400200677211 ], [ -77.11896039073639, 42.513416667343847 ], [ -77.118952924069731, 42.513427667343876 ], [ -77.118945524069773, 42.513455200677129 ], [ -77.118908390736465, 42.513482600677094 ], [ -77.118908524069809, 42.513510067343702 ], [ -77.118871390736558, 42.513537467343667 ], [ -77.118871390736558, 42.513554000677004 ], [ -77.118812124069962, 42.513614400676886 ], [ -77.118782524070014, 42.513641800676851 ], [ -77.118693590736825, 42.513735200676706 ], [ -77.118693524070125, 42.513740600676726 ], [ -77.118671324070192, 42.513762600676671 ], [ -77.11856759073703, 42.51386146734319 ], [ -77.11856759073703, 42.513867000676498 ], [ -77.118537924070381, 42.513888867343155 ], [ -77.118537924070381, 42.513905400676435 ], [ -77.118515724070448, 42.513949267343037 ], [ -77.118530524070422, 42.513960267343009 ], [ -77.118515790737092, 42.513965800676374 ], [ -77.118508390737134, 42.514070000676213 ], [ -77.118500990737118, 42.514075467342877 ], [ -77.118493590737103, 42.51415780067606 ], [ -77.11847139073717, 42.514179800676004 ], [ -77.11847139073717, 42.514212667342633 ], [ -77.118434390737207, 42.514295067342516 ], [ -77.118404724070615, 42.514311600675796 ], [ -77.118404724070615, 42.514333467342453 ], [ -77.118367790737352, 42.51436646734237 ], [ -77.118300990737453, 42.514432400675616 ], [ -77.118300990737453, 42.514437867342281 ], [ -77.118204590737605, 42.51452020067552 ], [ -77.118078724071097, 42.514608000675366 ], [ -77.118041590737846, 42.514630067342011 ], [ -77.118041590737846, 42.514635600675319 ], [ -77.118011924071197, 42.514635600675319 ], [ -77.117989724071265, 42.514652000675312 ], [ -77.117885924071402, 42.514745267341823 ], [ -77.117848924071438, 42.514789200675068 ], [ -77.117833990738177, 42.514827667341706 ], [ -77.117811790738187, 42.514844067341642 ], [ -77.117811790738187, 42.514877067341615 ], [ -77.117782124071596, 42.51489906734156 ], [ -77.117730324071658, 42.515052800674653 ], [ -77.117715524071684, 42.515058267341317 ], [ -77.117715590738328, 42.51509660067461 ], [ -77.117678590738421, 42.515206467341102 ], [ -77.117663790738391, 42.515244867341039 ], [ -77.117634124071799, 42.515299800674256 ], [ -77.117611924071809, 42.515316200674249 ], [ -77.11761199073851, 42.515343667340858 ], [ -77.117574924071903, 42.515371067340823 ], [ -77.117560124071929, 42.515404067340796 ], [ -77.117485990738714, 42.515470000674043 ], [ -77.117448790738763, 42.515497400673951 ], [ -77.117382124072208, 42.515519400673952 ], [ -77.117345124072244, 42.515546867340561 ], [ -77.117159724072508, 42.515645667340436 ], [ -77.117129990739272, 42.515662200673717 ], [ -77.11713012407256, 42.515684200673661 ], [ -77.117115190739241, 42.515689667340325 ], [ -77.11713012407256, 42.515728067340262 ], [ -77.117115324072586, 42.515739067340292 ], [ -77.11713012407256, 42.5157664673402 ], [ -77.11713012407256, 42.515821400673474 ], [ -77.117115324072586, 42.515848800673439 ], [ -77.117122790739245, 42.515854267340103 ], [ -77.1171007240726, 42.515936667339986 ], [ -77.117085790739338, 42.515947600673258 ], [ -77.117085790739338, 42.51596400067325 ], [ -77.117063590739349, 42.515980600673231 ], [ -77.117063590739349, 42.515991600673203 ], [ -77.117033924072757, 42.516008000673196 ], [ -77.117019124072726, 42.51606286733977 ], [ -77.117056324072678, 42.516156067339637 ], [ -77.117078724072655, 42.516222000672826 ], [ -77.117063724072693, 42.51622746733949 ], [ -77.117093524072629, 42.51628226733942 ], [ -77.117086190739315, 42.516386667339248 ], [ -77.117063924072681, 42.51643060067255 ], [ -77.117071324072697, 42.516441467339178 ], [ -77.117071524072685, 42.516485467339123 ], [ -77.117049190739351, 42.516529400672368 ], [ -77.117034390739377, 42.516584200672298 ], [ -77.117019590739403, 42.516600667338935 ], [ -77.116989990739455, 42.516655600672152 ], [ -77.116952924072848, 42.516694000672146 ], [ -77.116930724072915, 42.516721467338755 ], [ -77.116930590739571, 42.516727000672063 ], [ -77.116648924073331, 42.516946600671702 ], [ -77.116648990739975, 42.516963067338395 ], [ -77.116626790740042, 42.516979600671675 ], [ -77.116611924073368, 42.51700700067164 ], [ -77.116574924073461, 42.517050867338241 ], [ -77.116538124073486, 42.517336267337782 ], [ -77.116515924073553, 42.517352800671119 ], [ -77.116515790740209, 42.517369200671055 ], [ -77.116486324073605, 42.517435200670946 ], [ -77.116449190740298, 42.517501000670848 ], [ -77.116411990740346, 42.517523000670849 ], [ -77.116374990740439, 42.517572400670758 ], [ -77.116308390740528, 42.517621800670668 ], [ -77.116300990740513, 42.517643667337325 ], [ -77.116219390740639, 42.517720600670543 ], [ -77.116197124074006, 42.517748067337152 ], [ -77.116160124074099, 42.517786467337089 ], [ -77.116160124074099, 42.517797467337061 ], [ -77.115863524074541, 42.518028067336729 ], [ -77.115819124074619, 42.518094000669919 ], [ -77.115811790741304, 42.51816540066983 ], [ -77.115848990741256, 42.518231200669732 ], [ -77.11586379074123, 42.518247667336368 ], [ -77.115893390741178, 42.518286000669661 ], [ -77.115893524074522, 42.518291467336326 ], [ -77.115923190741114, 42.51831346733627 ], [ -77.11592312407447, 42.518319000669578 ], [ -77.115930590741129, 42.518340867336235 ], [ -77.115967790741024, 42.518379267336172 ], [ -77.116004924074332, 42.518450667336083 ], [ -77.116027124074265, 42.518467067336019 ], [ -77.116027124074265, 42.51848906733602 ], [ -77.116049524074242, 42.518505467335956 ], [ -77.116049390740898, 42.518543867335893 ], [ -77.116071790740875, 42.51856040066923 ], [ -77.116108990740827, 42.518708600669015 ], [ -77.116079390740879, 42.518862200668764 ], [ -77.116049790740931, 42.51893346733533 ], [ -77.116012724074324, 42.518961000668583 ], [ -77.116012790740967, 42.518988400668547 ], [ -77.115975790741061, 42.519015867335156 ], [ -77.11597572407436, 42.519043267335121 ], [ -77.115938724074454, 42.519081800668403 ], [ -77.115938724074454, 42.519098200668395 ], [ -77.115901590741146, 42.519164067334941 ], [ -77.115894324074475, 42.519180600668278 ], [ -77.115871924074554, 42.519197067334915 ], [ -77.115834990741234, 42.51924100066816 ], [ -77.115760790741376, 42.51931240066807 ], [ -77.115716324074754, 42.519350800668008 ], [ -77.115716324074754, 42.51936180066798 ], [ -77.115671924074832, 42.519394667334609 ], [ -77.115671924074832, 42.519416667334553 ], [ -77.115627390741565, 42.519438667334498 ], [ -77.115612590741591, 42.519515467334429 ], [ -77.115605190741633, 42.519521000667737 ], [ -77.115635124074913, 42.519735000667424 ], [ -77.115620324074939, 42.519751467334061 ], [ -77.115612924074924, 42.519762400667332 ], [ -77.115605390741621, 42.519778867334026 ], [ -77.115620190741595, 42.519789800667297 ], [ -77.115583324074976, 42.519833800667243 ], [ -77.115560924074998, 42.519850267333879 ], [ -77.11553132407505, 42.519850267333879 ], [ -77.115508990741773, 42.519866667333872 ], [ -77.115457190741836, 42.519877800667189 ], [ -77.115397790741952, 42.519894267333825 ], [ -77.115256924075481, 42.519982200667016 ], [ -77.115249590742167, 42.520130267333457 ], [ -77.115286790742118, 42.520196067333359 ], [ -77.115286790742118, 42.520223600666668 ], [ -77.115309124075395, 42.520267467333213 ], [ -77.115338790742044, 42.520283867333205 ], [ -77.115361190741964, 42.520377200666417 ], [ -77.11536859074198, 42.520388200666389 ], [ -77.115450390741842, 42.52072840066586 ], [ -77.115457924075201, 42.520744867332496 ], [ -77.115472724075175, 42.520755800665825 ], [ -77.115472790741819, 42.520816200665706 ], [ -77.115457990741845, 42.520865600665616 ], [ -77.115465390741804, 42.52087106733228 ], [ -77.115443324075216, 42.520991800665456 ], [ -77.115428524075242, 42.52099726733212 ], [ -77.115428390741897, 42.521035800665402 ], [ -77.115398790741949, 42.521052200665338 ], [ -77.115383990741975, 42.521090600665275 ], [ -77.115346990742012, 42.521129000665212 ], [ -77.115324724075379, 42.521151067331857 ], [ -77.115324724075379, 42.521162000665186 ], [ -77.115272790742154, 42.521200467331767 ], [ -77.115109724075694, 42.521293800664978 ], [ -77.115094790742432, 42.521293800664978 ], [ -77.115057790742469, 42.521321200664943 ], [ -77.114961390742621, 42.521365200664889 ], [ -77.114946524075947, 42.521365267331532 ], [ -77.11490952407604, 42.521392667331497 ], [ -77.114887190742706, 42.521392667331497 ], [ -77.114820390742807, 42.521431200664779 ], [ -77.114820524076151, 42.521447600664715 ], [ -77.114798190742874, 42.521464067331408 ], [ -77.114805724076177, 42.521491467331316 ], [ -77.114798190742874, 42.521502467331345 ], [ -77.114805724076177, 42.521540867331282 ], [ -77.114790790742859, 42.52154640066459 ], [ -77.114813190742836, 42.521639667331101 ], [ -77.114865190742762, 42.521705467331003 ], [ -77.114894924076054, 42.521787800664185 ], [ -77.114924724075991, 42.521804267330879 ], [ -77.11494692407598, 42.521897467330689 ], [ -77.114932124076006, 42.521908467330718 ], [ -77.114946990742624, 42.52193600066397 ], [ -77.114939590742665, 42.521979867330572 ], [ -77.11493219074265, 42.522023800663874 ], [ -77.114939590742665, 42.522034667330502 ], [ -77.11491752407602, 42.522089600663719 ], [ -77.114850724076121, 42.522144467330349 ], [ -77.11479139074288, 42.522205000663575 ], [ -77.11479139074288, 42.522216000663548 ], [ -77.114746924076258, 42.522243400663513 ], [ -77.114746990742958, 42.522259800663505 ], [ -77.114702390742991, 42.522292800663422 ], [ -77.114694990743033, 42.522314667330079 ], [ -77.114672924076388, 42.522358600663324 ], [ -77.114687724076362, 42.522369600663296 ], [ -77.114680324076403, 42.52242446732987 ], [ -77.114695190743021, 42.522484867329808 ], [ -77.114732390742972, 42.522523267329746 ], [ -77.114732390742972, 42.522534200663074 ], [ -77.114724990742957, 42.522578067329675 ], [ -77.114754724076249, 42.52260006732962 ], [ -77.114762124076265, 42.522633000662893 ], [ -77.114821524076149, 42.522682400662802 ], [ -77.114821590742849, 42.522698800662795 ], [ -77.114851190742797, 42.522715267329431 ], [ -77.114932924076015, 42.522808600662643 ], [ -77.114932924076015, 42.522819467329271 ], [ -77.114955190742648, 42.522836000662608 ], [ -77.114962724075951, 42.522940267329091 ], [ -77.114955324075936, 42.522945800662399 ], [ -77.114947990742621, 42.523050000662238 ], [ -77.114925790742689, 42.523066467328874 ], [ -77.114940590742663, 42.523093867328839 ], [ -77.114910924076014, 42.523148867328757 ], [ -77.114896190742741, 42.523159800662086 ], [ -77.11489612407604, 42.52316526732875 ], [ -77.114888724076081, 42.523176267328722 ], [ -77.11489612407604, 42.523187200662051 ], [ -77.114858990742789, 42.523209267328696 ], [ -77.114844190742815, 42.52323660066196 ], [ -77.114844190742815, 42.523247600661932 ], [ -77.114770124076244, 42.52330260066185 ], [ -77.114569924076534, 42.52340146732837 ], [ -77.114421524076761, 42.523478267328244 ], [ -77.114406724076787, 42.523478267328244 ], [ -77.114302924076981, 42.52353880066147 ], [ -77.114302924076981, 42.523549800661499 ], [ -77.114243724077085, 42.5235936006614 ], [ -77.114228790743766, 42.523632067328037 ], [ -77.114191724077159, 42.523659467327946 ], [ -77.114162124077211, 42.523741867327828 ], [ -77.114154724077196, 42.523747400661193 ], [ -77.114147324077237, 42.52378580066113 ], [ -77.114125124077248, 42.523846200661012 ], [ -77.114110190743929, 42.523857200660984 ], [ -77.114125124077248, 42.523868067327669 ], [ -77.1140955240773, 42.523895600660921 ], [ -77.114073190743966, 42.523950467327495 ], [ -77.114021390744085, 42.523994400660797 ], [ -77.113843390744364, 42.52409866732728 ], [ -77.113843390744364, 42.524126200660589 ], [ -77.11382859074439, 42.524137200660562 ], [ -77.11382859074439, 42.524181067327163 ], [ -77.113858324077682, 42.524203000660464 ], [ -77.113991990744125, 42.524296267326974 ], [ -77.113991924077425, 42.524301800660282 ], [ -77.114014190744058, 42.524323667326939 ], [ -77.11411072407725, 42.524416867326806 ], [ -77.11411079074395, 42.524422400660114 ], [ -77.114147924077201, 42.524449800660079 ], [ -77.114170124077191, 42.524477200660044 ], [ -77.114170190743835, 42.524504667326653 ], [ -77.114207324077142, 42.52454306732659 ], [ -77.114229590743776, 42.524598000659864 ], [ -77.114236990743734, 42.524608867326492 ], [ -77.114237124077079, 42.524625400659829 ], [ -77.11426679074367, 42.524647400659774 ], [ -77.114289124077004, 42.524746067326305 ], [ -77.11427432407703, 42.524757067326277 ], [ -77.114281724076989, 42.524801000659522 ], [ -77.114281790743689, 42.524828467326131 ], [ -77.114244790743726, 42.524965667325944 ], [ -77.114229924077108, 42.524976600659272 ], [ -77.114229990743752, 42.524993067325909 ], [ -77.114207724077119, 42.525009600659189 ], [ -77.114192924077145, 42.525037000659154 ], [ -77.114155790743837, 42.525080867325755 ], [ -77.114140990743863, 42.525119400659037 ], [ -77.114074324077308, 42.52517426732561 ], [ -77.114052124077375, 42.525201667325575 ], [ -77.114051990744031, 42.525207200658883 ], [ -77.11400012407745, 42.52524560065882 ], [ -77.114000190744093, 42.525251067325485 ], [ -77.113925990744235, 42.525300600658738 ], [ -77.113814724077713, 42.525350000658705 ], [ -77.113696124077933, 42.525388467325286 ], [ -77.113688724077917, 42.525388467325286 ], [ -77.113658990744625, 42.525404867325278 ], [ -77.113614524078059, 42.525410400658586 ], [ -77.113547790744803, 42.525438000658539 ], [ -77.113458790744971, 42.525503800658441 ], [ -77.113443924078297, 42.525525800658386 ], [ -77.113473590744945, 42.525575067325008 ], [ -77.11357012407808, 42.525668467324863 ], [ -77.113592524078058, 42.525695867324828 ], [ -77.113629590744665, 42.525734267324765 ], [ -77.113637124078025, 42.525750667324701 ], [ -77.113637124078025, 42.52576166732473 ], [ -77.113666724077973, 42.52577820065801 ], [ -77.113666724077973, 42.525794600658003 ], [ -77.113696524077909, 42.52583300065794 ], [ -77.113711324077883, 42.525860467324549 ], [ -77.113711324077883, 42.525871400657877 ], [ -77.113733590744516, 42.525887867324514 ], [ -77.113733590744516, 42.525909800657814 ], [ -77.113755924077793, 42.525953667324416 ], [ -77.113770790744468, 42.525997600657661 ], [ -77.113770790744468, 42.526008600657633 ], [ -77.1137929907444, 42.526025000657626 ], [ -77.113793124077745, 42.526063467324263 ], [ -77.113763590744497, 42.526239067323957 ], [ -77.113748724077823, 42.526244600657321 ], [ -77.113748790744467, 42.526283000657259 ], [ -77.113711724077859, 42.526310400657167 ], [ -77.113711724077859, 42.526315867323831 ], [ -77.11372652407789, 42.52632686732386 ], [ -77.113711724077859, 42.526337867323832 ], [ -77.113711724077859, 42.52634340065714 ], [ -77.113681990744624, 42.526365267323797 ], [ -77.113682124077911, 42.52639280065705 ], [ -77.113645124078005, 42.526420200657014 ], [ -77.113630190744686, 42.526475067323588 ], [ -77.11364499074466, 42.526480600656953 ], [ -77.113645124078005, 42.526584867323436 ], [ -77.113615524078057, 42.526601400656716 ], [ -77.113615390744712, 42.526628800656681 ], [ -77.113593324078067, 42.526672667323282 ], [ -77.113585790744764, 42.52668920065662 ], [ -77.113548924078145, 42.526766067323138 ], [ -77.113548924078145, 42.526798867323123 ], [ -77.113526724078156, 42.526815467323047 ], [ -77.113497124078208, 42.526980067322825 ], [ -77.113504524078223, 42.526991000656153 ], [ -77.113504590744867, 42.527073267322692 ], [ -77.113489790744893, 42.527117267322581 ], [ -77.113504590744867, 42.52712826732261 ], [ -77.113504724078211, 42.527166600655846 ], [ -77.113526924078144, 42.527183067322483 ], [ -77.113526990744845, 42.52719960065582 ], [ -77.113564124078096, 42.527232467322449 ], [ -77.113779390744469, 42.527380600655533 ], [ -77.113801590744401, 42.527408000655498 ], [ -77.11381652407772, 42.527424400655491 ], [ -77.11381652407772, 42.527435400655463 ], [ -77.113838724077709, 42.5274518673221 ], [ -77.113831324077694, 42.527462867322072 ], [ -77.113831324077694, 42.5274738006554 ], [ -77.11386112407763, 42.527501267322009 ], [ -77.113875924077604, 42.527572600655219 ], [ -77.113890790744279, 42.527583600655191 ], [ -77.113875990744305, 42.527589000655212 ], [ -77.113883524077607, 42.52761646732182 ], [ -77.113898190744237, 42.527627467321793 ], [ -77.113883524077607, 42.527638400655121 ], [ -77.113905790744241, 42.527819600654823 ], [ -77.113891124077611, 42.527830600654852 ], [ -77.113913390744244, 42.52791280065469 ], [ -77.113883924077641, 42.528104867321076 ], [ -77.113876390744281, 42.528110400654384 ], [ -77.113869124077667, 42.52813786732105 ], [ -77.113846924077677, 42.528187267320959 ], [ -77.113846790744333, 42.528214667320924 ], [ -77.113809790744426, 42.528236667320868 ], [ -77.113809790744426, 42.528264067320833 ], [ -77.113765324077804, 42.528291467320798 ], [ -77.113765324077804, 42.528313467320743 ], [ -77.113705990744563, 42.528373867320681 ], [ -77.113705990744563, 42.528384867320653 ], [ -77.113668924077956, 42.528412400653906 ], [ -77.1136689907446, 42.528428800653899 ], [ -77.113579990744768, 42.528500200653809 ], [ -77.113565190744794, 42.528516667320446 ], [ -77.113513190744868, 42.528571600653663 ], [ -77.113476190744905, 42.528615467320265 ], [ -77.113476190744905, 42.528626467320237 ], [ -77.113439190744998, 42.528653867320202 ], [ -77.113439124078297, 42.528681400653511 ], [ -77.113402124078391, 42.528708800653476 ], [ -77.113387190745073, 42.528741667320105 ], [ -77.113357590745125, 42.52876366732005 ], [ -77.113350190745109, 42.528791067320014 ], [ -77.113350190745109, 42.528796600653322 ], [ -77.113305724078543, 42.528824067319931 ], [ -77.113305724078543, 42.52885160065324 ], [ -77.113268590745236, 42.528879000653205 ], [ -77.11326872407858, 42.528895467319842 ], [ -77.113231590745272, 42.528922867319807 ], [ -77.113231590745272, 42.528944867319751 ], [ -77.113179724078691, 42.528977800653024 ], [ -77.113164924078717, 42.52900526731969 ], [ -77.113164924078717, 42.529016267319662 ], [ -77.113127790745466, 42.529043667319627 ], [ -77.113112990745492, 42.529076667319544 ], [ -77.113090790745503, 42.529093067319536 ], [ -77.113061190745555, 42.529186400652748 ], [ -77.113053790745596, 42.52919740065272 ], [ -77.113083590745532, 42.529323600652504 ], [ -77.113120724078783, 42.529362000652441 ], [ -77.113135524078757, 42.529378467319077 ], [ -77.113135524078757, 42.529389467319106 ], [ -77.11315779074539, 42.529405867319042 ], [ -77.113217324078676, 42.529471667318944 ], [ -77.113254390745283, 42.529510067318881 ], [ -77.113254390745283, 42.529521067318854 ], [ -77.113291524078534, 42.529548467318818 ], [ -77.113291524078534, 42.529565000652156 ], [ -77.113328590745141, 42.52959240065212 ], [ -77.11332132407847, 42.529608867318757 ], [ -77.113350990745118, 42.529630800652058 ], [ -77.113387990745082, 42.529674667318659 ], [ -77.113410324078359, 42.52969660065196 ], [ -77.113410390745003, 42.529713067318596 ], [ -77.11344752407831, 42.529740467318561 ], [ -77.11345499074497, 42.529768000651814 ], [ -77.11345499074497, 42.529778867318498 ], [ -77.113477190744902, 42.529795400651778 ], [ -77.113492124078221, 42.529833800651716 ], [ -77.113506924078195, 42.529844800651688 ], [ -77.113521924078157, 42.529987467318165 ], [ -77.11349959074488, 42.530009400651466 ], [ -77.113514590744842, 42.530036867318074 ], [ -77.113499724078224, 42.530058800651375 ], [ -77.113499724078224, 42.530080667318032 ], [ -77.113470124078276, 42.530097200651312 ], [ -77.113418124078351, 42.530163067317858 ], [ -77.113358924078454, 42.530239867317732 ], [ -77.113232790745315, 42.530360800650897 ], [ -77.113232790745315, 42.530366267317561 ], [ -77.113240324078618, 42.530377200650889 ], [ -77.11321792407864, 42.530393667317526 ], [ -77.113173590745362, 42.530585800650556 ], [ -77.113151390745429, 42.530602267317192 ], [ -77.113151390745429, 42.530629667317157 ], [ -77.113121790745481, 42.530679067317067 ], [ -77.113099524078848, 42.530695600650404 ], [ -77.113099524078848, 42.530706600650376 ], [ -77.1130699240789, 42.530723000650369 ], [ -77.113010524078959, 42.530756000650285 ], [ -77.112958724079078, 42.530810867316859 ], [ -77.112958590745734, 42.530827400650196 ], [ -77.112928990745786, 42.530893200650098 ], [ -77.112943924079104, 42.53090420065007 ], [ -77.112928990745786, 42.530909667316735 ], [ -77.112936524079089, 42.531046867316491 ], [ -77.112929190745774, 42.5310744006498 ], [ -77.112951524079051, 42.531096267316457 ], [ -77.112936590745733, 42.531123800649709 ], [ -77.112958924079066, 42.531140200649702 ], [ -77.112958924079066, 42.531178600649639 ], [ -77.112973790745684, 42.531184000649603 ], [ -77.11295899074571, 42.531195000649632 ], [ -77.112973790745684, 42.531239000649521 ], [ -77.11296652407907, 42.531288400649487 ], [ -77.11295899074571, 42.531315800649395 ], [ -77.11296652407907, 42.531321200649415 ], [ -77.112936790745778, 42.531442000649236 ], [ -77.112936990745766, 42.53156826731572 ], [ -77.112922190745792, 42.531595667315628 ], [ -77.112936990745766, 42.531606600648956 ], [ -77.11293712407911, 42.531661600648874 ], [ -77.112959390745743, 42.531760267315406 ], [ -77.112944524079069, 42.531771267315378 ], [ -77.112951990745728, 42.531809667315315 ], [ -77.112944724079057, 42.531815200648623 ], [ -77.112944724079057, 42.531826200648652 ], [ -77.112966924079046, 42.531842600648588 ], [ -77.11296699074569, 42.531892000648554 ], [ -77.112989324079024, 42.531990800648373 ], [ -77.112996924078971, 42.532171867314787 ], [ -77.113004324078986, 42.532182867314759 ], [ -77.112996924078971, 42.532193800648088 ], [ -77.113004324078986, 42.532221267314696 ], [ -77.112974790745682, 42.53234746731448 ], [ -77.112952524079049, 42.532364000647817 ], [ -77.112952524079049, 42.532380400647753 ], [ -77.112937790745775, 42.532429867314363 ], [ -77.112915390745798, 42.532446267314356 ], [ -77.112900724079168, 42.532473800647608 ], [ -77.112863524079216, 42.53251766731421 ], [ -77.112863724079205, 42.532539667314211 ], [ -77.112826590745954, 42.532572600647484 ], [ -77.112811790745923, 42.53258906731412 ], [ -77.112811790745923, 42.532600067314092 ], [ -77.112774590746028, 42.532627467314057 ], [ -77.112737590746065, 42.532671400647303 ], [ -77.11258192407962, 42.53281406731378 ], [ -77.11258192407962, 42.532825067313752 ], [ -77.112515124079721, 42.532869067313698 ], [ -77.112470724079799, 42.532924000646915 ], [ -77.112463190746496, 42.53295140064688 ], [ -77.112441124079851, 42.533017267313426 ], [ -77.112426190746532, 42.533022800646791 ], [ -77.112441124079851, 42.533050200646755 ], [ -77.112426324079877, 42.533171000646519 ], [ -77.112456190746514, 42.533291667312994 ], [ -77.112470990746488, 42.533297067313015 ], [ -77.112470990746488, 42.533335600646296 ], [ -77.112500790746424, 42.533434400646115 ], [ -77.112493390746465, 42.5334452673128 ], [ -77.112500790746424, 42.533472667312765 ], [ -77.112485924079806, 42.533483667312737 ], [ -77.112500790746424, 42.533527667312683 ], [ -77.112486124079794, 42.533538667312655 ], [ -77.11248599074645, 42.533544200645963 ], [ -77.112500924079768, 42.533555000645947 ], [ -77.11248599074645, 42.533566000645919 ], [ -77.11247132407982, 42.533681267312431 ], [ -77.112448990746486, 42.533697667312367 ], [ -77.112456390746502, 42.533725267312377 ], [ -77.112441724079872, 42.533736200645649 ], [ -77.112441590746528, 42.533763600645614 ], [ -77.112419390746538, 42.533807467312215 ], [ -77.112374990746616, 42.533939267312007 ], [ -77.112367590746658, 42.533955667312 ], [ -77.112352724079983, 42.533961200645308 ], [ -77.112352790746684, 42.534010667311918 ], [ -77.112308324080061, 42.534071000645156 ], [ -77.112286190746772, 42.534191800644976 ], [ -77.112249190746809, 42.534219200644941 ], [ -77.112249124080165, 42.534224667311548 ], [ -77.112256524080124, 42.534235667311577 ], [ -77.112219524080217, 42.534301467311479 ], [ -77.112204590746899, 42.534307000644787 ], [ -77.112204724080243, 42.534345467311368 ], [ -77.112182524080254, 42.534361867311361 ], [ -77.112182524080254, 42.534383867311305 ], [ -77.112167590746935, 42.534411400644615 ], [ -77.112137990746987, 42.534427867311251 ], [ -77.112137990746987, 42.534455200644572 ], [ -77.112100990747081, 42.534515600644454 ], [ -77.112078724080448, 42.534581467311 ], [ -77.112063924080417, 42.534592467311029 ], [ -77.112063924080417, 42.534625467310946 ], [ -77.112034190747181, 42.534641867310938 ], [ -77.112012124080536, 42.534735200644093 ], [ -77.111997190747218, 42.534746200644122 ], [ -77.112004724080521, 42.53477360064403 ], [ -77.111997190747218, 42.534801000643995 ], [ -77.111982524080588, 42.534834000643968 ], [ -77.111967724080614, 42.534845000643941 ], [ -77.11196759074727, 42.534916267310507 ], [ -77.11194539074728, 42.534932800643787 ], [ -77.111938124080666, 42.534982200643753 ], [ -77.111930724080651, 42.534987667310418 ], [ -77.111937990747322, 42.534998600643689 ], [ -77.111930724080651, 42.535026067310355 ], [ -77.111915790747332, 42.535037067310327 ], [ -77.111915790747332, 42.535081000643572 ], [ -77.111871524080755, 42.535273067309959 ], [ -77.111856590747436, 42.535278600643267 ], [ -77.111856724080781, 42.535306000643232 ], [ -77.111827124080833, 42.53538826730977 ], [ -77.111804790747499, 42.535443200643044 ], [ -77.111775190747551, 42.535492667309597 ], [ -77.111752990747618, 42.53550906730959 ], [ -77.111753124080906, 42.535536600642899 ], [ -77.111715924081011, 42.535564000642808 ], [ -77.11170112408098, 42.535597000642781 ], [ -77.111664124081074, 42.535635400642718 ], [ -77.111612190747792, 42.535717800642601 ], [ -77.1115825240812, 42.535734200642537 ], [ -77.111575124081185, 42.535761667309202 ], [ -77.111530590747918, 42.535805467309103 ], [ -77.111530590747918, 42.53582200064244 ], [ -77.111508324081285, 42.535844000642385 ], [ -77.111508390747986, 42.535860400642377 ], [ -77.111493590748012, 42.535876867309014 ], [ -77.111493590748012, 42.535887867308986 ], [ -77.111471324081378, 42.535904267308979 ], [ -77.11144172408143, 42.536003200642142 ], [ -77.111441790748074, 42.536112867308645 ], [ -77.1114269907481, 42.536140400641955 ], [ -77.111441790748074, 42.536151400641927 ], [ -77.111434390748059, 42.536250067308458 ], [ -77.111419724081429, 42.536299467308368 ], [ -77.111434590748104, 42.536305000641676 ], [ -77.111390190748182, 42.536519067308006 ], [ -77.111375390748151, 42.536524600641314 ], [ -77.111390190748182, 42.536573867307936 ], [ -77.111375390748151, 42.536579400641244 ], [ -77.111360724081521, 42.536661667307783 ], [ -77.111360590748177, 42.536700200641064 ], [ -77.111382990748154, 42.536771600640975 ], [ -77.111382990748154, 42.536826400640848 ], [ -77.111420190748106, 42.536903200640722 ], [ -77.111420190748106, 42.536919600640715 ], [ -77.111442524081383, 42.536936200640696 ], [ -77.111464790748016, 42.537001867307254 ], [ -77.11147959074799, 42.537018400640591 ], [ -77.111509324081283, 42.537095200640465 ], [ -77.111524324081302, 42.537122667307074 ], [ -77.111539124081276, 42.537133667307046 ], [ -77.11153172408126, 42.537166600640319 ], [ -77.111561390747909, 42.537188467306976 ], [ -77.111583790747829, 42.537276267306822 ], [ -77.111591190747845, 42.537287267306795 ], [ -77.111613590747822, 42.537435400639936 ], [ -77.111598724081148, 42.5374408673066 ], [ -77.111613590747822, 42.537468400639852 ], [ -77.111613590747822, 42.537534200639755 ], [ -77.111583924081174, 42.537578067306356 ], [ -77.111583990747874, 42.53762760063961 ], [ -77.111539590747896, 42.537759200639414 ], [ -77.111517390747963, 42.537781267306059 ], [ -77.111532190747937, 42.537814067305987 ], [ -77.111517390747963, 42.537836067305989 ], [ -77.111502590747989, 42.537841600639297 ], [ -77.11147292408134, 42.537973400639089 ], [ -77.111465590748026, 42.537978800639053 ], [ -77.111465590748026, 42.538006267305718 ], [ -77.111435990748078, 42.538050067305619 ], [ -77.11142112408146, 42.538105067305537 ], [ -77.111406324081486, 42.538127000638838 ], [ -77.111369324081522, 42.538198400638748 ], [ -77.111332190748271, 42.538258667305286 ], [ -77.111302524081623, 42.538308200638596 ], [ -77.111280390748334, 42.538352067305141 ], [ -77.111265524081659, 42.53836306730517 ], [ -77.111265524081659, 42.538379467305106 ], [ -77.111243324081727, 42.538396000638443 ], [ -77.111228390748408, 42.538439867305044 ], [ -77.111198924081805, 42.538461867304989 ], [ -77.111176590748471, 42.538516800638263 ], [ -77.111154390748538, 42.538533200638199 ], [ -77.111139524081864, 42.538566200638172 ], [ -77.11112472408189, 42.538588067304829 ], [ -77.111109924081916, 42.538593600638137 ], [ -77.111109790748571, 42.538621067304746 ], [ -77.111087724081983, 42.538643000638046 ], [ -77.111057990748691, 42.538730867304594 ], [ -77.111043190748717, 42.538741867304566 ], [ -77.11102852408203, 42.538829667304412 ], [ -77.111020990748727, 42.538840600637741 ], [ -77.111013724082056, 42.538923000637624 ], [ -77.110991390748779, 42.538939400637616 ], [ -77.111006324082098, 42.538966867304225 ], [ -77.110984190748809, 42.539158867303911 ], [ -77.110969324082134, 42.539180867303855 ], [ -77.11096199074882, 42.53918640063722 ], [ -77.11096199074882, 42.53920826730382 ], [ -77.110969324082134, 42.539213800637185 ], [ -77.110961924082176, 42.53923580063713 ], [ -77.110932324082228, 42.539279667303731 ], [ -77.110910124082238, 42.539323600636976 ], [ -77.110880390748946, 42.539340067303613 ], [ -77.110865590748972, 42.539367467303578 ], [ -77.110828524082365, 42.53941140063688 ], [ -77.110813724082391, 42.539460800636789 ], [ -77.110791524082401, 42.539477267303425 ], [ -77.110791524082401, 42.539488267303398 ], [ -77.11075432408245, 42.539515800636707 ], [ -77.11075439074915, 42.539543200636672 ], [ -77.110724790749202, 42.539559667303308 ], [ -77.110702590749213, 42.539620000636546 ], [ -77.110687724082595, 42.539658467303127 ], [ -77.110672924082621, 42.539669467303099 ], [ -77.110672990749265, 42.539702400636429 ], [ -77.110657990749303, 42.539729800636337 ], [ -77.110650590749287, 42.539740800636366 ], [ -77.110658124082647, 42.539751800636338 ], [ -77.110643324082673, 42.539779267302947 ], [ -77.110658190749291, 42.539784667302968 ], [ -77.110658190749291, 42.539839600636185 ], [ -77.110643390749317, 42.539888867302807 ], [ -77.110658190749291, 42.539894400636115 ], [ -77.110643524082661, 42.539921867302724 ], [ -77.11065092408262, 42.539932800636052 ], [ -77.11065092408262, 42.539998800635942 ], [ -77.110636124082646, 42.540020667302599 ], [ -77.11065092408262, 42.540031600635871 ], [ -77.110636124082646, 42.540075600635816 ], [ -77.11065099074932, 42.540086600635789 ], [ -77.110621324082672, 42.540179867302356 ], [ -77.110636124082646, 42.540185400635664 ], [ -77.110606590749398, 42.540207267302264 ], [ -77.110584390749409, 42.540278600635531 ], [ -77.110591790749368, 42.540289600635504 ], [ -77.110591724082724, 42.540295067302168 ], [ -77.11055472408276, 42.54032260063542 ], [ -77.11055472408276, 42.540388400635322 ], [ -77.110532524082828, 42.540404867301959 ], [ -77.110517724082854, 42.540503667301834 ], [ -77.110488124082906, 42.540525667301779 ], [ -77.11050292408288, 42.540553067301744 ], [ -77.110458390749613, 42.540635400634983 ], [ -77.110473324082932, 42.54064086730159 ], [ -77.110443724082984, 42.540734200634802 ], [ -77.110436190749624, 42.540739667301466 ], [ -77.110436390749612, 42.540805467301368 ], [ -77.110406590749676, 42.540822000634648 ], [ -77.11040672408302, 42.540871467301258 ], [ -77.110384524083031, 42.540887867301251 ], [ -77.110377124083072, 42.540898800634523 ], [ -77.110391790749702, 42.540904267301187 ], [ -77.110369590749713, 42.540926400634532 ], [ -77.110369590749713, 42.540942800634468 ], [ -77.110287990749839, 42.54105806730098 ], [ -77.110213990749969, 42.54112940063419 ], [ -77.110213990749969, 42.541140400634163 ], [ -77.110176924083362, 42.541167800634128 ], [ -77.110073124083556, 42.541255667300675 ], [ -77.110073124083556, 42.541266667300647 ], [ -77.110050790750222, 42.541283200633927 ], [ -77.110050924083566, 42.541294200633956 ], [ -77.110035990750248, 42.541294200633956 ], [ -77.109998924083641, 42.541327067300529 ], [ -77.109969324083693, 42.541393000633775 ], [ -77.109969324083693, 42.541431400633712 ], [ -77.109954524083719, 42.541458800633677 ], [ -77.109969324083693, 42.541464267300341 ], [ -77.109969324083693, 42.541541067300216 ], [ -77.10999172408367, 42.541557600633553 ], [ -77.109976790750352, 42.541568600633525 ], [ -77.109976924083696, 42.541574067300189 ], [ -77.109998990750341, 42.54159600063349 ], [ -77.109999190750329, 42.541628867300062 ], [ -77.110028790750277, 42.541650867300064 ], [ -77.110013990750303, 42.541656400633372 ], [ -77.110021524083606, 42.541683800633336 ], [ -77.110036190750236, 42.541694800633309 ], [ -77.110021524083606, 42.541705800633281 ], [ -77.110021390750262, 42.541711267299945 ], [ -77.110051190750255, 42.541733200633246 ], [ -77.110080924083547, 42.541908800632996 ], [ -77.11009592408351, 42.541914200632959 ], [ -77.110080990750191, 42.541941667299568 ], [ -77.110080990750191, 42.541963667299569 ], [ -77.110088524083494, 42.541969067299533 ], [ -77.110080990750191, 42.54198020063285 ], [ -77.110088524083494, 42.542045867299407 ], [ -77.110066324083562, 42.542095267299374 ], [ -77.110058924083546, 42.542172200632592 ], [ -77.110036724083614, 42.542188667299229 ], [ -77.110044190750273, 42.542216200632481 ], [ -77.11002192408364, 42.542282000632383 ], [ -77.110007124083609, 42.542287467299047 ], [ -77.110007124083609, 42.542364267298922 ], [ -77.109977390750373, 42.542408200632224 ], [ -77.109977524083661, 42.542452200632113 ], [ -77.109955324083728, 42.542496067298714 ], [ -77.109940524083754, 42.542561867298616 ], [ -77.10994039075041, 42.542578400631953 ], [ -77.109910924083806, 42.542600267298553 ], [ -77.109895990750488, 42.542688067298457 ], [ -77.109873790750498, 42.542732067298346 ], [ -77.109858990750524, 42.542770467298283 ], [ -77.109844124083907, 42.542781467298312 ], [ -77.109844324083895, 42.542825400631557 ], [ -77.109821924083917, 42.542841867298193 ], [ -77.109821990750618, 42.542880200631487 ], [ -77.109792390750613, 42.542896667298123 ], [ -77.109777524083995, 42.542973467297998 ], [ -77.10977019075068, 42.542990067297978 ], [ -77.109755324084006, 42.542995600631286 ], [ -77.109755324084006, 42.543022867297907 ], [ -77.109725724084058, 42.543072400631161 ], [ -77.109710924084084, 42.543116267297762 ], [ -77.109710924084084, 42.543143667297727 ], [ -77.109688590750807, 42.543160200631064 ], [ -77.109688724084151, 42.543187600630972 ], [ -77.109658990750859, 42.543231600630918 ], [ -77.109629390750911, 42.543341400630766 ], [ -77.109621990750895, 42.543352267297394 ], [ -77.109607190750921, 42.543445600630605 ], [ -77.109577590750973, 42.543462067297241 ], [ -77.109592390750947, 42.543489467297206 ], [ -77.109592524084292, 42.543517000630459 ], [ -77.109562790750999, 42.54356086729706 ], [ -77.109562924084344, 42.543632200630327 ], [ -77.109547924084325, 42.543659667296936 ], [ -77.109562790750999, 42.543670600630264 ], [ -77.109555524084328, 42.543780400630055 ], [ -77.10954812408437, 42.543807867296721 ], [ -77.109555524084328, 42.543818800629992 ], [ -77.109555590751029, 42.543862667296594 ], [ -77.109570390751003, 42.543873667296623 ], [ -77.109555590751029, 42.543879200629931 ], [ -77.109555724084316, 42.54392860062984 ], [ -77.109533324084396, 42.543945000629833 ], [ -77.109518524084422, 42.543972467296442 ], [ -77.109518590751065, 42.543989000629779 ], [ -77.109488924084417, 42.544011000629723 ], [ -77.109488990751117, 42.544027400629716 ], [ -77.109429590751176, 42.544126200629535 ], [ -77.109422190751218, 42.544142667296171 ], [ -77.109399924084585, 42.544164600629472 ], [ -77.109385124084611, 42.544197600629445 ], [ -77.109377790751296, 42.544208467296073 ], [ -77.109370324084637, 42.544214067296082 ], [ -77.109362924084621, 42.54422500062941 ], [ -77.109370324084637, 42.544235867296038 ], [ -77.109347990751303, 42.544279867295984 ], [ -77.109333324084673, 42.544345800629173 ], [ -77.109296324084767, 42.544373200629138 ], [ -77.109303590751381, 42.544400600629103 ], [ -77.109281524084736, 42.544455467295677 ], [ -77.1092517907515, 42.544499467295623 ], [ -77.109214724084893, 42.544570800628833 ], [ -77.109192524084904, 42.544587267295469 ], [ -77.10917772408493, 42.544642200628743 ], [ -77.109147990751637, 42.54465866729538 ], [ -77.109125924084992, 42.544795867295193 ], [ -77.109133324085008, 42.544806800628464 ], [ -77.109111124085018, 42.544823267295101 ], [ -77.109111124085018, 42.544878200628375 ], [ -77.109081390751726, 42.544999000628195 ], [ -77.109088924085086, 42.545009867294823 ], [ -77.10908152408507, 42.545042800628096 ], [ -77.109051924085122, 42.545097800628014 ], [ -77.109066724085096, 42.545108600627998 ], [ -77.109051790751778, 42.545136067294663 ], [ -77.109051990751766, 42.54516906729458 ], [ -77.109022324085174, 42.545191067294525 ], [ -77.109014924085159, 42.545245867294454 ], [ -77.108985324085211, 42.545300800627729 ], [ -77.108962990751934, 42.545317267294365 ], [ -77.108933324085285, 42.545377667294247 ], [ -77.108910990752008, 42.545399600627547 ], [ -77.108881524085405, 42.545454467294121 ], [ -77.108844324085453, 42.545487467294095 ], [ -77.108844324085453, 42.545498400627423 ], [ -77.108822124085464, 42.54551486729406 ], [ -77.10880732408549, 42.545553267293997 ], [ -77.108777590752197, 42.545569800627277 ], [ -77.108777590752197, 42.545597200627242 ], [ -77.108777590752197, 42.545608200627214 ], [ -77.108755390752265, 42.545624667293907 ], [ -77.108755390752265, 42.545641200627188 ], [ -77.108725790752317, 42.545685067293789 ], [ -77.108710990752343, 42.545740000627006 ], [ -77.108725790752317, 42.545750867293691 ], [ -77.108710990752343, 42.545778267293656 ], [ -77.108725790752317, 42.545805800626908 ], [ -77.108725924085604, 42.545844267293546 ], [ -77.10871112408563, 42.545888067293447 ], [ -77.108718524085646, 42.545899067293476 ], [ -77.108740990752267, 42.546146000626379 ], [ -77.108726190752293, 42.546151467293043 ], [ -77.108726190752293, 42.546162467293072 ], [ -77.108740990752267, 42.546173467293045 ], [ -77.108711324085675, 42.54621740062629 ], [ -77.108726190752293, 42.546228267292918 ], [ -77.108711324085675, 42.546261267292891 ], [ -77.108726190752293, 42.546272267292863 ], [ -77.108711390752319, 42.546310667292801 ], [ -77.108696524085644, 42.546316200626165 ], [ -77.10868172408567, 42.546387600626019 ], [ -77.108659590752382, 42.546409467292676 ], [ -77.108659524085738, 42.546426000625956 ], [ -77.108644724085764, 42.546453400625921 ], [ -77.108622524085774, 42.546469867292558 ], [ -77.108615124085816, 42.546491800625859 ], [ -77.108607590752456, 42.546519267292467 ], [ -77.108577990752508, 42.546535800625804 ], [ -77.108577990752508, 42.546552200625797 ], [ -77.108540924085901, 42.546618067292343 ], [ -77.108540990752601, 42.546634600625623 ], [ -77.108518590752624, 42.546651000625616 ], [ -77.108503924085994, 42.546678467292224 ], [ -77.108503924085994, 42.546700400625525 ], [ -77.108474190752702, 42.546716867292162 ], [ -77.108451990752712, 42.5467772672921 ], [ -77.108422324086121, 42.546799267292045 ], [ -77.108422390752764, 42.546804800625353 ], [ -77.108437190752738, 42.546815667292037 ], [ -77.108407524086147, 42.546832200625317 ], [ -77.108385324086157, 42.54689800062522 ], [ -77.108370524086183, 42.546909000625192 ], [ -77.108370390752839, 42.546936467291857 ], [ -77.108348190752849, 42.546952867291793 ], [ -77.108348324086194, 42.546958400625158 ], [ -77.108355724086209, 42.54696940062513 ], [ -77.108318590752901, 42.547051667291669 ], [ -77.10833352408622, 42.547062667291641 ], [ -77.108288990752953, 42.547199867291454 ], [ -77.108303790752927, 42.547227267291419 ], [ -77.108311324086287, 42.54723286729137 ], [ -77.108311390752931, 42.547254800624671 ], [ -77.108296524086313, 42.547298667291273 ], [ -77.108311390752931, 42.547309667291245 ], [ -77.108296524086313, 42.547342600624575 ], [ -77.108318790752946, 42.547364600624519 ], [ -77.108311524086275, 42.547392000624484 ], [ -77.108318790752946, 42.547397467291148 ], [ -77.108333790752908, 42.547501667290987 ], [ -77.108318990752934, 42.54752920062424 ], [ -77.108318990752934, 42.547611467290778 ], [ -77.108289324086286, 42.547628000624115 ], [ -77.108304324086305, 42.54765540062408 ], [ -77.108289324086286, 42.547660867290745 ], [ -77.108289524086274, 42.547737667290619 ], [ -77.108259790753038, 42.547781667290508 ], [ -77.1082747240863, 42.547792667290537 ], [ -77.108230190753034, 42.547880467290383 ], [ -77.108230190753034, 42.547918800623677 ], [ -77.108207990753101, 42.547935400623601 ], [ -77.108222790753075, 42.547962667290278 ], [ -77.108193190753127, 42.548017667290139 ], [ -77.108178390753153, 42.548028667290168 ], [ -77.108178324086452, 42.548045200623449 ], [ -77.108126524086572, 42.548209667289882 ], [ -77.108111724086598, 42.548220667289854 ], [ -77.108111790753242, 42.548253667289771 ], [ -77.108089524086608, 42.548297600623073 ], [ -77.108096924086624, 42.548308467289701 ], [ -77.10808212408665, 42.548319467289673 ], [ -77.108067190753331, 42.548407400622921 ], [ -77.108044990753342, 42.548434800622829 ], [ -77.108044990753342, 42.548445800622858 ], [ -77.10805992408666, 42.548456667289486 ], [ -77.108045124086686, 42.548484200622795 ], [ -77.108030324086712, 42.548489667289459 ], [ -77.108015524086738, 42.548566467289334 ], [ -77.108000724086764, 42.548583000622614 ], [ -77.107993324086749, 42.548594000622586 ], [ -77.107993190753405, 42.548621400622551 ], [ -77.107963590753457, 42.548637867289187 ], [ -77.107956190753498, 42.548665400622497 ], [ -77.107911590753531, 42.548709200622397 ], [ -77.107874590753624, 42.548753200622343 ], [ -77.107822590753699, 42.548808067288917 ], [ -77.107822724087043, 42.54882446728891 ], [ -77.107763324087102, 42.5488904672888 ], [ -77.107711390753877, 42.548945400622074 ], [ -77.107681790753929, 42.548972667288695 ], [ -77.107681724087229, 42.548978200622003 ], [ -77.107644724087322, 42.549005800621956 ], [ -77.107629924087348, 42.549044067288548 ], [ -77.107607724087359, 42.549060600621885 ], [ -77.107555724087433, 42.549115467288459 ], [ -77.107525990754141, 42.549197867288342 ], [ -77.107503924087496, 42.549252667288272 ], [ -77.107489124087522, 42.549285667288189 ], [ -77.10747419075426, 42.549296667288161 ], [ -77.107474324087548, 42.549335067288098 ], [ -77.107451924087627, 42.549351467288091 ], [ -77.107437124087653, 42.5493790006214 ], [ -77.107399990754345, 42.549422867288001 ], [ -77.107399990754345, 42.549433867287973 ], [ -77.107407524087648, 42.549439400621281 ], [ -77.10740012408769, 42.549450267287966 ], [ -77.10740012408769, 42.549461267287938 ], [ -77.107370390754397, 42.549477800621219 ], [ -77.107370390754397, 42.549494267287855 ], [ -77.107355590754423, 42.54952166728782 ], [ -77.107333390754434, 42.549538200621157 ], [ -77.107318524087816, 42.54959300062103 ], [ -77.107281524087853, 42.549631467287668 ], [ -77.107296324087827, 42.549658867287633 ], [ -77.107281590754553, 42.549713867287551 ], [ -77.107266724087879, 42.549724800620822 ], [ -77.107266724087879, 42.549752200620787 ], [ -77.107251924087905, 42.549796200620733 ], [ -77.107266790754579, 42.549807200620705 ], [ -77.107251924087905, 42.549840000620691 ], [ -77.107266790754579, 42.549851000620663 ], [ -77.107289124087856, 42.549949800620482 ], [ -77.107274324087882, 42.549960667287166 ], [ -77.107281790754541, 42.549988200620419 ], [ -77.107281790754541, 42.55003206728702 ], [ -77.107266924087867, 42.550081467286986 ], [ -77.107281790754541, 42.550087000620294 ], [ -77.107252324087938, 42.55020766728677 ], [ -77.107244790754578, 42.550213200620078 ], [ -77.107237390754619, 42.550240667286687 ], [ -77.10721519075463, 42.550290067286653 ], [ -77.10721519075463, 42.55034500061987 ], [ -77.107222590754645, 42.550350400619891 ], [ -77.107200324088012, 42.550372400619835 ], [ -77.107185590754682, 42.550405267286465 ], [ -77.107163324088049, 42.550427267286409 ], [ -77.107133590754756, 42.550504200619628 ], [ -77.107111524088111, 42.550526067286285 ], [ -77.107111390754824, 42.550531600619593 ], [ -77.107118790754782, 42.55054246728622 ], [ -77.107096590754793, 42.550597400619495 ], [ -77.107066924088201, 42.550613867286131 ], [ -77.107052124088227, 42.550663400619385 ], [ -77.107052190754871, 42.550668867286049 ], [ -77.107029924088238, 42.550685267286042 ], [ -77.107015124088264, 42.550723800619323 ], [ -77.106992924088331, 42.550740200619259 ], [ -77.106992924088331, 42.550751200619231 ], [ -77.10700032408829, 42.550762067285916 ], [ -77.106963190755039, 42.550806000619161 ], [ -77.106948324088364, 42.550861000619079 ], [ -77.106940990755049, 42.5508664006191 ], [ -77.106940990755049, 42.550877400619072 ], [ -77.106911324088458, 42.550893867285708 ], [ -77.106911324088458, 42.550915867285653 ], [ -77.106888990755124, 42.550959800618955 ], [ -77.106874324088494, 42.551025600618857 ], [ -77.106874324088494, 42.551031067285464 ], [ -77.106844590755202, 42.551053067285466 ], [ -77.106844590755202, 42.551086000618739 ], [ -77.106822324088569, 42.551102467285375 ], [ -77.106829790755228, 42.55112986728534 ], [ -77.106822390755269, 42.551140867285312 ], [ -77.106822390755269, 42.551168267285277 ], [ -77.106829790755228, 42.551179267285249 ], [ -77.106814990755254, 42.551195800618586 ], [ -77.106807590755295, 42.551206667285214 ], [ -77.106807724088583, 42.551234200618524 ], [ -77.106792724088621, 42.551261600618489 ], [ -77.10680019075528, 42.551267067285096 ], [ -77.10680019075528, 42.55130546728509 ], [ -77.106822590755257, 42.5513768006183 ], [ -77.106822724088602, 42.551426267284853 ], [ -77.106859724088508, 42.551453667284818 ], [ -77.106882124088486, 42.551536000618057 ], [ -77.106904390755119, 42.551552467284694 ], [ -77.106919190755093, 42.55159080061793 ], [ -77.10694152408837, 42.551634667284532 ], [ -77.106956324088344, 42.551645667284561 ], [ -77.106956390755045, 42.551662200617841 ], [ -77.106978724088322, 42.551684067284498 ], [ -77.106963790755003, 42.551689600617806 ], [ -77.106963790755003, 42.551700600617778 ], [ -77.106986124088337, 42.551722467284435 ], [ -77.106986190754981, 42.551750000617687 ], [ -77.107015790754929, 42.551766467284324 ], [ -77.107000990754955, 42.551793800617645 ], [ -77.10700839075497, 42.551810400617626 ], [ -77.107023324088289, 42.551821267284254 ], [ -77.107023390754932, 42.551903667284137 ], [ -77.10697899075501, 42.552057267283885 ], [ -77.106971524088351, 42.552068200617214 ], [ -77.106964124088336, 42.552112067283815 ], [ -77.106941924088403, 42.552128667283796 ], [ -77.106912324088455, 42.552232867283635 ], [ -77.10690492408844, 42.552238400616943 ], [ -77.106897524088481, 42.552249400616915 ], [ -77.106912390755099, 42.552260400616888 ], [ -77.106889990755121, 42.552320667283482 ], [ -77.106875324088492, 42.552331667283454 ], [ -77.106875190755147, 42.552359200616763 ], [ -77.106845590755199, 42.552485400616547 ], [ -77.10683092408857, 42.552496400616519 ], [ -77.10683092408857, 42.552529267283148 ], [ -77.106816124088596, 42.552540267283121 ], [ -77.10683092408857, 42.55255126728315 ], [ -77.10683092408857, 42.552578667283058 ], [ -77.106786524088648, 42.552721400616178 ], [ -77.106778990755288, 42.552732400616208 ], [ -77.106779124088632, 42.552748867282844 ], [ -77.106786524088648, 42.552759800616116 ], [ -77.106749524088684, 42.552831200616026 ], [ -77.106734590755366, 42.552842200615999 ], [ -77.10674939075534, 42.552847667282663 ], [ -77.10674939075534, 42.552869600615963 ], [ -77.106719790755392, 42.552886000615956 ], [ -77.106719790755392, 42.552902467282593 ], [ -77.106697590755459, 42.552968400615839 ], [ -77.106653124088837, 42.553039667282349 ], [ -77.10663079075556, 42.553094600615623 ], [ -77.106615990755586, 42.553133067282204 ], [ -77.106601190755612, 42.553138600615569 ], [ -77.106571724088951, 42.553385467281828 ], [ -77.106556790755633, 42.5533964672818 ], [ -77.106571724088951, 42.553423867281765 ], [ -77.106556990755678, 42.553506267281648 ], [ -77.106542124089003, 42.553511800614956 ], [ -77.106556924088977, 42.553522667281641 ], [ -77.106542124089003, 42.553550200614893 ], [ -77.106542190755704, 42.553577667281559 ], [ -77.106519924089071, 42.553594067281495 ], [ -77.10652739075573, 42.553632467281432 ], [ -77.106519924089071, 42.553643467281461 ], [ -77.106512590755699, 42.553671000614713 ], [ -77.106490190755778, 42.553687400614706 ], [ -77.106490390755766, 42.553720400614623 ], [ -77.10646059075583, 42.553769667281244 ], [ -77.106460724089118, 42.553797200614554 ], [ -77.106423590755867, 42.553868600614408 ], [ -77.106438524089185, 42.553879467281092 ], [ -77.106423724089211, 42.5538850006144 ], [ -77.106423590755867, 42.553923400614337 ], [ -77.106393990755919, 42.553939867280974 ], [ -77.106393990755919, 42.553961867280918 ], [ -77.106371790755929, 42.554022200614156 ], [ -77.106379190755945, 42.554033200614185 ], [ -77.106356990755955, 42.554049600614121 ], [ -77.106364390755971, 42.554093467280723 ], [ -77.106356990755955, 42.554115467280724 ], [ -77.106327324089364, 42.554159400613969 ], [ -77.106342190755981, 42.554170400613941 ], [ -77.106327324089364, 42.554214267280543 ], [ -77.106327390756007, 42.55423080061388 ], [ -77.106305124089374, 42.55425266728048 ], [ -77.106290390756044, 42.554340467280326 ], [ -77.106260724089452, 42.554384467280272 ], [ -77.106245790756134, 42.554395467280244 ], [ -77.106245924089478, 42.554450267280174 ], [ -77.106223590756201, 42.554466800613511 ], [ -77.106193990756196, 42.554549200613337 ], [ -77.106179190756222, 42.55456560061333 ], [ -77.106171790756264, 42.554576600613302 ], [ -77.106164390756248, 42.554620467279904 ], [ -77.106164390756248, 42.554642467279905 ], [ -77.106142190756316, 42.554658867279841 ], [ -77.106142190756316, 42.554713800613115 ], [ -77.106112524089667, 42.554730200613051 ], [ -77.106112524089667, 42.554812467279646 ], [ -77.106090324089735, 42.554834600612935 ], [ -77.106075390756416, 42.554894867279472 ], [ -77.106075524089761, 42.554911400612809 ], [ -77.106045790756468, 42.554933400612754 ], [ -77.106030990756494, 42.554993667279348 ], [ -77.106030990756494, 42.55500466727932 ], [ -77.106008790756505, 42.5550212006126 ], [ -77.105993924089887, 42.555076067279231 ], [ -77.105979124089913, 42.555087000612502 ], [ -77.105979190756557, 42.555103467279139 ], [ -77.105993990756531, 42.555114467279168 ], [ -77.105964390756583, 42.555130867279104 ], [ -77.105949524089908, 42.555229667278979 ], [ -77.105949590756609, 42.555257200612289 ], [ -77.105927324089976, 42.555279067278889 ], [ -77.105927390756619, 42.55536700061208 ], [ -77.105912590756645, 42.555394400612045 ], [ -77.105919990756661, 42.555405400612017 ], [ -77.105890390756713, 42.555586467278431 ], [ -77.105905324089974, 42.555597467278403 ], [ -77.105905390756675, 42.555690800611615 ], [ -77.10589052409, 42.555734600611515 ], [ -77.10589799075666, 42.555745667278188 ], [ -77.10589799075666, 42.555789467278089 ], [ -77.105875790756727, 42.555888267277965 ], [ -77.105868390756712, 42.555954200611154 ], [ -77.105846190756779, 42.555970667277847 ], [ -77.105860990756753, 42.555998067277756 ], [ -77.10581652409013, 42.556025467277721 ], [ -77.10581652409013, 42.556036467277693 ], [ -77.105831324090104, 42.556042000611058 ], [ -77.105816590756831, 42.55605300061103 ], [ -77.10581652409013, 42.556091400610967 ], [ -77.105779524090224, 42.556124267277596 ], [ -77.105794324090198, 42.556151800610849 ], [ -77.105772190756852, 42.556272467277324 ], [ -77.105786990756826, 42.556332867277263 ], [ -77.105757390756878, 42.556426200610474 ], [ -77.105772324090196, 42.556437067277102 ], [ -77.105772324090196, 42.556524867276948 ], [ -77.105742590756904, 42.556574400610202 ], [ -77.1057131240903, 42.55668420061005 ], [ -77.105705724090285, 42.556700600610043 ], [ -77.105690790757023, 42.556706067276707 ], [ -77.105690924090311, 42.556733600609959 ], [ -77.105646324090401, 42.556799400609862 ], [ -77.105646524090389, 42.556865200609764 ], [ -77.105624124090411, 42.556881800609744 ], [ -77.105631590757071, 42.556909200609709 ], [ -77.105624124090411, 42.556936600609674 ], [ -77.105631590757071, 42.556947600609647 ], [ -77.105631590757071, 42.556953067276311 ], [ -77.105594524090463, 42.556980467276276 ], [ -77.105609390757138, 42.557007867276184 ], [ -77.10557979075719, 42.557062867276102 ], [ -77.105557524090557, 42.557117667276032 ], [ -77.105542724090583, 42.557134200609369 ], [ -77.10551299075729, 42.557189067275942 ], [ -77.105490790757301, 42.557205600609223 ], [ -77.105490790757301, 42.557227467275879 ], [ -77.105453724090694, 42.557255000609132 ], [ -77.105453724090694, 42.557282400609097 ], [ -77.105401790757469, 42.55731540060907 ], [ -77.105386990757495, 42.557353800609008 ], [ -77.105364590757517, 42.557370267275644 ], [ -77.105349924090888, 42.557408667275581 ], [ -77.105320190757595, 42.557425067275574 ], [ -77.105320190757595, 42.557452600608826 ], [ -77.10531279075758, 42.557469000608819 ], [ -77.105260924090999, 42.557523867275393 ], [ -77.105216324091089, 42.557567867275338 ], [ -77.105216390757732, 42.557578867275311 ], [ -77.105194124091099, 42.557595267275303 ], [ -77.105179324091125, 42.557633800608585 ], [ -77.105156990757848, 42.557650200608521 ], [ -77.105157124091136, 42.557666667275214 ], [ -77.105119990757885, 42.557705067275151 ], [ -77.105090324091293, 42.55774906727504 ], [ -77.105053190757985, 42.557776467275005 ], [ -77.10505332409133, 42.557793000608342 ], [ -77.105038324091367, 42.557820400608307 ], [ -77.105016190758022, 42.557842400608251 ], [ -77.105001324091404, 42.557875267274881 ], [ -77.10498652409143, 42.557897267274825 ], [ -77.104971724091456, 42.55792466727479 ], [ -77.104964190758153, 42.557930200608098 ], [ -77.104964324091441, 42.557957600608063 ], [ -77.104934590758148, 42.557974067274699 ], [ -77.104919790758174, 42.558149800607794 ], [ -77.104919924091519, 42.558221067274303 ], [ -77.104927324091534, 42.558248467274268 ], [ -77.10491252409156, 42.55825946727424 ], [ -77.104934924091481, 42.558380200607417 ], [ -77.104949724091512, 42.558385667274081 ], [ -77.104934990758181, 42.558506467273901 ], [ -77.104949790758155, 42.558517400607172 ], [ -77.10494239075814, 42.558616200607048 ], [ -77.10492772409151, 42.558643667273657 ], [ -77.104920190758207, 42.558654600606985 ], [ -77.104927590758166, 42.558660067273649 ], [ -77.104905390758233, 42.558753400606861 ], [ -77.104912790758192, 42.558764400606833 ], [ -77.104898124091562, 42.558918000606582 ], [ -77.10492052409154, 42.559055200606338 ], [ -77.104905724091566, 42.559066200606367 ], [ -77.104905724091566, 42.559137467272933 ], [ -77.104913124091524, 42.559148600606193 ], [ -77.104905724091566, 42.559154000606213 ], [ -77.104913190758225, 42.55919240060615 ], [ -77.104928124091543, 42.559203400606123 ], [ -77.104928124091543, 42.559247267272724 ], [ -77.104913190758225, 42.559274667272689 ], [ -77.104928124091543, 42.559285667272661 ], [ -77.104898524091539, 42.559329667272607 ], [ -77.104913324091569, 42.559340600605935 ], [ -77.104883590758277, 42.559417467272453 ], [ -77.104898524091539, 42.559428467272426 ], [ -77.104883724091565, 42.559499800605693 ], [ -77.104868924091591, 42.559510800605665 ], [ -77.104883724091565, 42.559538067272285 ], [ -77.104868924091591, 42.559576600605567 ], [ -77.104854124091617, 42.559582067272231 ], [ -77.104854124091617, 42.559604067272176 ], [ -77.104839324091643, 42.559702867272051 ], [ -77.104816990758366, 42.559719267271987 ], [ -77.10481712409171, 42.559741267271988 ], [ -77.104772590758444, 42.559894867271737 ], [ -77.104750390758454, 42.559911400605017 ], [ -77.104742924091795, 42.559938867271683 ], [ -77.104720790758506, 42.559982800604928 ], [ -77.104720724091862, 42.560010200604893 ], [ -77.104683724091899, 42.560076067271439 ], [ -77.104676324091884, 42.560136467271377 ], [ -77.104654124091951, 42.560158400604678 ], [ -77.104624390758659, 42.560268200604469 ], [ -77.104609590758685, 42.560301200604442 ], [ -77.104602190758669, 42.56031206727107 ], [ -77.104587390758695, 42.560399867270974 ], [ -77.104572590758721, 42.560421867270918 ], [ -77.104557790758747, 42.560427400604226 ], [ -77.104557790758747, 42.560449267270883 ], [ -77.104505924092166, 42.560646867270577 ], [ -77.104505924092166, 42.560674267270542 ], [ -77.104476190758874, 42.560690800603822 ], [ -77.104461524092244, 42.560811600603643 ], [ -77.104446590758926, 42.560839000603607 ], [ -77.104439324092255, 42.56085000060358 ], [ -77.104439324092255, 42.560866467270216 ], [ -77.104409724092307, 42.560976200603363 ], [ -77.104394790758988, 42.560987200603392 ], [ -77.10436519075904, 42.561102400603204 ], [ -77.104357790759082, 42.56111346726982 ], [ -77.104357924092426, 42.561140800603141 ], [ -77.10431339075916, 42.561201267269723 ], [ -77.10431339075916, 42.561223200603024 ], [ -77.104290990759182, 42.56123966726966 ], [ -77.104276190759208, 42.561267200602913 ], [ -77.104239190759245, 42.561311067269514 ], [ -77.104239124092601, 42.561338400602835 ], [ -77.104209524092653, 42.561354867269472 ], [ -77.104172390759345, 42.561503067269257 ], [ -77.104179924092705, 42.561514067269229 ], [ -77.104150390759401, 42.561794000602106 ], [ -77.104165324092719, 42.561805000602078 ], [ -77.104135724092771, 42.561997067268464 ], [ -77.104106124092823, 42.562068400601675 ], [ -77.104091190759505, 42.562079400601647 ], [ -77.104068990759515, 42.562194600601515 ], [ -77.104054124092897, 42.562205600601487 ], [ -77.104024524092949, 42.562342867267944 ], [ -77.103987524092986, 42.562425200601126 ], [ -77.103972724093012, 42.56243066726779 ], [ -77.103972724093012, 42.562469067267727 ], [ -77.10394299075972, 42.562513000600973 ], [ -77.103928190759746, 42.562556867267574 ], [ -77.103928190759746, 42.562567867267603 ], [ -77.103905990759756, 42.562584400600883 ], [ -77.103905990759756, 42.562611800600848 ], [ -77.103883724093123, 42.562633800600793 ], [ -77.103876390759808, 42.562639267267457 ], [ -77.103839190759857, 42.562666667267422 ], [ -77.103831790759898, 42.562705200600703 ], [ -77.103764990759998, 42.562765600600585 ], [ -77.10373539076005, 42.562836867267151 ], [ -77.10373539076005, 42.562902667267053 ], [ -77.103750324093369, 42.562930200600363 ], [ -77.103757790760028, 42.562941067266991 ], [ -77.103750324093369, 42.562946667266999 ], [ -77.103713390760049, 42.563259467266505 ], [ -77.103691190760117, 42.563275867266498 ], [ -77.103683790760101, 42.563341800599687 ], [ -77.103661524093468, 42.563358267266381 ], [ -77.103624524093561, 42.5634790005995 ], [ -77.103609590760243, 42.563506467266109 ], [ -77.103594790760269, 42.563512000599474 ], [ -77.103594924093613, 42.563561267266039 ], [ -77.103550390760347, 42.563687600599167 ], [ -77.103528190760358, 42.563748000599105 ], [ -77.10349112409375, 42.563852200598944 ], [ -77.103476190760432, 42.563857667265552 ], [ -77.103476324093776, 42.563907200598862 ], [ -77.103446724093828, 42.563951000598763 ], [ -77.10341712409388, 42.564033267265302 ], [ -77.103409590760521, 42.56403886726531 ], [ -77.103394724093903, 42.564115667265185 ], [ -77.103365124093955, 42.564132200598465 ], [ -77.103365190760599, 42.56415960059843 ], [ -77.103313324094017, 42.564258400598305 ], [ -77.10329099076074, 42.564302267264907 ], [ -77.103276124094066, 42.564313267264879 ], [ -77.103276190760766, 42.564329800598159 ], [ -77.103238990760815, 42.564368200598096 ], [ -77.103201924094208, 42.564439467264663 ], [ -77.103157390760941, 42.564478000597944 ], [ -77.103157524094286, 42.564483467264608 ], [ -77.103135190760952, 42.564505400597909 ], [ -77.103105590761004, 42.564582200597783 ], [ -77.103127924094338, 42.564642600597665 ], [ -77.103098390761033, 42.564922467263898 ], [ -77.103113324094352, 42.564933467263927 ], [ -77.103098390761033, 42.564939000597235 ], [ -77.103098524094378, 42.564993867263809 ], [ -77.103068724094385, 42.565043267263718 ], [ -77.103016924094504, 42.565197000596811 ], [ -77.102994724094515, 42.565213467263447 ], [ -77.102979924094541, 42.565251800596741 ], [ -77.102950190761248, 42.565323200596652 ], [ -77.10294279076129, 42.565334200596624 ], [ -77.102935390761274, 42.565367067263253 ], [ -77.102883524094693, 42.565586600596248 ], [ -77.102883590761337, 42.565614067262857 ], [ -77.102853990761389, 42.565685400596067 ], [ -77.102853924094745, 42.565789667262607 ], [ -77.102839124094771, 42.565817200595859 ], [ -77.102854124094733, 42.565822667262523 ], [ -77.102853990761389, 42.565861000595817 ], [ -77.102824524094785, 42.565959867262336 ], [ -77.102794724094849, 42.565976267262272 ], [ -77.102794790761493, 42.565998267262273 ], [ -77.10277252409486, 42.566014800595553 ], [ -77.102735390761609, 42.566058667262155 ], [ -77.102720524094934, 42.566097067262092 ], [ -77.102698324095002, 42.566113600595429 ], [ -77.102683390761683, 42.566168400595302 ], [ -77.102668590761709, 42.566195867261968 ], [ -77.102653790761735, 42.56620686726194 ], [ -77.102638990761761, 42.566344067261696 ], [ -77.102601990761798, 42.566388000594998 ], [ -77.102572524095194, 42.566640467261266 ], [ -77.102557590761876, 42.566651467261238 ], [ -77.10255772409522, 42.566667867261231 ], [ -77.102520524095269, 42.566706267261168 ], [ -77.102475990762002, 42.566750200594413 ], [ -77.102475990762002, 42.566761200594385 ], [ -77.102438924095395, 42.566788667261051 ], [ -77.102438924095395, 42.566805200594331 ], [ -77.102386990762113, 42.566849067260932 ], [ -77.102335124095532, 42.566975267260716 ], [ -77.102335124095532, 42.566997267260717 ], [ -77.102349990762207, 42.567002800594025 ], [ -77.102320390762259, 42.567052067260647 ], [ -77.10229072409561, 42.567249667260285 ], [ -77.10227599076228, 42.567260667260314 ], [ -77.102275924095636, 42.567288200593566 ], [ -77.102268524095621, 42.567315600593531 ], [ -77.102275924095636, 42.567321000593552 ], [ -77.102261124095662, 42.56734846726016 ], [ -77.102275924095636, 42.56737600059347 ], [ -77.102268790762309, 42.567705200592911 ], [ -77.102239190762361, 42.567891800592633 ], [ -77.102209590762413, 42.567946667259207 ], [ -77.102157590762488, 42.568023467259138 ], [ -77.102135390762498, 42.568045600592427 ], [ -77.102120590762524, 42.568089400592328 ], [ -77.102098324095891, 42.568106000592309 ], [ -77.10208339076263, 42.568133267258929 ], [ -77.10208339076263, 42.568144267258901 ], [ -77.102053790762625, 42.568160800592239 ], [ -77.102016790762718, 42.568270600592086 ], [ -77.10198712409607, 42.568369400591905 ], [ -77.101935524096177, 42.56883580059116 ], [ -77.101928124096162, 42.568846867257832 ], [ -77.101928124096162, 42.568901667257762 ], [ -77.101913324096188, 42.568929200591015 ], [ -77.101883524096252, 42.568945667257708 ], [ -77.101883590762895, 42.568989467257609 ], [ -77.101861324096262, 42.56900606725759 ], [ -77.101846524096288, 42.569055400590855 ], [ -77.101824324096356, 42.569071867257492 ], [ -77.101809524096382, 42.569110267257429 ], [ -77.101690724096557, 42.569264000590522 ], [ -77.101675924096583, 42.569269467257186 ], [ -77.101675924096583, 42.569291467257131 ], [ -77.101653590763249, 42.569307867257123 ], [ -77.101638924096619, 42.56934086725704 ], [ -77.101623990763301, 42.569351867257069 ], [ -77.101623924096657, 42.569368267257005 ], [ -77.101601790763368, 42.569390267257006 ], [ -77.101601724096668, 42.569417667256971 ], [ -77.10157212409672, 42.569461600590216 ], [ -77.101549924096787, 42.569598800589972 ], [ -77.101557390763446, 42.569609800590001 ], [ -77.101557390763446, 42.56970860058982 ], [ -77.101512990763467, 42.569851267256297 ], [ -77.101409124096961, 42.570136667255838 ], [ -77.101364724097039, 42.570224467255684 ], [ -77.101342390763762, 42.570290400588931 ], [ -77.101327590763788, 42.570295867255595 ], [ -77.101327590763788, 42.570350800588812 ], [ -77.101342524097106, 42.570361800588842 ], [ -77.101312790763814, 42.57044406725538 ], [ -77.10129799076384, 42.570455067255352 ], [ -77.101312924097158, 42.570482467255317 ], [ -77.101312924097158, 42.570498867255253 ], [ -77.101283324097153, 42.570619667255073 ], [ -77.101268524097179, 42.570625200588381 ], [ -77.101268524097179, 42.570647200588382 ], [ -77.101246190763902, 42.57070746725492 ], [ -77.101231390763928, 42.570718467254949 ], [ -77.101231390763928, 42.570734867254885 ], [ -77.10120172409728, 42.570751400588222 ], [ -77.10120179076398, 42.57077886725483 ], [ -77.101179524097347, 42.570800800588131 ], [ -77.101179390764003, 42.570806267254795 ], [ -77.101164590764029, 42.570817267254768 ], [ -77.101179390764003, 42.57082826725474 ], [ -77.101134990764081, 42.570916067254643 ], [ -77.101134990764081, 42.570943467254551 ], [ -77.101112724097447, 42.570960000587888 ], [ -77.101083124097499, 42.571064267254371 ], [ -77.101075724097484, 42.571069800587736 ], [ -77.101038724097577, 42.571300267254003 ], [ -77.101031324097562, 42.571311200587331 ], [ -77.101009124097629, 42.571481400587061 ], [ -77.101001724097614, 42.571497800587053 ], [ -77.10098692409764, 42.571508800587026 ], [ -77.10098692409764, 42.571552800586971 ], [ -77.100957324097692, 42.571629600586846 ], [ -77.100957190764348, 42.571657000586811 ], [ -77.1009275907644, 42.571728400586721 ], [ -77.100927724097744, 42.571744867253358 ], [ -77.10090539076441, 42.571788800586603 ], [ -77.100890590764436, 42.57182720058654 ], [ -77.100875724097818, 42.571838200586512 ], [ -77.100875724097818, 42.571854600586505 ], [ -77.100853524097829, 42.571920467253051 ], [ -77.100838724097855, 42.571947867253016 ], [ -77.100808924097919, 42.572008267252954 ], [ -77.100786724097929, 42.572024800586235 ], [ -77.100749590764678, 42.572074200586144 ], [ -77.100556724098283, 42.572233400585901 ], [ -77.100519590765032, 42.572277267252502 ], [ -77.100519590765032, 42.572299267252447 ], [ -77.100519724098376, 42.572304667252467 ], [ -77.100482590765068, 42.572332200585777 ], [ -77.100452924098477, 42.572425467252287 ], [ -77.100437990765158, 42.572431000585595 ], [ -77.100452924098477, 42.57245840058556 ], [ -77.100438124098503, 42.572469400585533 ], [ -77.10046052409848, 42.572661467251919 ], [ -77.100445590765162, 42.572672467251891 ], [ -77.100467990765083, 42.572787667251703 ], [ -77.100453124098465, 42.572826200584984 ], [ -77.100438390765134, 42.572837200584956 ], [ -77.100438390765134, 42.572870000584942 ], [ -77.100416124098501, 42.572892000584886 ], [ -77.100416124098501, 42.572924867251515 ], [ -77.100371590765235, 42.573007200584698 ], [ -77.100334524098628, 42.573034800584651 ], [ -77.100327124098669, 42.573073200584588 ], [ -77.10023812409878, 42.573150000584462 ], [ -77.100223190765462, 42.573172000584464 ], [ -77.100141590765588, 42.573254267251002 ], [ -77.100045124099097, 42.573358600584186 ], [ -77.099993124099171, 42.573413467250759 ], [ -77.099993190765872, 42.57343000058404 ], [ -77.099963524099223, 42.573451867250697 ], [ -77.099978390765841, 42.573457400584005 ], [ -77.099956124099265, 42.573479267250661 ], [ -77.09992652409926, 42.57360560058379 ], [ -77.099941390765935, 42.573814200583456 ], [ -77.099934124099263, 42.573825067250084 ], [ -77.099941524099279, 42.573852467250049 ], [ -77.099926590765961, 42.573863467250021 ], [ -77.099948990765938, 42.574000667249834 ], [ -77.099941590765923, 42.574006200583142 ], [ -77.099941590765923, 42.574028200583143 ], [ -77.099948990765938, 42.574033667249807 ], [ -77.099934124099263, 42.57404466724978 ], [ -77.099934190765964, 42.574099467249653 ], [ -77.099949124099226, 42.574127000582962 ], [ -77.099949124099226, 42.574137867249647 ], [ -77.099911924099331, 42.574159867249591 ], [ -77.099911924099331, 42.574170867249563 ], [ -77.099919390765933, 42.574181867249536 ], [ -77.099911990765975, 42.574187267249556 ], [ -77.099904590765959, 42.574214800582808 ], [ -77.099882324099326, 42.574264200582775 ], [ -77.099882390766027, 42.57429160058274 ], [ -77.099852724099378, 42.574352000582621 ], [ -77.099845324099419, 42.574363000582593 ], [ -77.099837924099404, 42.574401400582531 ], [ -77.099815590766127, 42.574417800582523 ], [ -77.099815590766127, 42.57443426724916 ], [ -77.099785924099479, 42.574478267249106 ], [ -77.099785924099479, 42.574500200582406 ], [ -77.099763724099546, 42.574516667249043 ], [ -77.09976379076619, 42.574533200582323 ], [ -77.099726590766238, 42.574599000582225 ], [ -77.099726590766238, 42.57460986724891 ], [ -77.09969699076629, 42.57462640058219 ], [ -77.09969699076629, 42.574653867248799 ], [ -77.099674724099657, 42.574670267248791 ], [ -77.099622790766432, 42.574736200582038 ], [ -77.099259190766986, 42.575230267247946 ], [ -77.099274124100305, 42.575257667247911 ], [ -77.099274190766948, 42.575312600581128 ], [ -77.099259390766974, 42.575362000581038 ], [ -77.099266724100289, 42.575367467247702 ], [ -77.09926679076699, 42.575471667247541 ], [ -77.099251990767016, 42.575493667247542 ], [ -77.09926679076699, 42.575504667247515 ], [ -77.09929672410027, 42.5756966672472 ], [ -77.09929672410027, 42.57572420058051 ], [ -77.099311590766888, 42.575751600580475 ], [ -77.09929672410027, 42.575762600580447 ], [ -77.099304190766929, 42.575790067247056 ], [ -77.09929672410027, 42.57581746724702 ], [ -77.099304124100229, 42.575828400580349 ], [ -77.099304324100274, 42.575927200580168 ], [ -77.099289390766955, 42.575954667246776 ], [ -77.099274524100281, 42.575965667246805 ], [ -77.099289390766955, 42.575971200580113 ], [ -77.099274590766981, 42.576026000580043 ], [ -77.099259724100307, 42.576037000580016 ], [ -77.099259790767007, 42.576064467246624 ], [ -77.099237524100374, 42.576174200579771 ], [ -77.0992227241004, 42.576201667246437 ], [ -77.099207924100426, 42.576207200579745 ], [ -77.099207924100426, 42.576273000579647 ], [ -77.099193124100395, 42.576300467246256 ], [ -77.099170790767118, 42.576316867246248 ], [ -77.099170924100463, 42.576355267246186 ], [ -77.099089324100589, 42.57655286724588 ], [ -77.099074390767271, 42.576563867245852 ], [ -77.099074524100615, 42.576607800579097 ], [ -77.099052190767281, 42.576624267245734 ], [ -77.099044790767323, 42.576651800579043 ], [ -77.099037524100652, 42.576679200579008 ], [ -77.099044924100667, 42.576690067245636 ], [ -77.099037390767307, 42.576717600578945 ], [ -77.098992924100742, 42.576810867245456 ], [ -77.098918790767527, 42.576992000578514 ], [ -77.098903990767553, 42.576997467245178 ], [ -77.098874324100905, 42.577118200578354 ], [ -77.098740790767806, 42.577480467244413 ], [ -77.09872612410112, 42.577491467244442 ], [ -77.098711190767858, 42.577562800577653 ], [ -77.098703790767843, 42.577573867244269 ], [ -77.098703790767843, 42.577590200577617 ], [ -77.098688990767869, 42.577634200577506 ], [ -77.098659390767921, 42.577656200577508 ], [ -77.098644524101246, 42.577711000577381 ], [ -77.098637124101288, 42.57774386724401 ], [ -77.098622190767969, 42.577754867243982 ], [ -77.098622324101314, 42.577782400577291 ], [ -77.098592590768021, 42.577837267243865 ], [ -77.098570324101388, 42.577853800577202 ], [ -77.098570324101388, 42.577881200577167 ], [ -77.098533190768137, 42.577919600577104 ], [ -77.098481324101499, 42.577996467243622 ], [ -77.098451590768263, 42.578018400576923 ], [ -77.098451590768263, 42.578023867243587 ], [ -77.098399724101625, 42.578062400576869 ], [ -77.098399590768338, 42.578078800576861 ], [ -77.098362524101731, 42.57810626724347 ], [ -77.098362590768375, 42.57812280057675 ], [ -77.098258590768523, 42.578216067243318 ], [ -77.098258724101868, 42.578232600576598 ], [ -77.098184390768665, 42.578303867243164 ], [ -77.098169590768691, 42.578342267243102 ], [ -77.09811772410211, 42.578375267243018 ], [ -77.098110324102095, 42.578413667243012 ], [ -77.09805839076887, 42.57846860057623 ], [ -77.098043590768896, 42.578507000576167 ], [ -77.098028590768877, 42.578523467242803 ], [ -77.098021324102262, 42.578528867242824 ], [ -77.09803619076888, 42.578759467242435 ], [ -77.098021390768906, 42.578770467242407 ], [ -77.098036324102225, 42.578814267242365 ], [ -77.098006724102277, 42.578885600575575 ], [ -77.098021390768906, 42.578896600575547 ], [ -77.098006724102277, 42.578907600575576 ], [ -77.098006724102277, 42.578951600575465 ], [ -77.097984324102299, 42.578968000575458 ], [ -77.097991790768958, 42.579006400575395 ], [ -77.097969524102325, 42.579061267241968 ], [ -77.097954790768995, 42.579072267241941 ], [ -77.097954790768995, 42.579099667241906 ], [ -77.097910190769085, 42.579160067241844 ], [ -77.097902924102414, 42.579198467241781 ], [ -77.097850924102488, 42.579258867241663 ], [ -77.097850924102488, 42.579280867241664 ], [ -77.097821190769196, 42.5792972672416 ], [ -77.097806324102578, 42.579324800574909 ], [ -77.097769324102615, 42.579368667241511 ], [ -77.097732124102663, 42.579412600574756 ], [ -77.097695124102756, 42.579456467241357 ], [ -77.097672924102767, 42.579483867241322 ], [ -77.097672924102767, 42.579494867241294 ], [ -77.097620924102841, 42.579533267241231 ], [ -77.097539324102968, 42.579632200574451 ], [ -77.097531790769665, 42.579637667241059 ], [ -77.097531790769665, 42.57965960057436 ], [ -77.097502124103073, 42.579676067241053 ], [ -77.097479924103084, 42.57973100057427 ], [ -77.097472524103068, 42.579758400574235 ], [ -77.097450190769791, 42.579802267240836 ], [ -77.09746512410311, 42.579813267240809 ], [ -77.097450190769791, 42.579846200574082 ], [ -77.097457590769807, 42.579857200574054 ], [ -77.097457724103094, 42.579939600573937 ], [ -77.097472724103113, 42.579967000573902 ], [ -77.097428124103146, 42.580076667240405 ], [ -77.097420724103188, 42.580087800573722 ], [ -77.097428190769847, 42.580170000573617 ], [ -77.097413390769873, 42.580230467240142 ], [ -77.097413390769873, 42.580252267240155 ], [ -77.097428190769847, 42.580257800573463 ], [ -77.09741352410316, 42.580268800573435 ], [ -77.097406124103202, 42.580488267239787 ], [ -77.097391324103228, 42.580532267239676 ], [ -77.097406124103202, 42.580543267239705 ], [ -77.097376390769909, 42.580614600572915 ], [ -77.097376524103254, 42.580696867239453 ], [ -77.097398924103231, 42.580746267239363 ], [ -77.097413790769849, 42.580790200572608 ], [ -77.097413790769849, 42.580801200572637 ], [ -77.097435990769839, 42.580817600572573 ], [ -77.097458390769759, 42.580889000572483 ], [ -77.097480724103093, 42.580910867239083 ], [ -77.097465924103119, 42.581075467238861 ], [ -77.097451124103145, 42.581092000572141 ], [ -77.097436324103171, 42.581119467238807 ], [ -77.097428790769811, 42.581130400572079 ], [ -77.097421390769853, 42.58117426723868 ], [ -77.097399190769863, 42.581190800572017 ], [ -77.097384324103245, 42.5812732005719 ], [ -77.097384324103245, 42.581284200571872 ], [ -77.097361990769912, 42.581300600571865 ], [ -77.097362124103256, 42.581328067238474 ], [ -77.097332390769964, 42.581393867238376 ], [ -77.097302724103372, 42.581454200571613 ], [ -77.097243524103476, 42.58159146723807 ], [ -77.097198924103509, 42.58166280057128 ], [ -77.09719152410355, 42.581684800571225 ], [ -77.097176590770232, 42.581690267237889 ], [ -77.09713219077031, 42.581981200570794 ], [ -77.097117390770336, 42.581992200570767 ], [ -77.097117524103624, 42.58210186723727 ], [ -77.09710272410365, 42.582167800570517 ], [ -77.097072990770357, 42.582184267237153 ], [ -77.09703592410375, 42.582272000570356 ], [ -77.096998790770499, 42.582348867236874 ], [ -77.096983924103824, 42.582354400570182 ], [ -77.096954390770577, 42.582480600570022 ], [ -77.09696912410385, 42.582491600569995 ], [ -77.096954390770577, 42.582502600569967 ], [ -77.096954390770577, 42.582546467236568 ], [ -77.096976790770555, 42.582705600569682 ], [ -77.096969324103895, 42.582777000569536 ], [ -77.09696192410388, 42.582804400569501 ], [ -77.096969324103895, 42.582809867236165 ], [ -77.096969390770539, 42.582848267236102 ], [ -77.096924990770617, 42.583023867235852 ], [ -77.096902724103984, 42.583040400569132 ], [ -77.096902724103984, 42.583078800569069 ], [ -77.096872990770692, 42.583095267235706 ], [ -77.096865590770676, 42.58315020056898 ], [ -77.096835924104084, 42.583166667235616 ], [ -77.09682112410411, 42.583205067235554 ], [ -77.096798924104121, 42.583221467235546 ], [ -77.096783990770803, 42.583260000568771 ], [ -77.096769124104185, 42.583265467235435 ], [ -77.096769190770829, 42.583287400568736 ], [ -77.096746924104195, 42.583303867235372 ], [ -77.096732124104221, 42.583336800568702 ], [ -77.096709790770944, 42.583358800568647 ], [ -77.096709790770944, 42.583386200568611 ], [ -77.096680190770996, 42.583402667235248 ], [ -77.096657924104363, 42.583457467235178 ], [ -77.096628190771071, 42.583474000568458 ], [ -77.096613324104453, 42.583512467235096 ], [ -77.096590990771119, 42.583528867235032 ], [ -77.096576190771145, 42.583567400568313 ], [ -77.096553990771213, 42.583583800568306 ], [ -77.096539124104538, 42.583622267234887 ], [ -77.096524324104564, 42.583627800568252 ], [ -77.096524324104564, 42.583638667234879 ], [ -77.096502124104575, 42.58365520056816 ], [ -77.096501990771287, 42.583682667234825 ], [ -77.09646492410468, 42.58371006723479 ], [ -77.096464990771324, 42.583737467234698 ], [ -77.096435324104675, 42.583754000568035 ], [ -77.096412990771398, 42.583808867234609 ], [ -77.09639812410478, 42.583819867234581 ], [ -77.096398190771424, 42.583836267234574 ], [ -77.096368390771488, 42.583852800567854 ], [ -77.096361124104817, 42.583891200567791 ], [ -77.096346190771499, 42.583907667234485 ], [ -77.096309124104891, 42.58397346723433 ], [ -77.096294190771573, 42.583984467234359 ], [ -77.096279390771599, 42.584055867234213 ], [ -77.096249790771651, 42.584116267234151 ], [ -77.096242324104992, 42.584127200567423 ], [ -77.096242390771692, 42.584143667234116 ], [ -77.09619792410507, 42.584237000567271 ], [ -77.096190524105054, 42.584248000567243 ], [ -77.096190524105054, 42.584275400567208 ], [ -77.096160724105118, 42.584291867233844 ], [ -77.096160790771819, 42.584319400567153 ], [ -77.096108924105181, 42.584352267233783 ], [ -77.096108924105181, 42.584374200567083 ], [ -77.09589352410552, 42.584544400566813 ], [ -77.095878790772247, 42.584588400566759 ], [ -77.095893724105565, 42.584599400566731 ], [ -77.095893590772221, 42.584615667233379 ], [ -77.095901124105524, 42.584681600566569 ], [ -77.09593092410546, 42.584698067233205 ], [ -77.095938324105475, 42.584764000566452 ], [ -77.095960590772108, 42.584780400566444 ], [ -77.095982990772086, 42.584928600566229 ], [ -77.095968124105411, 42.584939600566202 ], [ -77.095953324105437, 42.58502186723274 ], [ -77.095953190772093, 42.585027400566048 ], [ -77.09593099077216, 42.585043800566041 ], [ -77.09593099077216, 42.585054800566013 ], [ -77.095945924105479, 42.585065800565985 ], [ -77.095916190772186, 42.585120600565915 ], [ -77.095893924105553, 42.585137067232552 ], [ -77.095879124105579, 42.585175467232489 ], [ -77.095849390772287, 42.585192000565769 ], [ -77.095841990772271, 42.585219467232434 ], [ -77.095841990772271, 42.585230400565763 ], [ -77.09581232410568, 42.585246867232399 ], [ -77.095797390772361, 42.585290800565645 ], [ -77.095775190772372, 42.585307267232281 ], [ -77.095775190772372, 42.585329200565582 ], [ -77.095760390772398, 42.585389600565463 ], [ -77.095738124105765, 42.585411600565465 ], [ -77.095715924105832, 42.585499400565311 ], [ -77.095708524105817, 42.585510400565283 ], [ -77.095708524105817, 42.585543267231913 ], [ -77.095678790772524, 42.585565200565213 ], [ -77.095649190772576, 42.585729867231635 ], [ -77.095641790772618, 42.585735400564943 ], [ -77.095619590772628, 42.585856067231418 ], [ -77.095619590772628, 42.585872600564755 ], [ -77.095597324105995, 42.585889067231392 ], [ -77.095597324105995, 42.585911000564693 ], [ -77.095567724106047, 42.586020800564484 ], [ -77.095552924106073, 42.586026267231148 ], [ -77.095552790772729, 42.586053667231113 ], [ -77.095530590772796, 42.586075667231114 ], [ -77.095545524106058, 42.586103067231022 ], [ -77.095515724106122, 42.586158000564296 ], [ -77.095500924106148, 42.586163467230961 ], [ -77.095500924106148, 42.586218400564178 ], [ -77.095478724106215, 42.586234800564171 ], [ -77.095486124106174, 42.586245867230843 ], [ -77.095478724106215, 42.586262267230779 ], [ -77.095463924106184, 42.586273267230808 ], [ -77.095463924106184, 42.586311600564045 ], [ -77.095434190772949, 42.586328067230681 ], [ -77.095434190772949, 42.586344600564018 ], [ -77.095411924106315, 42.586394000563928 ], [ -77.095411990772959, 42.586410467230564 ], [ -77.095382190773023, 42.586465400563839 ], [ -77.09534519077306, 42.586498267230411 ], [ -77.095330324106442, 42.586520267230412 ], [ -77.095330324106442, 42.586525667230376 ], [ -77.095189324106627, 42.586635467230224 ], [ -77.095189324106627, 42.586646467230196 ], [ -77.095144724106717, 42.586679467230169 ], [ -77.09504079077351, 42.586772800563324 ], [ -77.095040924106854, 42.586778267229988 ], [ -77.095011124106918, 42.586794800563325 ], [ -77.095003724106903, 42.586833200563262 ], [ -77.094988924106929, 42.586844200563235 ], [ -77.094988924106929, 42.586860667229871 ], [ -77.094974124106955, 42.586959400563046 ], [ -77.09498152410697, 42.586970400563018 ], [ -77.094974124106955, 42.586997800562983 ], [ -77.094996390773588, 42.587080200562866 ], [ -77.094996390773588, 42.587124000562824 ], [ -77.095003924106948, 42.587173400562733 ], [ -77.094989124106974, 42.587178867229397 ], [ -77.094989124106974, 42.587200867229342 ], [ -77.095003924106948, 42.58720640056265 ], [ -77.094989124106974, 42.587217267229335 ], [ -77.094989124106974, 42.587233800562615 ], [ -77.094959390773681, 42.587343600562463 ], [ -77.094951990773666, 42.587371000562428 ], [ -77.094937190773692, 42.5873820005624 ], [ -77.094937190773692, 42.587425867229001 ], [ -77.0949075241071, 42.587442267228994 ], [ -77.094885324107111, 42.587519200562156 ], [ -77.094870390773792, 42.587546667228821 ], [ -77.094855590773818, 42.587552200562129 ], [ -77.094855724107163, 42.58757946722875 ], [ -77.094833390773829, 42.587601600562039 ], [ -77.094818524107211, 42.587645400561996 ], [ -77.094788924107263, 42.587661867228633 ], [ -77.094788790773919, 42.587689400561942 ], [ -77.094751724107311, 42.58771680056185 ], [ -77.094736924107337, 42.587755267228488 ], [ -77.094729524107322, 42.587771667228481 ], [ -77.094714724107348, 42.587782667228453 ], [ -77.094714590774061, 42.587799200561733 ], [ -77.094692390774071, 42.587815600561726 ], [ -77.094677590774097, 42.587843067228334 ], [ -77.094640390774146, 42.587887000561636 ], [ -77.094640390774146, 42.587908867228236 ], [ -77.09459592410758, 42.58794186722821 ], [ -77.094558790774272, 42.587985800561455 ], [ -77.094558790774272, 42.5880078005614 ], [ -77.094536524107639, 42.588024200561392 ], [ -77.094506790774346, 42.588079067227966 ], [ -77.094484590774414, 42.588095600561303 ], [ -77.09446979077444, 42.58813400056124 ], [ -77.094454924107765, 42.588144867227868 ], [ -77.094454790774421, 42.588150400561176 ], [ -77.094447524107807, 42.588161467227849 ], [ -77.094454990774466, 42.588172400561177 ], [ -77.094454924107765, 42.588188867227814 ], [ -77.094417790774514, 42.588216267227779 ], [ -77.094417790774514, 42.588315067227597 ], [ -77.09440299077454, 42.588359000560899 ], [ -77.094410390774499, 42.588370000560872 ], [ -77.094403124107885, 42.588381000560844 ], [ -77.094410524107843, 42.588479800560719 ], [ -77.094395724107869, 42.588490667227347 ], [ -77.094410590774487, 42.588523667227264 ], [ -77.094395724107869, 42.588534600560592 ], [ -77.094410590774487, 42.588578467227194 ], [ -77.094403190774528, 42.588660867227077 ], [ -77.094395790774513, 42.588688267227042 ], [ -77.094403324107873, 42.588699267227014 ], [ -77.094403324107873, 42.58876520056026 ], [ -77.09437359077458, 42.588907800560037 ], [ -77.094358790774606, 42.588918800560009 ], [ -77.094358790774606, 42.58896266722661 ], [ -77.094336590774617, 42.589017600559885 ], [ -77.094306924108025, 42.58903400055982 ], [ -77.094292124108051, 42.58908346722643 ], [ -77.094269724108074, 42.589099867226423 ], [ -77.0942549241081, 42.589138400559648 ], [ -77.09423272410811, 42.589154800559641 ], [ -77.094217790774792, 42.589187800559614 ], [ -77.094195524108159, 42.589209667226214 ], [ -77.094180790774885, 42.589242600559487 ], [ -77.094150990774892, 42.589264600559488 ], [ -77.094143590774934, 42.589297467226118 ], [ -77.094099124108311, 42.58932500055937 ], [ -77.094098990774967, 42.589341467226006 ], [ -77.09406192410836, 42.589379867225944 ], [ -77.094024924108453, 42.589423800559246 ], [ -77.093957990775209, 42.589495200559099 ], [ -77.09395059077525, 42.589517067225756 ], [ -77.093950724108538, 42.589522600559064 ], [ -77.093920924108602, 42.589544600559066 ], [ -77.093906124108628, 42.589577467225638 ], [ -77.093883790775351, 42.589599467225639 ], [ -77.093868990775377, 42.589632400558912 ], [ -77.093846724108744, 42.589648867225549 ], [ -77.09383192410877, 42.589676267225514 ], [ -77.09383192410877, 42.589687267225486 ], [ -77.093809590775436, 42.589703667225479 ], [ -77.093794790775462, 42.589758600558696 ], [ -77.093779924108844, 42.589769600558668 ], [ -77.093750324108896, 42.589923267225117 ], [ -77.093765190775514, 42.58993426722509 ], [ -77.09375039077554, 42.589939800558454 ], [ -77.093772724108817, 42.590088000558183 ], [ -77.093757924108843, 42.590098867224867 ], [ -77.093772724108817, 42.590126267224832 ], [ -77.093772790775517, 42.590164800558057 ], [ -77.093743190775569, 42.590334867224499 ], [ -77.093728324108895, 42.590345867224471 ], [ -77.093728390775595, 42.590362267224464 ], [ -77.093639190775718, 42.59044466722429 ], [ -77.093475924109271, 42.590576400557438 ], [ -77.093423924109402, 42.590631267224012 ], [ -77.093394324109397, 42.59068626722393 ], [ -77.093394324109397, 42.590730067223888 ], [ -77.09341659077603, 42.590894800556953 ], [ -77.093438924109364, 42.590971467223483 ], [ -77.093446390776023, 42.590982600556799 ], [ -77.093461324109342, 42.591070400556646 ], [ -77.0934687241093, 42.591081267223331 ], [ -77.093461324109342, 42.591108667223295 ], [ -77.09345399077597, 42.591136200556548 ], [ -77.093431590776049, 42.591152667223184 ], [ -77.093402124109389, 42.591344800556271 ], [ -77.093387190776127, 42.591355667222899 ], [ -77.093364990776138, 42.591471000556055 ], [ -77.093350124109463, 42.591481867222683 ], [ -77.093275990776249, 42.591827800555507 ], [ -77.093246390776301, 42.591981400555255 ], [ -77.093238990776342, 42.591992400555228 ], [ -77.093231590776327, 42.592030800555165 ], [ -77.09319452410972, 42.592102200555075 ], [ -77.09319452410972, 42.592118600555068 ], [ -77.093172190776443, 42.592135067221705 ], [ -77.093157390776469, 42.592184467221614 ], [ -77.093127790776521, 42.592200867221607 ], [ -77.093120324109861, 42.592228400554859 ], [ -77.093112924109846, 42.592266867221497 ], [ -77.093090724109913, 42.592283267221433 ], [ -77.093075724109895, 42.592343600554671 ], [ -77.093053590776606, 42.592365667221316 ], [ -77.093023924110014, 42.592475400554463 ], [ -77.093008990776696, 42.592480867221127 ], [ -77.093008990776696, 42.592502800554428 ], [ -77.092971924110088, 42.592530267221093 ], [ -77.092971924110088, 42.592557667221058 ], [ -77.092949590776755, 42.592574200554338 ], [ -77.092897724110173, 42.592629067220912 ], [ -77.092868124110225, 42.59268940055415 ], [ -77.092845724110248, 42.592706000554131 ], [ -77.092853124110263, 42.59273886722076 ], [ -77.092845790776948, 42.592744267220723 ], [ -77.092838324110289, 42.59281020055397 ], [ -77.092853324110251, 42.592837667220579 ], [ -77.092838390776933, 42.592843200553943 ], [ -77.092875590776885, 42.592991267220384 ], [ -77.092868190776926, 42.593068067220258 ], [ -77.092860790776911, 42.593090000553559 ], [ -77.092868190776926, 42.593101067220175 ], [ -77.092868324110214, 42.593210800553322 ], [ -77.092838724110266, 42.593227267220016 ], [ -77.092823790776947, 42.593402867219709 ], [ -77.092808990776973, 42.593419400553046 ], [ -77.092801590777015, 42.593430400553018 ], [ -77.092771990777067, 42.593540067219521 ], [ -77.092757124110392, 42.593567600552774 ], [ -77.092742324110418, 42.593573067219438 ], [ -77.092734790777115, 42.593649867219312 ], [ -77.092690324110492, 42.593693800552614 ], [ -77.092690324110492, 42.593721267219223 ], [ -77.092653190777241, 42.593792600552433 ], [ -77.092638390777267, 42.59383100055237 ], [ -77.09260132411066, 42.593902400552281 ], [ -77.092564190777352, 42.593968267218827 ], [ -77.092534524110761, 42.594023067218757 ], [ -77.092512324110771, 42.594039600552037 ], [ -77.092512190777484, 42.59405606721873 ], [ -77.092467724110861, 42.594121867218576 ], [ -77.092467724110861, 42.594138400551913 ], [ -77.092460324110846, 42.594165800551878 ], [ -77.09243059077761, 42.594182267218514 ], [ -77.092415790777636, 42.594248067218416 ], [ -77.092415790777636, 42.594259067218388 ], [ -77.092393524111003, 42.594275667218369 ], [ -77.092393524111003, 42.594292067218362 ], [ -77.092348990777737, 42.594358000551551 ], [ -77.092341590777721, 42.594412867218125 ], [ -77.092311924111129, 42.594473200551363 ], [ -77.092296990777811, 42.594484200551392 ], [ -77.092297124111099, 42.594528067217993 ], [ -77.092259924111204, 42.594599400551203 ], [ -77.092259990777848, 42.594621400551148 ], [ -77.092230324111256, 42.594681800551086 ], [ -77.092215524111225, 42.594692800551059 ], [ -77.092215524111225, 42.594703667217686 ], [ -77.092230324111256, 42.594709200551051 ], [ -77.092215524111225, 42.594720200551023 ], [ -77.092170990778015, 42.595038467217194 ], [ -77.092178590777962, 42.595269000550161 ], [ -77.092148990778014, 42.595384267216616 ], [ -77.092134124111396, 42.595395200549945 ], [ -77.09213419077804, 42.595411667216581 ], [ -77.091918790778379, 42.595565400549674 ], [ -77.091837190778506, 42.595620267216304 ], [ -77.091807524111857, 42.595647800549557 ], [ -77.091733190778655, 42.595730067216095 ], [ -77.091651590778781, 42.595845400549251 ], [ -77.091614524112174, 42.595999067215701 ], [ -77.091621990778833, 42.596037467215638 ], [ -77.091636924112152, 42.59604846721561 ], [ -77.091659124112141, 42.596163667215421 ], [ -77.091681390778774, 42.596185600548722 ], [ -77.091696324112036, 42.596229600548668 ], [ -77.091718590778669, 42.596251467215325 ], [ -77.091718724112013, 42.596278867215233 ], [ -77.091740924112003, 42.59629540054857 ], [ -77.091755924111965, 42.596333800548507 ], [ -77.091785590778613, 42.596377667215108 ], [ -77.091785590778613, 42.596405200548418 ], [ -77.091815390778549, 42.596421467215009 ], [ -77.091822724111864, 42.596470867214975 ], [ -77.091859924111816, 42.596498400548228 ], [ -77.091882190778449, 42.596569667214794 ], [ -77.091897190778411, 42.596608200548076 ], [ -77.091904590778427, 42.596619067214704 ], [ -77.091904590778427, 42.596674000547978 ], [ -77.091926924111704, 42.596717800547879 ], [ -77.091926924111704, 42.596772800547797 ], [ -77.091941790778321, 42.596783800547826 ], [ -77.091926924111704, 42.59678926721449 ], [ -77.09195672411164, 42.596926400547602 ], [ -77.09195679077834, 42.596953867214211 ], [ -77.091971590778314, 42.597019667214113 ], [ -77.09195679077834, 42.597030667214085 ], [ -77.091971590778314, 42.597058200547394 ], [ -77.09195679077834, 42.597085467214015 ], [ -77.091964324111643, 42.597091067213967 ], [ -77.091979190778261, 42.597167867213898 ], [ -77.091986590778276, 42.597178800547169 ], [ -77.091986590778276, 42.597211800547143 ], [ -77.091994124111579, 42.597442267213466 ], [ -77.091979324111605, 42.597447800546774 ], [ -77.092016524111557, 42.597590400546551 ], [ -77.092009190778242, 42.597689200546426 ], [ -77.092023990778216, 42.597716600546335 ], [ -77.092009124111598, 42.597727600546364 ], [ -77.092023990778216, 42.597771600546253 ], [ -77.09202412411156, 42.597842867212819 ], [ -77.092009324111586, 42.597892200546084 ], [ -77.092016590778201, 42.597897800546093 ], [ -77.091994524111612, 42.597963667212639 ], [ -77.091979524111593, 42.597969200545947 ], [ -77.091979590778294, 42.598046000545821 ], [ -77.091868324111772, 42.598342267212047 ], [ -77.091816390778547, 42.598408200545293 ], [ -77.091756990778606, 42.598490600545176 ], [ -77.091704990778737, 42.598551000545058 ], [ -77.091549124112305, 42.598699067211498 ], [ -77.091549124112305, 42.598715600544779 ], [ -77.0915863907789, 42.598852800544591 ], [ -77.091608590778833, 42.598869200544584 ], [ -77.091608590778833, 42.598891200544529 ], [ -77.09163099077881, 42.59893506721113 ], [ -77.091690524112039, 42.599000867211032 ], [ -77.091712724112028, 42.599028400544341 ], [ -77.091742390778677, 42.599055800544249 ], [ -77.09174992411198, 42.599072267210943 ], [ -77.091772124111912, 42.599099667210851 ], [ -77.091786990778587, 42.599121600544152 ], [ -77.091809390778565, 42.599149067210817 ], [ -77.091839124111857, 42.599176467210782 ], [ -77.091846590778516, 42.599193000544062 ], [ -77.091868790778449, 42.599220400544027 ], [ -77.091883724111767, 42.599242400543972 ], [ -77.091905924111757, 42.599269800543937 ], [ -77.091928324111677, 42.599297200543901 ], [ -77.091943124111651, 42.599313667210538 ], [ -77.091965524111629, 42.599341067210503 ], [ -77.091987724111618, 42.599368467210468 ], [ -77.09201739077821, 42.599417867210377 ], [ -77.092032524111517, 42.599719667209911 ], [ -77.092039924111532, 42.599725200543219 ], [ -77.092025124111558, 42.599884400542976 ], [ -77.092025190778202, 42.599900800542969 ], [ -77.092039990778176, 42.599928267209577 ], [ -77.092025324111546, 42.59993926720955 ], [ -77.092025324111546, 42.599972200542879 ], [ -77.092010324111584, 42.600021600542789 ], [ -77.092025324111546, 42.600027067209453 ], [ -77.092010390778228, 42.600081867209326 ], [ -77.09199552411161, 42.600092867209355 ], [ -77.091995590778254, 42.60013140054258 ], [ -77.091958524111647, 42.600202667209146 ], [ -77.091943590778328, 42.60025760054242 ], [ -77.091928790778354, 42.600290467209049 ], [ -77.09191399077838, 42.600301467209022 ], [ -77.09191399077838, 42.600345400542267 ], [ -77.091891724111747, 42.600367267208924 ], [ -77.091876924111773, 42.60040026720884 ], [ -77.091847324111825, 42.600466200542087 ], [ -77.091839790778522, 42.600477067208715 ], [ -77.091839790778522, 42.600493600542052 ], [ -77.091810124111873, 42.600554000541933 ], [ -77.091772990778622, 42.600630800541808 ], [ -77.091728524112, 42.600702067208374 ], [ -77.091720990778697, 42.600718667208355 ], [ -77.091691390778749, 42.600773467208285 ], [ -77.091668990778771, 42.600790000541565 ], [ -77.091669124112116, 42.600828400541502 ], [ -77.091654324112142, 42.600855867208168 ], [ -77.091654190778797, 42.600872267208103 ], [ -77.091624590778849, 42.600894267208105 ], [ -77.091624590778849, 42.600910667208041 ], [ -77.091594990778901, 42.601031467207861 ], [ -77.091572724112268, 42.601048000541198 ], [ -77.09160992411222, 42.601201600540946 ], [ -77.091639590778811, 42.601283867207485 ], [ -77.091661990778789, 42.601333267207394 ], [ -77.091676790778763, 42.601338800540759 ], [ -77.091676924112107, 42.601366200540667 ], [ -77.091699190778741, 42.601388200540669 ], [ -77.091713990778715, 42.601448467207206 ], [ -77.091736324111992, 42.601470467207207 ], [ -77.091758590778625, 42.601580200540354 ], [ -77.091766124111928, 42.601596667206991 ], [ -77.091788390778561, 42.601673467206865 ], [ -77.091803324111879, 42.60167900054023 ], [ -77.091810790778538, 42.601788667206677 ], [ -77.091825590778512, 42.601799667206706 ], [ -77.091825590778512, 42.601816200539986 ], [ -77.091810790778538, 42.601865600539895 ], [ -77.091825724111857, 42.601871000539916 ], [ -77.091833190778516, 42.601953400539799 ], [ -77.091833190778516, 42.602019200539701 ], [ -77.091818390778542, 42.602046667206309 ], [ -77.091833190778516, 42.602057667206282 ], [ -77.091825790778501, 42.602145400539484 ], [ -77.091803590778568, 42.602194800539394 ], [ -77.091773924111919, 42.60233206720585 ], [ -77.091751724111987, 42.602348467205843 ], [ -77.091744190778627, 42.602392400539088 ], [ -77.091692324112046, 42.602447267205662 ], [ -77.091684790778743, 42.602474800538971 ], [ -77.091684790778743, 42.602485800538943 ], [ -77.091655190778795, 42.602502200538936 ], [ -77.091640390778821, 42.602540600538873 ], [ -77.091617990778843, 42.60255706720551 ], [ -77.091603190778869, 42.602590000538783 ], [ -77.091566124112262, 42.60262840053872 ], [ -77.091551190778944, 42.602644867205356 ], [ -77.091551190778944, 42.602655867205328 ], [ -77.091528990779011, 42.602672267205321 ], [ -77.09151419077898, 42.602710800538603 ], [ -77.091499190779018, 42.602716267205267 ], [ -77.091499324112363, 42.602765667205176 ], [ -77.091521590778996, 42.602831467205078 ], [ -77.09153639077897, 42.602837000538386 ], [ -77.091536524112314, 42.602864467205052 ], [ -77.091558790778947, 42.602886400538353 ], [ -77.091573724112266, 42.602919400538269 ], [ -77.091595924112198, 42.602968667204891 ], [ -77.091618190778831, 42.603012600538136 ], [ -77.09163312411215, 42.603023600538108 ], [ -77.091618324112176, 42.603029067204773 ], [ -77.09161839077882, 42.603056467204738 ], [ -77.091603390778857, 42.603084000538047 ], [ -77.091618324112176, 42.603095000538019 ], [ -77.091603524112202, 42.603133267204612 ], [ -77.091573790778909, 42.603177267204558 ], [ -77.091551590778977, 42.603232067204488 ], [ -77.091536724112302, 42.603270600537712 ], [ -77.091521924112328, 42.603276067204376 ], [ -77.091521924112328, 42.603347400537643 ], [ -77.091544324112306, 42.60343520053749 ], [ -77.09155912411228, 42.603440667204154 ], [ -77.091551590778977, 42.603506467204056 ], [ -77.091544324112306, 42.603534000537309 ], [ -77.091551724112264, 42.603545000537281 ], [ -77.091544324112306, 42.60357786720391 ], [ -77.091551724112264, 42.603588800537239 ], [ -77.091551790778965, 42.603616267203847 ], [ -77.091536990778991, 42.603643800537156 ], [ -77.091514590779013, 42.603660200537149 ], [ -77.091514590779013, 42.603715067203723 ], [ -77.091484924112365, 42.603731467203659 ], [ -77.091462724112432, 42.603813867203542 ], [ -77.091447790779114, 42.603824867203514 ], [ -77.091418190779166, 42.604044400536509 ], [ -77.091425724112469, 42.604055400536538 ], [ -77.091403390779192, 42.604071800536474 ], [ -77.091403390779192, 42.604115667203075 ], [ -77.091410924112495, 42.604126667203047 ], [ -77.091403390779192, 42.604159667203021 ], [ -77.091388590779218, 42.604170600536349 ], [ -77.091388724112562, 42.604242000536203 ], [ -77.091373790779244, 42.604291267202825 ], [ -77.091381190779202, 42.604296867202834 ], [ -77.09135899077927, 42.604324267202742 ], [ -77.091373924112531, 42.604351800536051 ], [ -77.091344190779296, 42.604417600535953 ], [ -77.091344324112583, 42.604456067202534 ], [ -77.091314590779291, 42.604527400535801 ], [ -77.091314524112647, 42.604543867202437 ], [ -77.09129219077937, 42.604587800535683 ], [ -77.091299724112673, 42.604598667202367 ], [ -77.091299724112673, 42.60460966720234 ], [ -77.091277390779396, 42.604626067202275 ], [ -77.091277524112684, 42.604697467202186 ], [ -77.091232924112774, 42.604845667201971 ], [ -77.091218190779443, 42.604917067201825 ], [ -77.091203324112826, 42.604928000535153 ], [ -77.091218190779443, 42.604955400535118 ], [ -77.091218190779443, 42.604993867201699 ], [ -77.091188524112852, 42.605037800535001 ], [ -77.091203390779469, 42.605048667201629 ], [ -77.091188590779495, 42.60507066720163 ], [ -77.091203390779469, 42.60512006720154 ], [ -77.091188590779495, 42.605125600534848 ], [ -77.091188524112852, 42.605153000534813 ], [ -77.091173724112878, 42.605180467201421 ], [ -77.091188590779495, 42.605191467201394 ], [ -77.091181390779525, 42.605482267200955 ], [ -77.09118879077954, 42.605493200534283 ], [ -77.091181390779525, 42.605504267200956 ], [ -77.09118872411284, 42.605531667200864 ], [ -77.091173924112866, 42.605537200534229 ], [ -77.09118879077954, 42.605603000534131 ], [ -77.09118879077954, 42.60563046720074 ], [ -77.091173990779509, 42.605657867200705 ], [ -77.09118879077954, 42.605668867200677 ], [ -77.091159190779535, 42.605811600533798 ], [ -77.091166724112895, 42.60582260053377 ], [ -77.091159190779535, 42.605833467200398 ], [ -77.091159190779535, 42.605861000533707 ], [ -77.091114790779613, 42.60599820053352 ], [ -77.091099790779651, 42.606003667200184 ], [ -77.091099924112996, 42.606075067200038 ], [ -77.091077590779662, 42.606097000533339 ], [ -77.091062790779688, 42.606151800533269 ], [ -77.091032990779752, 42.606168267199905 ], [ -77.091018324113122, 42.606223200533179 ], [ -77.091010924113107, 42.606234200533152 ], [ -77.091010790779762, 42.606239667199816 ], [ -77.090981190779814, 42.60626166719976 ], [ -77.090981124113171, 42.606278067199753 ], [ -77.09094399077992, 42.606338467199635 ], [ -77.09094399077992, 42.606360400532935 ], [ -77.090914390779915, 42.606404267199537 ], [ -77.090892190779982, 42.60648666719942 ], [ -77.090899524113297, 42.606497600532748 ], [ -77.090892124113282, 42.606525067199357 ], [ -77.090899590779941, 42.606569000532602 ], [ -77.090899590779941, 42.606596400532567 ], [ -77.090884724113323, 42.606623867199175 ], [ -77.090906990779956, 42.60667880053245 ], [ -77.090936790779892, 42.606695200532442 ], [ -77.090936790779892, 42.60672260053235 ], [ -77.090944324113252, 42.606788467198953 ], [ -77.090929524113221, 42.606799467198925 ], [ -77.090944324113252, 42.60682686719889 ], [ -77.090929390779934, 42.606870800532135 ], [ -77.090929390779934, 42.606881800532108 ], [ -77.090892324113327, 42.606909200532073 ], [ -77.09089239077997, 42.606925667198709 ], [ -77.090855190780019, 42.606958600531982 ], [ -77.090810590780109, 42.607008067198592 ], [ -77.090766124113486, 42.60706840053183 ], [ -77.090766124113486, 42.607079400531802 ], [ -77.090736390780194, 42.607095867198439 ], [ -77.090699390780287, 42.607194667198314 ], [ -77.090699324113586, 42.607222067198279 ], [ -77.090714324113605, 42.607353800531371 ], [ -77.090706790780246, 42.607359267198035 ], [ -77.090714324113605, 42.607397800531317 ], [ -77.09070692411359, 42.607408667198001 ], [ -77.090714324113605, 42.607452600531246 ], [ -77.090691990780272, 42.60750746719782 ], [ -77.090677190780298, 42.607518467197792 ], [ -77.090677190780298, 42.607524000531157 ], [ -77.090684590780313, 42.607534867197785 ], [ -77.090647524113706, 42.60757880053103 ], [ -77.090647524113706, 42.607600800531031 ], [ -77.090625324113716, 42.607644667197633 ], [ -77.090595590780424, 42.607705067197514 ], [ -77.090558524113817, 42.607787400530697 ], [ -77.090543590780499, 42.607814867197362 ], [ -77.090528790780525, 42.607825800530691 ], [ -77.090528790780525, 42.607864267197272 ], [ -77.090506524113891, 42.607880667197264 ], [ -77.090476790780599, 42.607968467197111 ], [ -77.090454590780666, 42.608034400530357 ], [ -77.090424924114018, 42.608105667196924 ], [ -77.090410124114044, 42.608116667196896 ], [ -77.09039532411407, 42.608188000530106 ], [ -77.090387790780767, 42.608199067196779 ], [ -77.090372990780793, 42.608270400529989 ], [ -77.09032852411417, 42.6083636671965 ], [ -77.090306190780893, 42.608407600529745 ], [ -77.090291324114219, 42.608418600529717 ], [ -77.090261590780926, 42.608522867196257 ], [ -77.090254190780968, 42.608533867196229 ], [ -77.090239390780994, 42.608605200529439 ], [ -77.09022459078102, 42.608632667196105 ], [ -77.090209724114345, 42.608643667196077 ], [ -77.090209790781046, 42.608682000529313 ], [ -77.090172590781094, 42.608780867195833 ], [ -77.090172724114439, 42.608797267195825 ], [ -77.090142990781146, 42.608813667195818 ], [ -77.090128190781172, 42.608896067195644 ], [ -77.090105924114539, 42.608918067195646 ], [ -77.090091124114565, 42.608989400528856 ], [ -77.090076190781247, 42.609005867195492 ], [ -77.090061324114572, 42.609016867195464 ], [ -77.090046524114598, 42.609088200528731 ], [ -77.090039124114639, 42.609099200528703 ], [ -77.090039124114639, 42.609137600528641 ], [ -77.090009390781347, 42.609154000528576 ], [ -77.090009390781347, 42.60918700052855 ], [ -77.08997232411474, 42.609263867195125 ], [ -77.08997232411474, 42.609291200528389 ], [ -77.089942590781448, 42.609307667195026 ], [ -77.089927790781474, 42.609362667194944 ], [ -77.089920390781458, 42.609379067194936 ], [ -77.08990552411484, 42.609390067194909 ], [ -77.08990552411484, 42.609433867194809 ], [ -77.089890724114866, 42.609461400528119 ], [ -77.089868390781589, 42.609477867194755 ], [ -77.089860990781574, 42.609527267194665 ], [ -77.089823924114967, 42.609554667194629 ], [ -77.089823924114967, 42.609587600527902 ], [ -77.089786790781716, 42.609653467194505 ], [ -77.089757124115067, 42.609708400527722 ], [ -77.089719924115116, 42.609741267194352 ], [ -77.089719924115116, 42.609752267194324 ], [ -77.089682790781865, 42.609779667194289 ], [ -77.089682924115209, 42.609796200527626 ], [ -77.08961612411531, 42.609862067194172 ], [ -77.089571524115343, 42.609922467194053 ], [ -77.089571524115343, 42.609933400527382 ], [ -77.089541724115406, 42.609949867194018 ], [ -77.089519524115417, 42.610015800527265 ], [ -77.089504590782099, 42.610032267193901 ], [ -77.089489790782125, 42.610043267193873 ], [ -77.089489790782125, 42.610076200527146 ], [ -77.089467524115491, 42.610098067193803 ], [ -77.089474990782151, 42.610125600527113 ], [ -77.089460124115533, 42.610131067193777 ], [ -77.089460124115533, 42.610142000527048 ], [ -77.089452724115517, 42.610153000527077 ], [ -77.089460190782177, 42.610158467193685 ], [ -77.089460124115533, 42.610196867193622 ], [ -77.089445390782203, 42.610262800526868 ], [ -77.089460190782177, 42.610268267193533 ], [ -77.089445324115559, 42.610279267193505 ], [ -77.089467724115536, 42.6103614671934 ], [ -77.089467724115536, 42.610416467193318 ], [ -77.089475124115495, 42.610460400526563 ], [ -77.089467724115536, 42.610471267193248 ], [ -77.089497524115473, 42.610597600526376 ], [ -77.089467924115525, 42.610855467192607 ], [ -77.089438324115577, 42.610910267192537 ], [ -77.089430790782217, 42.610915867192546 ], [ -77.089430790782217, 42.610943267192511 ], [ -77.089386324115651, 42.61106400052563 ], [ -77.089363990782317, 42.611118867192204 ], [ -77.089371524115677, 42.611129867192176 ], [ -77.089349190782343, 42.611173800525478 ], [ -77.089334390782369, 42.61123960052538 ], [ -77.089334390782369, 42.611256067192016 ], [ -77.089304724115777, 42.611272600525297 ], [ -77.089319524115751, 42.611300067191962 ], [ -77.089319590782395, 42.611338400525199 ], [ -77.089289924115803, 42.611354867191835 ], [ -77.08926759078247, 42.61150306719162 ], [ -77.089252790782496, 42.611508600524928 ], [ -77.089223124115904, 42.611640267191433 ], [ -77.089193524115956, 42.611684200524678 ], [ -77.089171190782622, 42.611728067191279 ], [ -77.089141390782686, 42.611772000524525 ], [ -77.089119190782696, 42.611794000524526 ], [ -77.089104390782722, 42.611826867191098 ], [ -77.089067324116115, 42.611854267191063 ], [ -77.089067190782828, 42.6118708005244 ], [ -77.089052390782854, 42.611898267191009 ], [ -77.089015324116247, 42.611936667190946 ], [ -77.089015324116247, 42.611947667190918 ], [ -77.088992990782913, 42.611964067190911 ], [ -77.088992990782913, 42.611980600524191 ], [ -77.088948524116347, 42.612046467190794 ], [ -77.088940990782987, 42.612073867190759 ], [ -77.088940990782987, 42.612090400524039 ], [ -77.088911390783039, 42.612106867190676 ], [ -77.088896524116421, 42.612161667190605 ], [ -77.088874190783088, 42.612216600523823 ], [ -77.08885932411647, 42.612227600523852 ], [ -77.088859390783114, 42.612255067190461 ], [ -77.08883712411648, 42.612271467190453 ], [ -77.088829724116522, 42.612348400523672 ], [ -77.08879252411657, 42.612370267190272 ], [ -77.088792590783214, 42.612408800523554 ], [ -77.088770324116581, 42.612425200523546 ], [ -77.088755390783263, 42.612463667190127 ], [ -77.088740590783289, 42.612480000523419 ], [ -77.088718390783356, 42.612529467190029 ], [ -77.088658990783415, 42.612628267189848 ], [ -77.088621924116808, 42.612688667189786 ], [ -77.088614390783505, 42.612699600523115 ], [ -77.088607124116834, 42.612738067189696 ], [ -77.088584724116913, 42.612754467189689 ], [ -77.088569790783595, 42.612787400522961 ], [ -77.088555124116908, 42.612809400522906 ], [ -77.088547590783605, 42.612836800522871 ], [ -77.088532790783631, 42.612842267189535 ], [ -77.088532790783631, 42.612869800522844 ], [ -77.08850312411704, 42.612891800522789 ], [ -77.08849559078368, 42.612919200522754 ], [ -77.088495724117024, 42.612946667189362 ], [ -77.088465990783732, 42.612963067189355 ], [ -77.088443724117099, 42.613023400522593 ], [ -77.088428924117125, 42.613045400522537 ], [ -77.088413990783806, 42.613050867189202 ], [ -77.088413990783806, 42.613089400522483 ], [ -77.088391724117173, 42.613105800522476 ], [ -77.088362124117225, 42.613199067188987 ], [ -77.088347190783907, 42.613226600522296 ], [ -77.088324924117273, 42.613286867188833 ], [ -77.088310124117299, 42.613297867188862 ], [ -77.088310124117299, 42.613336267188799 ], [ -77.088280390784007, 42.613407667188653 ], [ -77.088250790784059, 42.613572267188431 ], [ -77.088228524117426, 42.613627200521648 ], [ -77.088235924117441, 42.613638067188333 ], [ -77.088213724117452, 42.613687467188242 ], [ -77.088221124117467, 42.613698600521559 ], [ -77.088213724117452, 42.613709467188187 ], [ -77.08818399078416, 42.613824800521343 ], [ -77.088169190784186, 42.61386320052128 ], [ -77.088154324117568, 42.613874200521252 ], [ -77.088154390784212, 42.613901600521217 ], [ -77.08811719078426, 42.614044267187694 ], [ -77.088117324117604, 42.614066200520995 ], [ -77.088102390784286, 42.614093667187603 ], [ -77.088109924117646, 42.614099200520911 ], [ -77.08810252411763, 42.614110200520884 ], [ -77.088095124117672, 42.614225400520752 ], [ -77.088109990784289, 42.614313200520598 ], [ -77.088094990784327, 42.614318667187263 ], [ -77.088109924117646, 42.614329667187235 ], [ -77.08809532411766, 42.614730267186587 ], [ -77.088065724117712, 42.614894867186365 ], [ -77.088050924117738, 42.614933400519647 ], [ -77.088043390784378, 42.614938867186311 ], [ -77.088043390784378, 42.614966267186276 ], [ -77.088028590784404, 42.614993800519528 ], [ -77.087976590784479, 42.615032200519465 ], [ -77.087976590784479, 42.61503766718613 ], [ -77.087939390784584, 42.615065067186094 ], [ -77.087850324118051, 42.61510906718604 ], [ -77.087813124118099, 42.615131000519341 ], [ -77.087709190784892, 42.61518040051925 ], [ -77.087701790784934, 42.61518040051925 ], [ -77.087620124118359, 42.615235400519168 ], [ -77.087620124118359, 42.615290200519098 ], [ -77.087694324118274, 42.615345000518971 ], [ -77.087753790784859, 42.615378000518945 ], [ -77.087790990784811, 42.61540540051891 ], [ -77.087828190784705, 42.615449267185511 ], [ -77.087850524118039, 42.615465800518791 ], [ -77.087909924117923, 42.61555346718535 ], [ -77.087962124117837, 42.615679800518478 ], [ -77.087976990784512, 42.6158882671848 ], [ -77.087991790784486, 42.615899267184773 ], [ -77.087984524117815, 42.616009000517977 ], [ -77.087999324117789, 42.616036467184585 ], [ -77.087984524117815, 42.616047467184558 ], [ -77.087999390784489, 42.616074800517879 ], [ -77.087999324117789, 42.616091267184515 ], [ -77.088021724117766, 42.61611326718446 ], [ -77.088029190784425, 42.61618460051767 ], [ -77.088058924117718, 42.616201067184306 ], [ -77.088051390784358, 42.616223000517607 ], [ -77.088081190784351, 42.616283400517545 ], [ -77.088110924117643, 42.616365667184084 ], [ -77.088133324117564, 42.616415067183993 ], [ -77.088200124117463, 42.616469867183923 ], [ -77.088267124117408, 42.616590600517043 ], [ -77.088326590783936, 42.616656467183645 ], [ -77.08832672411728, 42.616662000516953 ], [ -77.08834892411727, 42.616684000516898 ], [ -77.088363724117244, 42.616727800516855 ], [ -77.088363924117232, 42.616738800516828 ], [ -77.088386124117221, 42.616755267183464 ], [ -77.088400924117195, 42.616793667183401 ], [ -77.088423324117116, 42.616810067183394 ], [ -77.08843812411709, 42.616859467183303 ], [ -77.088460524117068, 42.61687600051664 ], [ -77.088460390783723, 42.616892467183277 ], [ -77.088467924117083, 42.616919867183242 ], [ -77.088497724117019, 42.616941800516543 ], [ -77.088505124117034, 42.616974800516459 ], [ -77.088542324116929, 42.617057000516354 ], [ -77.088549724116945, 42.61706806718297 ], [ -77.088549724116945, 42.6171228671829 ], [ -77.088572124116922, 42.617172267182809 ], [ -77.088572124116922, 42.617227200516083 ], [ -77.088586924116896, 42.617254600516048 ], [ -77.088572124116922, 42.617260067182713 ], [ -77.08858699078354, 42.61729846718265 ], [ -77.0885945241169, 42.617309467182622 ], [ -77.088594390783555, 42.617326000515902 ], [ -77.088616724116832, 42.617446667182378 ], [ -77.08863912411681, 42.617463067182371 ], [ -77.088653924116784, 42.617501600515652 ], [ -77.088691124116735, 42.617545467182254 ], [ -77.088691190783379, 42.617561867182246 ], [ -77.088735790783346, 42.617600267182183 ], [ -77.088772924116597, 42.617649667182093 ], [ -77.08889192411641, 42.617721000515303 ], [ -77.088906724116384, 42.617721000515303 ], [ -77.089025590782853, 42.617808800515149 ], [ -77.089040524116172, 42.617808800515149 ], [ -77.089151990782682, 42.617891067181688 ], [ -77.089285790782469, 42.61801166718152 ], [ -77.089285790782469, 42.618022667181492 ], [ -77.089308190782447, 42.618039067181485 ], [ -77.089308124115746, 42.618066600514794 ], [ -77.089345390782398, 42.618105000514731 ], [ -77.089352724115713, 42.618132400514639 ], [ -77.089375124115634, 42.618159867181305 ], [ -77.089404924115627, 42.618214800514522 ], [ -77.08942719078226, 42.618280600514424 ], [ -77.089434590782218, 42.618286067181089 ], [ -77.089434590782218, 42.618324467181026 ], [ -77.089456990782196, 42.618368400514328 ], [ -77.08947179078217, 42.618489067180803 ], [ -77.089479324115473, 42.618500067180776 ], [ -77.089479324115473, 42.618555000513993 ], [ -77.089501590782106, 42.618598867180594 ], [ -77.089523990782084, 42.618758000513708 ], [ -77.089538790782058, 42.618763467180372 ], [ -77.08952392411544, 42.618774467180344 ], [ -77.089553790782077, 42.618895200513464 ], [ -77.089568590782051, 42.618900667180128 ], [ -77.089553790782077, 42.6189116671801 ], [ -77.089590990781971, 42.619032400513277 ], [ -77.089590990781971, 42.619048867179913 ], [ -77.089643124115241, 42.619268400512908 ], [ -77.089672924115177, 42.619290267179508 ], [ -77.089665524115219, 42.619345200512782 ], [ -77.089680390781837, 42.619372667179391 ], [ -77.08970272411517, 42.619389067179384 ], [ -77.089717524115144, 42.619427467179321 ], [ -77.089762124115055, 42.619482400512595 ], [ -77.08979939078165, 42.619520800512532 ], [ -77.089814190781624, 42.619537267179169 ], [ -77.089814190781624, 42.61954820051244 ], [ -77.089881124114868, 42.619603067179071 ], [ -77.089881124114868, 42.619608467179035 ], [ -77.090126390781165, 42.619795067178757 ], [ -77.09039399078074, 42.619981467178491 ], [ -77.090408790780714, 42.619981467178491 ], [ -77.090505524113894, 42.62004740051168 ], [ -77.090520390780569, 42.62004740051168 ], [ -77.090564990780479, 42.620085800511617 ], [ -77.090713724113584, 42.620168067178156 ], [ -77.090735924113574, 42.620190000511457 ], [ -77.090795524113446, 42.620217400511422 ], [ -77.090958924113181, 42.620321667177961 ], [ -77.090996124113133, 42.620338067177897 ], [ -77.091003524113148, 42.620338067177897 ], [ -77.091211724112782, 42.620486200511039 ], [ -77.091263724112707, 42.620519067177611 ], [ -77.091271124112723, 42.620519200510955 ], [ -77.091404990779154, 42.620612267177478 ], [ -77.091434590779158, 42.620628800510815 ], [ -77.091456990779079, 42.620628867177459 ], [ -77.091456990779079, 42.620639867177431 ], [ -77.091568524112233, 42.620722067177326 ], [ -77.091761790778605, 42.620842800510445 ], [ -77.092014590778206, 42.621040267176795 ], [ -77.092237524111226, 42.621215800509901 ], [ -77.09223759077787, 42.621232267176538 ], [ -77.092267324111162, 42.621259667176503 ], [ -77.092341724111066, 42.621325467176405 ], [ -77.092341724111066, 42.621347467176349 ], [ -77.092378790777673, 42.621374867176314 ], [ -77.092378924111017, 42.62139126717625 ], [ -77.092438390777545, 42.621446267176168 ], [ -77.092497790777486, 42.621605400509281 ], [ -77.092505324110789, 42.621632800509246 ], [ -77.09250539077749, 42.621676667175848 ], [ -77.092490524110815, 42.621704067175813 ], [ -77.092468190777538, 42.621720600509093 ], [ -77.092431124110931, 42.621841400508913 ], [ -77.092416324110957, 42.621846800508877 ], [ -77.092416324110957, 42.621885267175514 ], [ -77.092386590777664, 42.621978600508669 ], [ -77.092401524110983, 42.621984067175333 ], [ -77.092401524110983, 42.622022400508627 ], [ -77.092386590777664, 42.622066400508572 ], [ -77.092393990777623, 42.622088267175172 ], [ -77.092446124110893, 42.622198000508376 ], [ -77.092431324110919, 42.622203467175041 ], [ -77.092431390777563, 42.622242000508265 ], [ -77.092453590777552, 42.622258400508258 ], [ -77.092438790777578, 42.622285867174867 ], [ -77.092453724110896, 42.622296867174896 ], [ -77.092453590777552, 42.622313400508176 ], [ -77.09247599077753, 42.622335267174833 ], [ -77.09247599077753, 42.622379067174734 ], [ -77.092498324110807, 42.622401067174735 ], [ -77.092535524110758, 42.622554667174484 ], [ -77.092542990777417, 42.6225658005078 ], [ -77.092542990777417, 42.622620600507673 ], [ -77.092565390777395, 42.622730267174177 ], [ -77.09255052411072, 42.622735800507542 ], [ -77.092572990777342, 42.622922400507207 ], [ -77.092557990777379, 42.622927867173871 ], [ -77.092572990777342, 42.62295540050718 ], [ -77.092558124110724, 42.622982800507145 ], [ -77.092572924110698, 42.622993800507118 ], [ -77.092558124110724, 42.623065067173684 ], [ -77.092543190777405, 42.623076067173656 ], [ -77.092543190777405, 42.623087067173628 ], [ -77.092558190777368, 42.623092600506993 ], [ -77.09254332411075, 42.623103467173621 ], [ -77.092513590777457, 42.623295600506651 ], [ -77.092498790777483, 42.623301067173315 ], [ -77.092498790777483, 42.62337786717319 ], [ -77.092469190777535, 42.623460200506372 ], [ -77.092454324110861, 42.623465667173036 ], [ -77.092454324110861, 42.623504200506318 ], [ -77.09241719077761, 42.623542600506255 ], [ -77.09239499077762, 42.623586467172856 ], [ -77.092216724111267, 42.623740200505949 ], [ -77.092164724111342, 42.623773200505923 ], [ -77.092060724111491, 42.623828067172497 ], [ -77.091986390778288, 42.623872000505742 ], [ -77.091964124111655, 42.623883000505714 ], [ -77.091889790778453, 42.623916000505687 ], [ -77.091822990778553, 42.623943400505652 ], [ -77.091815524111894, 42.623943400505652 ], [ -77.091785790778601, 42.623959867172289 ], [ -77.091696590778724, 42.623976400505569 ], [ -77.091689190778709, 42.623987267172254 ], [ -77.091659390778773, 42.623987267172254 ], [ -77.091614924112207, 42.624014800505563 ], [ -77.091585124112214, 42.624014800505563 ], [ -77.091562924112282, 42.624031267172199 ], [ -77.091473724112404, 42.62404780050548 ], [ -77.091436590779153, 42.624075267172088 ], [ -77.091384590779228, 42.624086200505417 ], [ -77.091310324112669, 42.624102667172053 ], [ -77.091287924112692, 42.62411920050539 ], [ -77.091235990779467, 42.624130200505363 ], [ -77.091109724112982, 42.624190600505244 ], [ -77.091087324113005, 42.624196067171908 ], [ -77.091020524113105, 42.624223467171873 ], [ -77.091012990779802, 42.624223600505218 ], [ -77.09085712411337, 42.624322400505037 ], [ -77.090805124113444, 42.624377267171667 ], [ -77.090805124113444, 42.624393667171603 ], [ -77.090819990780062, 42.624404667171575 ], [ -77.090782790780167, 42.624443067171512 ], [ -77.090782790780167, 42.624459600504849 ], [ -77.090753124113519, 42.624476000504842 ], [ -77.090767990780193, 42.624514467171423 ], [ -77.090753190780163, 42.624525467171395 ], [ -77.090775524113496, 42.62460766717129 ], [ -77.090790390780114, 42.62462420050457 ], [ -77.09079779078013, 42.624635200504599 ], [ -77.090790390780114, 42.624657200504544 ], [ -77.0908499241134, 42.624723000504446 ], [ -77.090849790780055, 42.62472846717111 ], [ -77.090879590779991, 42.624755867171075 ], [ -77.09089452411331, 42.624794267171012 ], [ -77.091065524113048, 42.624953400504069 ], [ -77.09109519077964, 42.624991800504006 ], [ -77.09109519077964, 42.625002800503978 ], [ -77.091169590779543, 42.625046667170579 ], [ -77.091176990779559, 42.625046667170579 ], [ -77.091184524112862, 42.625057600503908 ], [ -77.091185524112859, 42.625060000503936 ], [ -77.091180924112848, 42.625087467170545 ], [ -77.091179524112874, 42.625091400503891 ], [ -77.091186990779534, 42.625118800503799 ], [ -77.091224190779485, 42.625157200503736 ], [ -77.091224190779485, 42.625173667170429 ], [ -77.09126139077938, 42.625239467170275 ], [ -77.09126892411274, 42.625294400503549 ], [ -77.091328324112624, 42.625420600503332 ], [ -77.091343190779298, 42.625464467169934 ], [ -77.09135812411256, 42.625475467169963 ], [ -77.09135819077926, 42.625491867169899 ], [ -77.091395190779167, 42.625535800503201 ], [ -77.091395190779167, 42.625546800503173 ], [ -77.091417590779145, 42.625574200503138 ], [ -77.091432524112463, 42.625607200503055 ], [ -77.091454790779096, 42.625623600503047 ], [ -77.091454790779096, 42.625640067169684 ], [ -77.091462190779112, 42.625667467169649 ], [ -77.091491990779048, 42.625689467169593 ], [ -77.091499390779006, 42.625722400502866 ], [ -77.091536590778958, 42.625760800502803 ], [ -77.091558924112292, 42.625788200502768 ], [ -77.091610990778861, 42.625870600502651 ], [ -77.091648124112112, 42.625909000502588 ], [ -77.091662990778786, 42.625925400502581 ], [ -77.091662990778786, 42.625936400502553 ], [ -77.091685324112063, 42.62595286716919 ], [ -77.091685324112063, 42.62597480050249 ], [ -77.091722590778659, 42.626002200502455 ], [ -77.091722524112015, 42.626018667169092 ], [ -77.091759590778622, 42.626046067169057 ], [ -77.091759724111967, 42.626062600502337 ], [ -77.091796924111918, 42.626095467168966 ], [ -77.091804324111877, 42.626128400502239 ], [ -77.091841524111828, 42.626166800502176 ], [ -77.091841524111828, 42.626177800502205 ], [ -77.091863724111818, 42.626194267168842 ], [ -77.091863790778461, 42.626210667168777 ], [ -77.091900924111712, 42.626238200502087 ], [ -77.091915924111731, 42.62627646716868 ], [ -77.091938124111664, 42.626293000502017 ], [ -77.091953124111683, 42.626331400501954 ], [ -77.09199019077829, 42.626413800501837 ], [ -77.091997724111593, 42.626424667168465 ], [ -77.091997724111593, 42.626452200501774 ], [ -77.092012590778211, 42.626518000501676 ], [ -77.091997724111593, 42.626523467168283 ], [ -77.091997790778237, 42.62657286716825 ], [ -77.091968124111645, 42.626710067168005 ], [ -77.091960590778342, 42.626715467168026 ], [ -77.09196072411163, 42.62673746716797 ], [ -77.091930990778337, 42.626836267167846 ], [ -77.091916190778363, 42.626841800501154 ], [ -77.091908724111704, 42.626924200501037 ], [ -77.091879124111756, 42.626946067167637 ], [ -77.091864190778438, 42.62703386716754 ], [ -77.091856790778479, 42.627061267167448 ], [ -77.091841924111804, 42.627072267167478 ], [ -77.09182712411183, 42.627182067167269 ], [ -77.091812324111856, 42.627209467167233 ], [ -77.091804790778554, 42.627220467167206 ], [ -77.091797524111882, 42.627280867167144 ], [ -77.091775190778606, 42.627401600500264 ], [ -77.091760324111931, 42.627412600500236 ], [ -77.091730790778684, 42.627648600499867 ], [ -77.091723324112024, 42.627659600499896 ], [ -77.091723324112024, 42.627703400499797 ], [ -77.091678924112102, 42.627879067166191 ], [ -77.091663924112083, 42.627884600499556 ], [ -77.091641724112151, 42.628010800499339 ], [ -77.091612124112203, 42.628197400499062 ], [ -77.091597324112229, 42.628202867165726 ], [ -77.091589790778869, 42.62829620049888 ], [ -77.091560124112277, 42.628312600498873 ], [ -77.091537924112288, 42.628395000498756 ], [ -77.091508190778995, 42.628444400498665 ], [ -77.091500724112336, 42.62844986716533 ], [ -77.091500724112336, 42.628471867165274 ], [ -77.09145619077907, 42.628504667165259 ], [ -77.091448724112468, 42.628526667165204 ], [ -77.091411524112516, 42.628559667165121 ], [ -77.091411524112516, 42.628570600498449 ], [ -77.091359590779234, 42.628603600498423 ], [ -77.09106979077967, 42.628751867164851 ], [ -77.091047590779738, 42.628768267164844 ], [ -77.09098059077985, 42.628801200498117 ], [ -77.09098059077985, 42.628812200498089 ], [ -77.090846990780051, 42.628922000497937 ], [ -77.090809924113444, 42.628982400497819 ], [ -77.090809790780099, 42.629009800497784 ], [ -77.090817190780115, 42.629042800497757 ], [ -77.090780190780151, 42.629086667164302 ], [ -77.090750524113503, 42.629223867164114 ], [ -77.0907429907802, 42.629229267164135 ], [ -77.090743124113544, 42.62926780049736 ], [ -77.090698524113634, 42.629366600497235 ], [ -77.0906761907803, 42.629470800497074 ], [ -77.090661390780326, 42.629476267163739 ], [ -77.090646590780352, 42.629668400496769 ], [ -77.090661590780314, 42.629816600496554 ], [ -77.090646724113697, 42.629827467163182 ], [ -77.090661790780302, 42.630294067162481 ], [ -77.090698990780254, 42.630392800495656 ], [ -77.090713790780228, 42.630403800495628 ], [ -77.090721324113588, 42.630486067162167 ], [ -77.090721390780232, 42.630546467162048 ], [ -77.09068419078028, 42.630612400495295 ], [ -77.090669390780306, 42.630628667161943 ], [ -77.090617324113737, 42.63069460049519 ], [ -77.090557990780496, 42.630777000495016 ], [ -77.090557924113853, 42.630793400495008 ], [ -77.09052819078056, 42.630815400494953 ], [ -77.090505924113927, 42.630864800494919 ], [ -77.090491124113953, 42.630892200494884 ], [ -77.090476324113979, 42.630930667161465 ], [ -77.090468924113964, 42.630941600494793 ], [ -77.090468790780619, 42.630969067161402 ], [ -77.090439190780671, 42.631013000494647 ], [ -77.090416924114038, 42.631122800494495 ], [ -77.090379790780787, 42.631216000494362 ], [ -77.090335324114164, 42.631303800494209 ], [ -77.090298124114213, 42.631397200494064 ], [ -77.090260990780962, 42.631468600493974 ], [ -77.090223924114355, 42.631539867160541 ], [ -77.090186790781047, 42.631578267160478 ], [ -77.090149590781152, 42.631644200493668 ], [ -77.090045590781301, 42.631732000493571 ], [ -77.089971190781398, 42.631803267160137 ], [ -77.089971190781398, 42.631814267160109 ], [ -77.08989699078154, 42.631869267160027 ], [ -77.089644324115227, 42.63202300049312 ], [ -77.089607190781976, 42.632039400493056 ], [ -77.08955519078205, 42.632066867159722 ], [ -77.089547724115391, 42.632066867159722 ], [ -77.089503190782125, 42.632094400492974 ], [ -77.08933232411573, 42.632204067159478 ], [ -77.089220790782576, 42.632253467159387 ], [ -77.089168790782651, 42.632264600492704 ], [ -77.089034990782864, 42.63233586715927 ], [ -77.089005324116215, 42.632352400492607 ], [ -77.088982990782938, 42.632363400492579 ], [ -77.088945924116331, 42.632379800492572 ], [ -77.088930990783012, 42.632379800492572 ], [ -77.08879732411657, 42.632473067159083 ], [ -77.088745324116644, 42.632506200492344 ], [ -77.088715524116708, 42.632533467158964 ], [ -77.088708124116692, 42.632572000492246 ], [ -77.0886783907834, 42.632599400492211 ], [ -77.088671124116729, 42.632637800492148 ], [ -77.088656124116767, 42.632643267158812 ], [ -77.088641324116793, 42.632720200492031 ], [ -77.088626390783475, 42.632725667158695 ], [ -77.088626524116819, 42.632939667158325 ], [ -77.088671324116774, 42.633285467157805 ], [ -77.088678790783433, 42.633301867157797 ], [ -77.088693590783407, 42.63331286715777 ], [ -77.088708524116669, 42.63338420049098 ], [ -77.088715990783328, 42.633411600490945 ], [ -77.088753124116636, 42.633494000490828 ], [ -77.088790324116587, 42.633570667157358 ], [ -77.088827524116539, 42.63361460049066 ], [ -77.088827524116539, 42.633636600490604 ], [ -77.088849790783115, 42.633653000490597 ], [ -77.088864724116434, 42.633691467157178 ], [ -77.088886990783067, 42.63370786715717 ], [ -77.088901790783041, 42.633746400490452 ], [ -77.08896139078297, 42.633817667156961 ], [ -77.088998590782921, 42.633894467156892 ], [ -77.089035724116172, 42.633927467156809 ], [ -77.089043190782832, 42.633965867156746 ], [ -77.08905812411615, 42.633976800490075 ], [ -77.089057990782806, 42.63400420049004 ], [ -77.089080390782783, 42.634020667156676 ], [ -77.089095324116101, 42.634075600489894 ], [ -77.089117590782735, 42.634092000489886 ], [ -77.089125124116038, 42.634152400489825 ], [ -77.089139924116012, 42.634168867156461 ], [ -77.089162190782645, 42.634212800489706 ], [ -77.089191990782638, 42.634267600489636 ], [ -77.089199524115941, 42.634295000489601 ], [ -77.08921419078257, 42.634306000489573 ], [ -77.089206924115899, 42.634487200489275 ], [ -77.089169924115993, 42.634679200488961 ], [ -77.089154990782674, 42.63469020048899 ], [ -77.089132724116041, 42.634800000488781 ], [ -77.089117790782723, 42.634811000488753 ], [ -77.089117924116067, 42.634827400488746 ], [ -77.089088190782775, 42.634920800488601 ], [ -77.089028790782891, 42.635090867154986 ], [ -77.08901399078286, 42.635118267154951 ], [ -77.088999124116242, 42.635129267154923 ], [ -77.088999190782886, 42.635156667154888 ], [ -77.088976790782965, 42.635173200488225 ], [ -77.088947124116316, 42.635266467154736 ], [ -77.088939724116358, 42.635293867154701 ], [ -77.088895190783091, 42.635381667154547 ], [ -77.088858124116484, 42.635475067154402 ], [ -77.088806124116559, 42.635535467154341 ], [ -77.088761524116592, 42.63558480048755 ], [ -77.08874659078333, 42.635590267154214 ], [ -77.08874659078333, 42.635612267154215 ], [ -77.08867972411673, 42.635667200487433 ], [ -77.088635190783464, 42.635749467153971 ], [ -77.088627790783505, 42.635886667153784 ], [ -77.088605524116872, 42.635963467153658 ], [ -77.088590724116898, 42.63597446715363 ], [ -77.088590724116898, 42.63600200048694 ], [ -77.088531324116957, 42.63605680048687 ], [ -77.088494124117005, 42.636100667153414 ], [ -77.08844219078378, 42.636155600486688 ], [ -77.08844219078378, 42.636177600486633 ], [ -77.088404990783829, 42.636205000486598 ], [ -77.088404990783829, 42.636221467153234 ], [ -77.088338124117286, 42.636265400486536 ], [ -77.088338124117286, 42.636281867153173 ], [ -77.088226590784132, 42.636402600486292 ], [ -77.088137524117599, 42.636501467152812 ], [ -77.088100390784291, 42.636567267152714 ], [ -77.088063190784339, 42.636600267152687 ], [ -77.088063190784339, 42.636611267152659 ], [ -77.088011190784471, 42.636649667152597 ], [ -77.088011324117758, 42.636666200485877 ], [ -77.087944390784571, 42.636726467152471 ], [ -77.087944390784571, 42.636737400485799 ], [ -77.08790719078462, 42.636765000485752 ], [ -77.08790719078462, 42.636781400485745 ], [ -77.08789972411796, 42.636781400485745 ], [ -77.08788499078463, 42.636792400485717 ], [ -77.087884924117986, 42.636808867152354 ], [ -77.087810590784784, 42.636874667152256 ], [ -77.087810590784784, 42.636891200485536 ], [ -77.087780990784779, 42.636913067152193 ], [ -77.087691790784959, 42.637028400485349 ], [ -77.0876175241184, 42.637127200485168 ], [ -77.087602724118426, 42.637165667151805 ], [ -77.087565524118475, 42.63720960048505 ], [ -77.087558124118459, 42.637248000484988 ], [ -77.087543190785198, 42.63725900048496 ], [ -77.087543190785198, 42.637275400484953 ], [ -77.087513524118549, 42.637291800484945 ], [ -77.087468990785283, 42.637357667151491 ], [ -77.087416924118713, 42.637390667151465 ], [ -77.087275724118911, 42.637473000484647 ], [ -77.087216324119026, 42.637517000484593 ], [ -77.087156924119085, 42.637544267151213 ], [ -77.086978390786044, 42.63755540048453 ], [ -77.086852124119559, 42.637577400484474 ], [ -77.086829724119639, 42.637599267151131 ], [ -77.086733190786447, 42.637654267151049 ], [ -77.086517724120085, 42.637786000484141 ], [ -77.086517724120085, 42.63779700048417 ], [ -77.086480524120134, 42.637824400484078 ], [ -77.086480590786834, 42.637829867150742 ], [ -77.08646572412016, 42.637829867150742 ], [ -77.086369124120324, 42.637934200483926 ], [ -77.086369124120324, 42.63793966715059 ], [ -77.086339390787032, 42.637961667150535 ], [ -77.086339390787032, 42.637978067150527 ], [ -77.08630219078708, 42.638016467150464 ], [ -77.08630219078708, 42.638033000483802 ], [ -77.086265124120473, 42.638071400483739 ], [ -77.086250190787155, 42.638104267150311 ], [ -77.086235324120537, 42.63811526715034 ], [ -77.086235324120537, 42.638159267150229 ], [ -77.086213124120547, 42.638175667150222 ], [ -77.086183390787255, 42.638280000483405 ], [ -77.086175990787297, 42.638285400483369 ], [ -77.086161124120622, 42.63837866714988 ], [ -77.086131390787386, 42.638433667149798 ], [ -77.086123990787371, 42.638444600483126 ], [ -77.086123990787371, 42.638488467149728 ], [ -77.086094190787435, 42.63853240048303 ], [ -77.086071990787445, 42.638669667149429 ], [ -77.086057190787471, 42.638680600482758 ], [ -77.086012724120906, 42.639048400482181 ], [ -77.086012724120906, 42.639103200482111 ], [ -77.085997924120875, 42.639240400481924 ], [ -77.086012790787549, 42.639245867148588 ], [ -77.086012790787549, 42.639273267148496 ], [ -77.086057590787505, 42.639503800481521 ], [ -77.086072390787479, 42.639514800481493 ], [ -77.086064990787463, 42.639613600481312 ], [ -77.086042790787474, 42.639684867147878 ], [ -77.086012990787538, 42.639805667147698 ], [ -77.085990790787605, 42.639860600480915 ], [ -77.085953590787653, 42.639899000480852 ], [ -77.085953590787653, 42.639915467147546 ], [ -77.085923924121005, 42.639959267147447 ], [ -77.085886724121053, 42.639997667147384 ], [ -77.085849590787802, 42.640041600480686 ], [ -77.085745590787951, 42.640140467147148 ], [ -77.085745590787951, 42.640151400480477 ], [ -77.085723190787974, 42.640167867147113 ], [ -77.085582124121572, 42.640288667146933 ], [ -77.085537524121605, 42.640343600480207 ], [ -77.085507790788313, 42.640387400480108 ], [ -77.085470724121706, 42.640420400480082 ], [ -77.085448390788429, 42.640469800479991 ], [ -77.085448324121728, 42.640486200479984 ], [ -77.085418590788493, 42.64050266714662 ], [ -77.085381524121885, 42.640596067146475 ], [ -77.085359190788552, 42.640640000479721 ], [ -77.08532952412196, 42.640661867146378 ], [ -77.085307190788626, 42.640760667146196 ], [ -77.085292390788652, 42.640788067146161 ], [ -77.085277524122034, 42.640799067146133 ], [ -77.085277524122034, 42.640832067146107 ], [ -77.085255324122045, 42.6408484671461 ], [ -77.085240390788726, 42.640903400479317 ], [ -77.085218124122093, 42.640930867145926 ], [ -77.085188390788801, 42.640985667145856 ], [ -77.085128990788917, 42.64104060047913 ], [ -77.085114124122299, 42.641062600479074 ], [ -77.085076924122347, 42.641095467145703 ], [ -77.085076924122347, 42.641106467145676 ], [ -77.085017524122406, 42.641150400478921 ], [ -77.084965390789193, 42.641194267145522 ], [ -77.084965390789193, 42.641216267145523 ], [ -77.084891190789278, 42.641276667145405 ], [ -77.084891190789278, 42.641298600478706 ], [ -77.084861390789342, 42.641315000478698 ], [ -77.084802124122746, 42.641386467145253 ], [ -77.084749990789533, 42.641430400478498 ], [ -77.084720324122884, 42.641485200478428 ], [ -77.084683124122932, 42.641523600478365 ], [ -77.084638590789666, 42.641589467144911 ], [ -77.084586590789741, 42.641649867144849 ], [ -77.084534590789815, 42.641715800478039 ], [ -77.084534524123171, 42.641732200478032 ], [ -77.084512324123182, 42.641748667144668 ], [ -77.084460190789969, 42.641803600477942 ], [ -77.084445390789995, 42.64184200047788 ], [ -77.084378524123395, 42.641924267144418 ], [ -77.08431912412351, 42.642023067144237 ], [ -77.084281924123559, 42.642061467144174 ], [ -77.084252190790266, 42.642105400477476 ], [ -77.084214990790315, 42.642143867144057 ], [ -77.084177924123708, 42.642204200477295 ], [ -77.084118524123824, 42.642270200477185 ], [ -77.084066524123898, 42.642330467143779 ], [ -77.08399952412401, 42.642407267143653 ], [ -77.083999590790654, 42.642423800476934 ], [ -77.083962390790703, 42.642462200476928 ], [ -77.083962390790703, 42.642467667143535 ], [ -77.08394019079077, 42.642489667143536 ], [ -77.083940124124069, 42.642506067143472 ], [ -77.083888190790844, 42.642561000476746 ], [ -77.083873324124227, 42.642593867143376 ], [ -77.083850990790893, 42.642621400476628 ], [ -77.083836190790919, 42.642632267143313 ], [ -77.083836124124275, 42.642648800476593 ], [ -77.083798990790967, 42.64268720047653 ], [ -77.08376192412436, 42.642731067143131 ], [ -77.083724724124409, 42.642780467143098 ], [ -77.083687524124514, 42.642824467142987 ], [ -77.083650324124562, 42.642868400476289 ], [ -77.083650390791206, 42.642884800476224 ], [ -77.083613324124599, 42.64291226714289 ], [ -77.083613324124599, 42.642934267142834 ], [ -77.083568590791344, 42.642967200476107 ], [ -77.083568590791344, 42.642989067142764 ], [ -77.083546390791355, 42.643005600476044 ], [ -77.083546390791355, 42.643022067142681 ], [ -77.083524124124722, 42.643044067142682 ], [ -77.083457190791535, 42.643115400475892 ], [ -77.083419990791583, 42.643159267142494 ], [ -77.08339772412495, 42.643186800475803 ], [ -77.08327879079178, 42.64329646714225 ], [ -77.08327879079178, 42.643307467142279 ], [ -77.083189724125248, 42.643378800475489 ], [ -77.083093124125412, 42.64348866714198 ], [ -77.083092990792068, 42.643494200475288 ], [ -77.08305592412546, 42.643521600475253 ], [ -77.083026190792168, 42.643549067141862 ], [ -77.083026124125524, 42.643565400475211 ], [ -77.083003924125535, 42.643587467141799 ], [ -77.083003924125535, 42.643603867141792 ], [ -77.082988990792217, 42.64361480047512 ], [ -77.082989124125561, 42.643631267141757 ], [ -77.082951924125609, 42.643658800475066 ], [ -77.082951924125609, 42.643675200475002 ], [ -77.082929724125677, 42.643697200475003 ], [ -77.082929590792332, 42.64371366714164 ], [ -77.082914724125715, 42.643724600474968 ], [ -77.082914790792358, 42.643752067141577 ], [ -77.082877590792407, 42.643779467141542 ], [ -77.082877590792407, 42.643796000474822 ], [ -77.082862724125789, 42.643807000474794 ], [ -77.082862790792433, 42.643823400474787 ], [ -77.0828405241258, 42.643839867141423 ], [ -77.0828405241258, 42.643861800474724 ], [ -77.082788524125874, 42.643911200474633 ], [ -77.082788524125874, 42.643933200474635 ], [ -77.082766124125897, 42.643949667141271 ], [ -77.082758724125938, 42.643977200474524 ], [ -77.082736524125949, 42.644004600474489 ], [ -77.082714124126028, 42.64404846714109 ], [ -77.08267699079272, 42.644086867141027 ], [ -77.08267699079272, 42.644097867141056 ], [ -77.082647324126128, 42.644114400474336 ], [ -77.082632524126154, 42.644152667140929 ], [ -77.082587924126187, 42.644213067140868 ], [ -77.082558124126251, 42.644268000474085 ], [ -77.082535924126262, 42.644284467140722 ], [ -77.082535924126262, 42.644306400474022 ], [ -77.082506124126326, 42.644333867140688 ], [ -77.082483924126336, 42.644388667140561 ], [ -77.082446590793097, 42.644421667140534 ], [ -77.08240952412649, 42.644471067140444 ], [ -77.082372324126538, 42.644515000473689 ], [ -77.082342590793246, 42.644542400473654 ], [ -77.08234272412659, 42.644547867140318 ], [ -77.08229059079332, 42.644586267140255 ], [ -77.082193990793485, 42.644641267140173 ], [ -77.08208992412699, 42.644712600473383 ], [ -77.082052790793682, 42.644729067140076 ], [ -77.08197099079382, 42.644822400473231 ], [ -77.081963590793805, 42.644838800473224 ], [ -77.081926524127198, 42.644877267139805 ], [ -77.081918990793895, 42.644893800473142 ], [ -77.081866990793969, 42.644959600473044 ], [ -77.081837324127378, 42.645020000472925 ], [ -77.081829924127362, 42.645031000472898 ], [ -77.081829924127362, 42.645074867139499 ], [ -77.08180019079407, 42.645195600472675 ], [ -77.081785390794096, 42.645206600472648 ], [ -77.081770524127478, 42.645294400472494 ], [ -77.081762990794118, 42.645305267139179 ], [ -77.08178552412744, 42.645590800472064 ], [ -77.081770524127478, 42.645596267138728 ], [ -77.081770590794122, 42.645634600471965 ], [ -77.08174092412753, 42.645651067138601 ], [ -77.081733524127515, 42.645706000471876 ], [ -77.081696324127563, 42.645755400471785 ], [ -77.08164419079435, 42.645799267138386 ], [ -77.081629324127675, 42.645799267138386 ], [ -77.08157739079445, 42.645843267138332 ], [ -77.081495724127876, 42.645909067138234 ], [ -77.081406390794712, 42.645958467138144 ], [ -77.081406390794712, 42.645969467138116 ], [ -77.081175990795032, 42.646123200471209 ], [ -77.081094324128514, 42.646150667137817 ], [ -77.081042190795245, 42.646178067137782 ], [ -77.080975324128701, 42.646178067137782 ], [ -77.080967990795386, 42.646183600471147 ], [ -77.080596124129272, 42.646183667137791 ], [ -77.080559124129366, 42.646216600471064 ], [ -77.080558990796021, 42.646244067137673 ], [ -77.080625990795909, 42.646293400470938 ], [ -77.08066312412916, 42.64630440047091 ], [ -77.080677990795834, 42.64630440047091 ], [ -77.080700390795812, 42.646320800470903 ], [ -77.080752390795737, 42.646364667137505 ], [ -77.080767190795711, 42.646430600470751 ], [ -77.080737590795707, 42.646474467137352 ], [ -77.080559124129366, 42.646639200470418 ], [ -77.080388324129615, 42.646765400470201 ], [ -77.080388324129615, 42.64677640047023 ], [ -77.080373390796296, 42.64677640047023 ], [ -77.080350990796319, 42.646803800470138 ], [ -77.080313924129712, 42.646831200470103 ], [ -77.080209790796573, 42.646886200470021 ], [ -77.080135524130014, 42.646930067136623 ], [ -77.08012072413004, 42.646930067136623 ], [ -77.079949724130302, 42.647067267136435 ], [ -77.079882790797058, 42.647138667136289 ], [ -77.079882790797058, 42.647155200469626 ], [ -77.079860590797068, 42.647171600469619 ], [ -77.079830924130476, 42.647429467135851 ], [ -77.079816124130502, 42.647446000469188 ], [ -77.079778790797207, 42.647522800469062 ], [ -77.079763990797233, 42.647539267135699 ], [ -77.079726790797281, 42.647605200468945 ], [ -77.079704590797348, 42.647621600468881 ], [ -77.079689724130674, 42.647660067135519 ], [ -77.079637724130748, 42.647720400468756 ], [ -77.07957819079752, 42.64779180046861 ], [ -77.07957819079752, 42.647802800468639 ], [ -77.079548524130928, 42.647819200468575 ], [ -77.079540990797568, 42.647857600468512 ], [ -77.079503924130961, 42.647901467135114 ], [ -77.079474190797669, 42.64796740046836 ], [ -77.079459324131051, 42.647978400468332 ], [ -77.079407324131125, 42.648187000467999 ], [ -77.079385124131193, 42.6482308671346 ], [ -77.079370190797874, 42.648241800467929 ], [ -77.079370190797874, 42.64828566713453 ], [ -77.079347990797885, 42.648302200467811 ], [ -77.079318190797949, 42.648521667134162 ], [ -77.079333124131267, 42.648532667134134 ], [ -77.079303524131319, 42.648768667133766 ], [ -77.079310924131278, 42.648779600467094 ], [ -77.079266390798011, 42.649191267133119 ], [ -77.079258990798053, 42.649218667133084 ], [ -77.079206990798127, 42.649328467132932 ], [ -77.079154924131501, 42.649394267132834 ], [ -77.079050924131707, 42.649482200466025 ], [ -77.078969190798489, 42.649520600465962 ], [ -77.078939390798553, 42.649520600465962 ], [ -77.078916990798575, 42.649537000465898 ], [ -77.07886499079865, 42.649542467132562 ], [ -77.078805524132065, 42.649570000465872 ], [ -77.078783324132075, 42.649570000465872 ], [ -77.078641990798985, 42.649641267132438 ], [ -77.078552790799108, 42.649696267132356 ], [ -77.078404190799347, 42.649844467132084 ], [ -77.078352124132778, 42.649904867132022 ], [ -77.078352124132778, 42.649926667131979 ], [ -77.078329924132788, 42.64994326713196 ], [ -77.078300190799496, 42.65001460046517 ], [ -77.078277790799575, 42.650036467131827 ], [ -77.078248124132926, 42.650096867131708 ], [ -77.07822579079965, 42.650151800464982 ], [ -77.078203524133016, 42.650168267131619 ], [ -77.078173924133068, 42.650234067131521 ], [ -77.078114390799783, 42.650316467131404 ], [ -77.078099524133165, 42.650327467131376 ], [ -77.078099524133165, 42.650343867131312 ], [ -77.078062324133214, 42.650382400464594 ], [ -77.077988124133356, 42.650464667131132 ], [ -77.077943390800044, 42.65050846713109 ], [ -77.077861724133527, 42.650596400464281 ], [ -77.077779990800309, 42.650673200464155 ], [ -77.077779924133665, 42.650678667130819 ], [ -77.077445390800847, 42.650942067130416 ], [ -77.077393390800921, 42.650969667130369 ], [ -77.077378590800947, 42.650969667130369 ], [ -77.077207590801208, 42.651079400463516 ], [ -77.077192724134591, 42.651079400463516 ], [ -77.076865724135075, 42.651282467129874 ], [ -77.076806190801847, 42.651331867129784 ], [ -77.076479124135687, 42.65154046712945 ], [ -77.076464190802369, 42.65154046712945 ], [ -77.076278390802656, 42.651655667129319 ], [ -77.076241190802705, 42.6516722671293 ], [ -77.076226324136087, 42.6516722671293 ], [ -77.07618172413612, 42.651710667129237 ], [ -77.076114790802933, 42.651738067129145 ], [ -77.076077724136326, 42.65176546712911 ], [ -77.07601819080304, 42.651847800462349 ], [ -77.076003390803066, 42.651880800462266 ], [ -77.075988524136449, 42.651891800462238 ], [ -77.075988524136449, 42.651919267128903 ], [ -77.075966324136459, 42.651963200462149 ], [ -77.075966190803115, 42.651979600462141 ], [ -77.075936390803179, 42.652001467128741 ], [ -77.075743124136807, 42.651996067128778 ], [ -77.075728390803533, 42.65200706712875 ], [ -77.075691190803582, 42.652007000462106 ], [ -77.07565399080363, 42.652034600462059 ], [ -77.075639124136956, 42.652034600462059 ], [ -77.075616790803679, 42.652034467128715 ], [ -77.075587124137087, 42.652051000461995 ], [ -77.075579724137071, 42.652051000461995 ], [ -77.075512724137184, 42.652094867128596 ], [ -77.075505390803869, 42.652094867128596 ], [ -77.075051790804537, 42.652440667128076 ], [ -77.074940390804727, 42.652539467127951 ], [ -77.074895724138116, 42.652566867127859 ], [ -77.074895724138116, 42.652577867127889 ], [ -77.074858590804865, 42.652610800461161 ], [ -77.074635724138545, 42.652792000460863 ], [ -77.074583590805275, 42.6528304004608 ], [ -77.074576190805317, 42.6528304004608 ], [ -77.074345724138993, 42.652995067127222 ], [ -77.074234190805839, 42.653093800460397 ], [ -77.074048324139426, 42.653231067126853 ], [ -77.074033390806164, 42.653231067126853 ], [ -77.074011190806175, 42.653247467126846 ], [ -77.073944324139632, 42.653275000460098 ], [ -77.073892324139706, 42.653307867126728 ], [ -77.073869924139728, 42.653307867126728 ], [ -77.073795590806526, 42.653346267126665 ], [ -77.073773324139893, 42.653362867126646 ], [ -77.073572524140218, 42.653406800459891 ], [ -77.073431324140415, 42.653434200459856 ], [ -77.073312324140602, 42.653439800459864 ], [ -77.073297524140628, 42.653450600459848 ], [ -77.073074390807619, 42.653428800459892 ], [ -77.073059524141001, 42.65343966712652 ], [ -77.073052190807687, 42.653428800459892 ], [ -77.072888590807906, 42.653428800459892 ], [ -77.072873724141289, 42.65341780045992 ], [ -77.07265059080828, 42.653390400459955 ], [ -77.072628324141647, 42.653390400459955 ], [ -77.072613390808328, 42.653379400459983 ], [ -77.07260599080837, 42.653390400459955 ], [ -77.072353190808769, 42.653368467126654 ], [ -77.072345790808754, 42.653379467126626 ], [ -77.072107924142472, 42.653330067126717 ], [ -77.071921924142771, 42.65329166712678 ], [ -77.071847724142856, 42.653275200460143 ], [ -77.071758390809691, 42.653253267126843 ], [ -77.07172119080974, 42.653242400460158 ], [ -77.071572524143278, 42.653214867126906 ], [ -77.071550190810001, 42.653214867126906 ], [ -77.071535390810027, 42.653209400460241 ], [ -77.071342124143655, 42.653171067126948 ], [ -77.071163590810613, 42.653149067127003 ], [ -77.071029790810826, 42.653127200460347 ], [ -77.071007524144193, 42.653127067127002 ], [ -77.070992590810874, 42.653121600460338 ], [ -77.070895990811039, 42.653110667127066 ], [ -77.070695190811307, 42.653072267127072 ], [ -77.070672924144674, 42.653072267127072 ], [ -77.0706581241447, 42.6530612671271 ], [ -77.070613390811445, 42.653050267127128 ], [ -77.070434990811748, 42.653033867127135 ], [ -77.070427590811732, 42.653022867127163 ], [ -77.070152524145499, 42.652957067127261 ], [ -77.070115324145547, 42.652946067127289 ], [ -77.069929524145834, 42.652902200460687 ], [ -77.069854990812644, 42.652880267127387 ], [ -77.069795590812703, 42.652863867127451 ], [ -77.069631990812979, 42.652841867127449 ], [ -77.069617124146305, 42.652830867127477 ], [ -77.069408924146671, 42.652803467127512 ], [ -77.069371790813364, 42.652803467127512 ], [ -77.069364390813405, 42.65279246712754 ], [ -77.069178524146992, 42.652776067127547 ], [ -77.069074324147152, 42.652754200460947 ], [ -77.06905212414722, 42.652737600460966 ], [ -77.069037190813901, 42.652737600460966 ], [ -77.069014924147268, 42.652715667127666 ], [ -77.06895539081404, 42.652710200461001 ], [ -77.068843790814185, 42.652649867127764 ], [ -77.068806724147578, 42.652633400461127 ], [ -77.068776924147642, 42.652622467127799 ], [ -77.068732324147675, 42.65259500046119 ], [ -77.068643124147854, 42.652567467127881 ], [ -77.068598524147887, 42.65254020046126 ], [ -77.068568790814595, 42.65254020046126 ], [ -77.068546524148019, 42.652523667127923 ], [ -77.0685315908147, 42.652523667127923 ], [ -77.068524190814685, 42.652512667127951 ], [ -77.068472124148116, 42.652501667127979 ], [ -77.068449790814782, 42.652485267127986 ], [ -77.068434924148164, 42.652485267127986 ], [ -77.06842012414819, 42.652474267128014 ], [ -77.068286324148403, 42.652435800461433 ], [ -77.068063190815394, 42.652408400461468 ], [ -77.067966590815558, 42.652386467128167 ], [ -77.067929390815607, 42.652386600461512 ], [ -77.067914524148989, 42.652381067128147 ], [ -77.067802990815835, 42.65234806712823 ], [ -77.067713724149257, 42.652320667128265 ], [ -77.067654324149373, 42.652304267128272 ], [ -77.067631924149396, 42.652293200461656 ], [ -77.067498190816309, 42.652254867128363 ], [ -77.067423790816406, 42.652238400461727 ], [ -77.06737179081648, 42.652210867128417 ], [ -77.067312324149896, 42.652199867128445 ], [ -77.067245324150008, 42.65217246712848 ], [ -77.067185924150124, 42.652161467128508 ], [ -77.067096724150247, 42.652123200461915 ], [ -77.067014924150385, 42.652106667128578 ], [ -77.066962924150459, 42.652079267128613 ], [ -77.06690332415053, 42.652068267128641 ], [ -77.066880990817253, 42.652046400462041 ], [ -77.066851324150605, 42.652046400462041 ], [ -77.066843924150646, 42.652040800462032 ], [ -77.066791790817376, 42.652029867128704 ], [ -77.066769524150743, 42.652013400462067 ], [ -77.066739790817451, 42.652013400462067 ], [ -77.06669512415084, 42.651980467128794 ], [ -77.066620790817637, 42.651964067128802 ], [ -77.066531724151105, 42.651947600462165 ], [ -77.066509324151127, 42.651925667128864 ], [ -77.066479590817892, 42.651925667128864 ], [ -77.066472124151232, 42.651914600462248 ], [ -77.066367990818037, 42.651887200462284 ], [ -77.06633092415143, 42.651887200462284 ], [ -77.066323390818127, 42.651881667128976 ], [ -77.066271324151501, 42.651870800462291 ], [ -77.066048390818537, 42.651810400462409 ], [ -77.065973990818634, 42.651804867129044 ], [ -77.065899590818788, 42.6517828671291 ], [ -77.065854990818821, 42.651755600462479 ], [ -77.065825324152229, 42.651755600462479 ], [ -77.065780724152262, 42.65172806712917 ], [ -77.065728590819049, 42.651717067129198 ], [ -77.065669124152464, 42.651678667129261 ], [ -77.065579924152587, 42.651651267129296 ], [ -77.065408924152848, 42.651623867129331 ], [ -77.065342124152949, 42.651623800462687 ], [ -77.065334590819646, 42.651612867129359 ], [ -77.065319790819672, 42.651623800462687 ], [ -77.065148724153289, 42.651623867129331 ], [ -77.064971790820209, 42.651464467129586 ], [ -77.064643124154031, 42.651168400463405 ], [ -77.064635724154073, 42.651168400463405 ], [ -77.06456139082087, 42.651168400463405 ], [ -77.064546524154196, 42.651179267130033 ], [ -77.064472124154292, 42.651239800463259 ], [ -77.064434990821042, 42.651283600463216 ], [ -77.064382990821116, 42.651322000463153 ], [ -77.064382990821116, 42.651333000463126 ], [ -77.064345724154521, 42.651365867129755 ], [ -77.064234324154711, 42.651437267129609 ], [ -77.064204524154718, 42.65145926712961 ], [ -77.063996324155028, 42.651563467129449 ], [ -77.06396672415508, 42.651563467129449 ], [ -77.063959190821777, 42.651574467129421 ], [ -77.063847724155266, 42.651552600462765 ], [ -77.063795590822053, 42.651525067129512 ], [ -77.063773390822064, 42.651525067129512 ], [ -77.06349832415583, 42.651344000463098 ], [ -77.06349832415583, 42.651333067129826 ], [ -77.06345372415592, 42.651294600463189 ], [ -77.06345372415592, 42.65128366712986 ], [ -77.063416524155969, 42.651250667129943 ], [ -77.063394124155991, 42.651223267129978 ], [ -77.063327324156091, 42.651146467130104 ], [ -77.063304924156114, 42.651130000463468 ], [ -77.063304990822814, 42.651113600463475 ], [ -77.063282590822837, 42.651091467130186 ], [ -77.063223124156252, 42.650992800463655 ], [ -77.06319339082296, 42.650937867130438 ], [ -77.063178590822986, 42.650718400464086 ], [ -77.063185990823001, 42.650707400464114 ], [ -77.063163590823024, 42.650625200464219 ], [ -77.063163724156368, 42.650608667130939 ], [ -77.06314879082305, 42.650597667130967 ], [ -77.063141324156391, 42.650570267131002 ], [ -77.063104124156439, 42.650504400464399 ], [ -77.063126524156417, 42.650449467131182 ], [ -77.063133924156375, 42.650433067131189 ], [ -77.06319339082296, 42.650367200464643 ], [ -77.063215724156294, 42.650306800464705 ], [ -77.063223124156252, 42.650257400464795 ], [ -77.063208324156278, 42.650175067131613 ], [ -77.063185924156301, 42.650158600464977 ], [ -77.063163590823024, 42.650103800465047 ], [ -77.063133924156375, 42.650076267131737 ], [ -77.063096790823124, 42.6500378671318 ], [ -77.063096724156424, 42.650021467131808 ], [ -77.063089324156465, 42.650010467131835 ], [ -77.063074390823147, 42.649994000465199 ], [ -77.063037324156539, 42.649917200465325 ], [ -77.063029790823236, 42.649884267132052 ], [ -77.063000124156588, 42.649862267132107 ], [ -77.062999990823243, 42.649845800465414 ], [ -77.062992590823285, 42.649834867132142 ], [ -77.062977790823311, 42.649818400465506 ], [ -77.062970390823295, 42.649780000465569 ], [ -77.062918324156726, 42.649714067132322 ], [ -77.062903390823408, 42.649681200465693 ], [ -77.062881124156775, 42.649659200465749 ], [ -77.062866190823456, 42.649626267132476 ], [ -77.062843924156823, 42.649604267132474 ], [ -77.062843924156823, 42.649593400465847 ], [ -77.062836524156864, 42.64957686713251 ], [ -77.062769524156977, 42.649505600465943 ], [ -77.062762190823662, 42.649467200466006 ], [ -77.06272499082371, 42.649439667132754 ], [ -77.06272499082371, 42.649423267132761 ], [ -77.062710124157036, 42.649412267132789 ], [ -77.062665524157126, 42.649346467132887 ], [ -77.062650590823807, 42.649308000466249 ], [ -77.062628324157174, 42.649291600466313 ], [ -77.062605990823897, 42.649236667133039 ], [ -77.06256892415729, 42.649170800466493 ], [ -77.062553990823972, 42.649154267133156 ], [ -77.062531724157338, 42.64903360046668 ], [ -77.062531590823994, 42.648951267133498 ], [ -77.062591190823923, 42.648616467133991 ], [ -77.062598524157238, 42.648605600467363 ], [ -77.062665524157126, 42.648292800467857 ], [ -77.062717524157051, 42.648166467134729 ], [ -77.062784390823595, 42.648111600468155 ], [ -77.062784390823595, 42.648095200468163 ], [ -77.06304459082321, 42.647914000468461 ], [ -77.063066990823188, 42.647897600468468 ], [ -77.063081724156461, 42.647897600468468 ], [ -77.063185924156301, 42.647815267135286 ], [ -77.063245324156242, 42.64776586713532 ], [ -77.063245324156242, 42.647760400468655 ], [ -77.063356790822695, 42.647650667135508 ], [ -77.063408924155965, 42.647568267135625 ], [ -77.063408924155965, 42.647513467135752 ], [ -77.063438590822614, 42.647497000469059 ], [ -77.063423790822583, 42.647469600469151 ], [ -77.063438724155901, 42.647458600469122 ], [ -77.063431190822598, 42.647085400469734 ], [ -77.063431190822598, 42.64703046713646 ], [ -77.063468324155849, 42.646854867136767 ], [ -77.063483190822524, 42.646843867136795 ], [ -77.063498124155842, 42.64681646713683 ], [ -77.063520390822475, 42.646772600470229 ], [ -77.063535190822449, 42.646734200470291 ], [ -77.063557524155726, 42.646717667136954 ], [ -77.063557524155726, 42.646706667136982 ], [ -77.063609524155652, 42.646646400470388 ], [ -77.063624524155614, 42.646629867137108 ], [ -77.063683924155555, 42.646575000470534 ], [ -77.063683924155555, 42.646553067137233 ], [ -77.063721124155506, 42.646525600470568 ], [ -77.063728390822121, 42.64652006713726 ], [ -77.063802790822024, 42.646437800470721 ], [ -77.063862390821953, 42.646371867137475 ], [ -77.063892124155188, 42.646355467137539 ], [ -77.063966324155103, 42.646284067137628 ], [ -77.063988590821737, 42.646262200471028 ], [ -77.063988724155081, 42.646256667137663 ], [ -77.064025924155032, 42.646218267137726 ], [ -77.064100190821534, 42.646146867137873 ], [ -77.064114990821508, 42.646146867137873 ], [ -77.064642790820699, 42.645740800471799 ], [ -77.064657724154017, 42.645740800471799 ], [ -77.064679924154007, 42.645713400471834 ], [ -77.064902990820315, 42.645548667138769 ], [ -77.064902990820315, 42.645537667138797 ], [ -77.065230124153118, 42.645285267139172 ], [ -77.065356524152946, 42.645197400472682 ], [ -77.065534790819356, 42.645087667139478 ], [ -77.065594324152585, 42.645071200472842 ], [ -77.065720724152357, 42.64500540047294 ], [ -77.06574299081899, 42.64500540047294 ], [ -77.06579512415226, 42.644977867139687 ], [ -77.065824790818908, 42.644977867139687 ], [ -77.065832190818867, 42.644972467139667 ], [ -77.065921390818744, 42.64495600047303 ], [ -77.065943790818721, 42.644934067139729 ], [ -77.065973390818669, 42.644934067139729 ], [ -77.066055324151876, 42.644890067139784 ], [ -77.066084924151824, 42.644890067139784 ], [ -77.066092390818483, 42.64488466713982 ], [ -77.066196524151621, 42.644862667139819 ], [ -77.066293124151514, 42.644813267139909 ], [ -77.066330324151409, 42.644785800473301 ], [ -77.066382324151334, 42.644736400473391 ], [ -77.066382324151334, 42.644720000473399 ], [ -77.066456590817893, 42.644621200473523 ], [ -77.066575524151062, 42.644522400473704 ], [ -77.066634990817647, 42.644484000473767 ], [ -77.066657324150924, 42.644484000473767 ], [ -77.066746524150801, 42.644440067140522 ], [ -77.066776324150737, 42.644440067140522 ], [ -77.066798524150727, 42.644423600473829 ], [ -77.066813390817344, 42.644423600473829 ], [ -77.066857990817255, 42.644396200473921 ], [ -77.066887790817248, 42.644396200473921 ], [ -77.066910124150525, 42.644374200473919 ], [ -77.066969590817109, 42.644357800473983 ], [ -77.067058790816986, 42.644313800474038 ], [ -77.067081124150263, 42.644313867140681 ], [ -77.067162790816781, 42.644280867140765 ], [ -77.067244590816699, 42.644231467140798 ], [ -77.067274390816635, 42.644231467140798 ], [ -77.067333790816519, 42.644187600474197 ], [ -77.067348724149838, 42.644187600474197 ], [ -77.067534524149551, 42.64407786714105 ], [ -77.067534524149551, 42.644072400474386 ], [ -77.068002790815513, 42.643754000474871 ], [ -77.068151390815274, 42.643627800475087 ], [ -77.068374390814938, 42.643463067142022 ], [ -77.068515724148028, 42.643375267142176 ], [ -77.068612324147864, 42.643320400475545 ], [ -77.068641990814513, 42.643303867142265 ], [ -77.068649524147816, 42.643304000475609 ], [ -77.068790724147618, 42.643221600475727 ], [ -77.068812990814251, 42.643221600475727 ], [ -77.068916990814103, 42.643166800475797 ], [ -77.069065790813852, 42.643057000476006 ], [ -77.069065724147208, 42.643051467142641 ], [ -77.069125124147092, 42.642996600476067 ], [ -77.069125190813736, 42.642980067142787 ], [ -77.069206990813655, 42.642897867142892 ], [ -77.069214390813613, 42.642848467142983 ], [ -77.069244124146906, 42.642832000476346 ], [ -77.069244124146906, 42.642815467143009 ], [ -77.06925899081358, 42.6427660671431 ], [ -77.069281324146857, 42.642722200476499 ], [ -77.069281190813513, 42.642678267143253 ], [ -77.069296124146831, 42.642667267143224 ], [ -77.069281190813513, 42.642656267143252 ], [ -77.069296124146831, 42.642574000476714 ], [ -77.069295990813487, 42.642486200476867 ], [ -77.069288590813528, 42.642420400476965 ], [ -77.069251524146921, 42.642392867143656 ], [ -77.069251390813577, 42.64237646714372 ], [ -77.069221790813629, 42.642354467143718 ], [ -77.069214324146969, 42.642321600477146 ], [ -77.069191990813636, 42.642299600477145 ], [ -77.069162324147044, 42.6422556671439 ], [ -77.069154790813741, 42.642233800477243 ], [ -77.069139924147066, 42.642118467144087 ], [ -77.069132524147108, 42.642107600477459 ], [ -77.069102724147115, 42.641986800477639 ], [ -77.069117724147077, 42.641981267144331 ], [ -77.069110190813774, 42.641970400477646 ], [ -77.069117590813789, 42.641942867144394 ], [ -77.069117590813789, 42.641899000477792 ], [ -77.069132524147108, 42.64188800047782 ], [ -77.069162190813699, 42.641805667144581 ], [ -77.069184524146976, 42.641789267144588 ], [ -77.06920679081361, 42.64171240047807 ], [ -77.069236524146902, 42.641695867144733 ], [ -77.069236524146902, 42.641685000478105 ], [ -77.069325724146779, 42.641608200478231 ], [ -77.069459524146566, 42.641503867145047 ], [ -77.069511524146492, 42.641443467145166 ], [ -77.06952639081311, 42.641443467145166 ], [ -77.069563590813061, 42.641399600478564 ], [ -77.069615590812987, 42.641333667145318 ], [ -77.069622924146302, 42.641306267145353 ], [ -77.069652790812938, 42.641289800478717 ], [ -77.069652724146295, 42.641262400478752 ], [ -77.069660190812954, 42.641251400478779 ], [ -77.069674990812928, 42.641235000478787 ], [ -77.069704790812864, 42.641169000478897 ], [ -77.069726990812853, 42.641152600478961 ], [ -77.069727124146141, 42.641136067145624 ], [ -77.069741924146115, 42.641086800479059 ], [ -77.069764190812748, 42.641070267145722 ], [ -77.069764190812748, 42.641059267145749 ], [ -77.069779124146066, 42.641015400479148 ], [ -77.069801324146056, 42.640999000479155 ], [ -77.069801324146056, 42.640977000479211 ], [ -77.069845924145966, 42.6409056004793 ], [ -77.069845990812667, 42.640878200479335 ], [ -77.069853324145981, 42.640867200479363 ], [ -77.069868324145943, 42.640850667146083 ], [ -77.069897990812535, 42.640768400479544 ], [ -77.069920190812525, 42.640752000479551 ], [ -77.069920324145869, 42.640724467146242 ], [ -77.069957390812476, 42.640686067146305 ], [ -77.069957390812476, 42.640669600479669 ], [ -77.069994524145727, 42.640631200479731 ], [ -77.070009390812402, 42.640587267146486 ], [ -77.070031724145679, 42.640570867146494 ], [ -77.070031724145679, 42.640559867146521 ], [ -77.070083724145604, 42.640477600479983 ], [ -77.070083790812248, 42.640461067146703 ], [ -77.070120924145556, 42.640422667146709 ], [ -77.070120924145556, 42.640406267146773 ], [ -77.070157990812163, 42.640367867146836 ], [ -77.070158124145507, 42.64034040048017 ], [ -77.070202590812073, 42.640307400480253 ], [ -77.070202590812073, 42.640285467146953 ], [ -77.070239790812025, 42.640241600480351 ], [ -77.070299324145253, 42.640170200480441 ], [ -77.070351324145179, 42.640131800480503 ], [ -77.070351324145179, 42.640120867147175 ], [ -77.070410790811763, 42.64006040048065 ], [ -77.070462790811689, 42.640022000480712 ], [ -77.070462790811689, 42.640016467147348 ], [ -77.070574190811499, 42.639923200480837 ], [ -77.070574190811499, 42.639912267147508 ], [ -77.070789790811148, 42.639742067147779 ], [ -77.070789790811148, 42.639731200481151 ], [ -77.070826924144455, 42.639698200481178 ], [ -77.071072190810753, 42.63946766714821 ], [ -77.07109452414403, 42.639451200481574 ], [ -77.071094590810731, 42.63944580048161 ], [ -77.071243190810492, 42.639297600481825 ], [ -77.071354724143646, 42.639209800481922 ], [ -77.071354724143646, 42.63919880048195 ], [ -77.07164452414321, 42.63897380048229 ], [ -77.07180059080963, 42.638864000482499 ], [ -77.071807990809589, 42.638863867149155 ], [ -77.071837724142881, 42.638853000482527 ], [ -77.071882390809492, 42.638825600482562 ], [ -77.072343190808738, 42.638814467149246 ], [ -77.07237292414203, 42.638798067149253 ], [ -77.072469524141923, 42.638798000482609 ], [ -77.072491790808556, 42.638776067149308 ], [ -77.072528990808451, 42.638776067149308 ], [ -77.072566190808402, 42.638770600482644 ], [ -77.072655324141635, 42.638726667149342 ], [ -77.072707390808205, 42.638688267149405 ], [ -77.072707390808205, 42.638660800482796 ], [ -77.072722324141523, 42.638649800482824 ], [ -77.072722190808179, 42.638644267149516 ], [ -77.072744590808156, 42.638622400482859 ], [ -77.072744524141456, 42.63859486714955 ], [ -77.07275939080813, 42.638567600482929 ], [ -77.072744524141456, 42.638562067149621 ], [ -77.072774324141449, 42.638507067149703 ], [ -77.07275939080813, 42.638496067149731 ], [ -77.072751990808115, 42.63834260048327 ], [ -77.07271472414152, 42.638315000483317 ], [ -77.072714790808163, 42.63827666715008 ], [ -77.072684990808227, 42.638260200483444 ], [ -77.07266259080825, 42.63820526715017 ], [ -77.072640324141616, 42.638139400483624 ], [ -77.072640390808317, 42.638123067150332 ], [ -77.072625524141642, 42.638112067150303 ], [ -77.07261799080834, 42.638084600483694 ], [ -77.072595724141706, 42.637705867150942 ], [ -77.072595724141706, 42.637607067151123 ], [ -77.07261052414168, 42.637524800484584 ], [ -77.072625390808298, 42.637513867151256 ], [ -77.072677390808224, 42.637404067151408 ], [ -77.072692324141542, 42.637371200484779 ], [ -77.072729524141494, 42.637327267151534 ], [ -77.072736924141509, 42.637305267151589 ], [ -77.072840990808004, 42.637217467151686 ], [ -77.072974724141091, 42.637146200485176 ], [ -77.073041590807691, 42.637124067151831 ], [ -77.073227390807403, 42.637107667151895 ], [ -77.073279524140617, 42.637074800485266 ], [ -77.073279524140617, 42.637052800485321 ], [ -77.073301724140606, 42.637036267151984 ], [ -77.073301724140606, 42.637008867152019 ], [ -77.073338790807213, 42.636937600485453 ], [ -77.073346324140516, 42.636750867152443 ], [ -77.073338790807213, 42.636322867153069 ], [ -77.073360990807203, 42.63622406715325 ], [ -77.07342792414039, 42.636180200486649 ], [ -77.073598924140128, 42.636086867153438 ], [ -77.073628590806777, 42.636086867153438 ], [ -77.073687990806661, 42.636054000486865 ], [ -77.073717790806654, 42.636054000486865 ], [ -77.07381439080649, 42.635999067153591 ], [ -77.073851590806441, 42.635988000486975 ], [ -77.074126524139331, 42.635774067153932 ], [ -77.074126524139331, 42.63576306715396 ], [ -77.074237990805841, 42.635669667154104 ], [ -77.074237990805841, 42.63566420048744 ], [ -77.074356924138954, 42.635554467154293 ], [ -77.074431190805512, 42.635472200487754 ], [ -77.07446832413882, 42.635428267154509 ], [ -77.074505524138715, 42.635384400487908 ], [ -77.074542724138666, 42.635345867154626 ], [ -77.074542590805379, 42.635329467154634 ], [ -77.07455752413864, 42.635318467154661 ], [ -77.074579790805274, 42.635252600488116 ], [ -77.074609524138566, 42.635236200488123 ], [ -77.074609590805267, 42.635208667154814 ], [ -77.074624390805241, 42.635197667154841 ], [ -77.074631790805199, 42.635170267154876 ], [ -77.074668990805151, 42.635098867155023 ], [ -77.074698724138443, 42.635044067155093 ], [ -77.074735924138395, 42.634972667155182 ], [ -77.074758124138327, 42.634928800488581 ], [ -77.074787790804976, 42.634879400488671 ], [ -77.074802724138294, 42.634863000488679 ], [ -77.074824924138227, 42.634808067155461 ], [ -77.074862190804879, 42.634736667155551 ], [ -77.074876990804853, 42.63471480048895 ], [ -77.074891790804827, 42.634659867155676 ], [ -77.074914124138104, 42.63464340048904 ], [ -77.07494392413804, 42.634577600489138 ], [ -77.074966124138029, 42.634517200489256 ], [ -77.074988390804663, 42.634473267155954 ], [ -77.074995790804621, 42.634445867155989 ], [ -77.075003324137981, 42.634434867156017 ], [ -77.075018124137955, 42.63439646715608 ], [ -77.075047790804547, 42.634281200489625 ], [ -77.075070190804524, 42.634231800489658 ], [ -77.075077524137839, 42.633897067156852 ], [ -77.075062590804521, 42.63388606715688 ], [ -77.075032790804585, 42.633562267157401 ], [ -77.075040324137888, 42.633556800490737 ], [ -77.075032790804585, 42.633529400490772 ], [ -77.0750401908046, 42.6335184004908 ], [ -77.075062524137877, 42.633337267157742 ], [ -77.075069990804536, 42.63332626715777 ], [ -77.075099724137829, 42.633211067157902 ], [ -77.075121990804462, 42.633189067157957 ], [ -77.075151724137754, 42.633062800491473 ], [ -77.075158990804368, 42.633051867158201 ], [ -77.075188790804361, 42.632953067158326 ], [ -77.075188724137661, 42.632870800491787 ], [ -77.075181324137702, 42.632859867158459 ], [ -77.075166390804384, 42.632826867158542 ], [ -77.075144124137751, 42.632805000491885 ], [ -77.075144190804394, 42.632788467158605 ], [ -77.0751069908045, 42.63276106715864 ], [ -77.075129190804432, 42.632695200492037 ], [ -77.075158924137725, 42.632612867158855 ], [ -77.075181324137702, 42.632596400492218 ], [ -77.075248124137602, 42.632448200492433 ], [ -77.075285324137553, 42.632360400492587 ], [ -77.07532239080416, 42.632267067159376 ], [ -77.075337324137422, 42.632239600492767 ], [ -77.075352124137453, 42.632168267159557 ], [ -77.075359524137411, 42.632157400492872 ], [ -77.075374390804086, 42.632124400492955 ], [ -77.07538919080406, 42.632031067159744 ], [ -77.075404124137322, 42.632020067159772 ], [ -77.075426390803955, 42.631893867159988 ], [ -77.075441324137273, 42.631882867160016 ], [ -77.075493190803854, 42.631630467160392 ], [ -77.07550059080387, 42.631471267160634 ], [ -77.075493124137211, 42.631153000494464 ], [ -77.075544990803792, 42.630752400495055 ], [ -77.075582124137043, 42.630587800495334 ], [ -77.075582190803743, 42.630549267162053 ], [ -77.075597124137062, 42.630538400495425 ], [ -77.07562672413701, 42.630264000495856 ], [ -77.07562672413701, 42.6301486671627 ], [ -77.075641524136984, 42.630137667162671 ], [ -77.075626590803665, 42.630110267162763 ], [ -77.075633990803681, 42.629929200496349 ], [ -77.075648924136942, 42.629918200496377 ], [ -77.075634124136968, 42.629890800496412 ], [ -77.075633990803681, 42.629682267163389 ], [ -77.075604324137032, 42.629512200497004 ], [ -77.075611724137048, 42.629506600496995 ], [ -77.075604324137032, 42.62947920049703 ], [ -77.075604190803688, 42.629396867163848 ], [ -77.07558932413707, 42.629385867163876 ], [ -77.075566990803736, 42.629248667164063 ], [ -77.075544724137103, 42.629232267164127 ], [ -77.075544724137103, 42.629210267164126 ], [ -77.075529790803841, 42.629128000497587 ], [ -77.075507524137208, 42.629111600497652 ], [ -77.075507524137208, 42.629067600497706 ], [ -77.075500124137193, 42.629056667164377 ], [ -77.075470324137257, 42.628985267164467 ], [ -77.075447990803923, 42.628925000497929 ], [ -77.075403390804013, 42.628826200498054 ], [ -77.075366190804061, 42.628760267164864 ], [ -77.075329124137454, 42.628689000498298 ], [ -77.075269590804226, 42.628557267165149 ], [ -77.075210124137641, 42.628403667165401 ], [ -77.075209990804296, 42.628387200498764 ], [ -77.075195190804322, 42.628376200498792 ], [ -77.075172924137689, 42.628310267165546 ], [ -77.075150724137757, 42.628266400498944 ], [ -77.075076324137854, 42.628079800499222 ], [ -77.075076190804509, 42.628063400499229 ], [ -77.075068790804551, 42.628052400499257 ], [ -77.075031724137943, 42.627970067166075 ], [ -77.07497952413803, 42.627854800499563 ], [ -77.074957190804696, 42.627723067166471 ], [ -77.074964590804711, 42.62757500050003 ], [ -77.074986990804689, 42.627465200500183 ], [ -77.075016724137924, 42.627393867166973 ], [ -77.075016590804637, 42.627377400500336 ], [ -77.075023990804596, 42.627366400500307 ], [ -77.07506872413785, 42.627267600500488 ], [ -77.075105790804457, 42.627174400500621 ], [ -77.075180124137717, 42.627009667167556 ], [ -77.075209790804308, 42.626949267167674 ], [ -77.075217190804324, 42.626921867167709 ], [ -77.075261790804234, 42.626812067167862 ], [ -77.075261790804234, 42.626773667167924 ], [ -77.075269190804249, 42.62676820050126 ], [ -77.07526172413759, 42.626757200501288 ], [ -77.075261790804234, 42.626729800501323 ], [ -77.075283990804223, 42.626713267167986 ], [ -77.07526172413759, 42.626691400501386 ], [ -77.075239390804256, 42.626526667168321 ], [ -77.075224524137639, 42.626515800501636 ], [ -77.075179990804372, 42.626345600501907 ], [ -77.075142724137777, 42.626241400502067 ], [ -77.075105590804469, 42.62613166716892 ], [ -77.075105590804469, 42.626115200502284 ], [ -77.075098190804511, 42.626104200502311 ], [ -77.075046124137884, 42.625978000502471 ], [ -77.075016324137948, 42.625818800502714 ], [ -77.075016324137948, 42.625802267169433 ], [ -77.075001524137974, 42.625791400502806 ], [ -77.074986590804656, 42.625764000502841 ], [ -77.074979190804697, 42.625593800503111 ], [ -77.074964324138023, 42.625582800503082 ], [ -77.074971590804694, 42.625226200503675 ], [ -77.074990324138014, 42.625092400503888 ], [ -77.074993790804626, 42.625064867170579 ], [ -77.074991190804667, 42.624759467171032 ], [ -77.0750133908046, 42.624397400504961 ], [ -77.075035590804589, 42.624079000505446 ], [ -77.075050524137907, 42.624073600505426 ], [ -77.075072790804541, 42.624007667172236 ], [ -77.075087590804515, 42.623980267172271 ], [ -77.075124724137765, 42.623908867172361 ], [ -77.075169390804376, 42.623832067172486 ], [ -77.075191590804366, 42.623788200505885 ], [ -77.075206524137627, 42.623716800505974 ], [ -77.075221324137658, 42.623705800506002 ], [ -77.07525099080425, 42.623590600506191 ], [ -77.07525099080425, 42.623541200506281 ], [ -77.075258390804265, 42.623535667172973 ], [ -77.075243524137591, 42.623288667173313 ], [ -77.075243524137591, 42.62323386717344 ], [ -77.075236124137632, 42.623223000506755 ], [ -77.075206324137639, 42.623168000506837 ], [ -77.075221124137613, 42.623096667173627 ], [ -77.075213724137654, 42.623085800506999 ], [ -77.075191390804321, 42.623019867173753 ], [ -77.075176524137703, 42.622992400507144 ], [ -77.075131790804448, 42.622816800507394 ], [ -77.075109590804459, 42.622800400507401 ], [ -77.075094724137841, 42.622734600507499 ], [ -77.075072390804507, 42.622718000507575 ], [ -77.075072390804507, 42.622701467174238 ], [ -77.075064990804549, 42.62269060050761 ], [ -77.075050124137874, 42.62263580050768 ], [ -77.075027790804597, 42.622613667174392 ], [ -77.07501292413798, 42.622558867174462 ], [ -77.07499072413799, 42.622542467174469 ], [ -77.074983190804687, 42.622504067174532 ], [ -77.074953524138039, 42.622487600507895 ], [ -77.074953390804694, 42.622471067174615 ], [ -77.074886524138151, 42.62235040050814 ], [ -77.074522324138741, 42.621933400508794 ], [ -77.074462790805455, 42.621851067175555 ], [ -77.074455390805497, 42.621812667175618 ], [ -77.074418190805545, 42.621768800509017 ], [ -77.074403390805571, 42.621730267175735 ], [ -77.074373590805635, 42.62168100050917 ], [ -77.07435872413896, 42.621648000509197 ], [ -77.07432159080571, 42.621598600509287 ], [ -77.07431412413905, 42.621565667176014 ], [ -77.074262124139125, 42.621499800509412 ], [ -77.07421739080587, 42.621252867176509 ], [ -77.074232190805844, 42.62092366717701 ], [ -77.074180124139218, 42.620583400510839 ], [ -77.074165190805957, 42.620572400510866 ], [ -77.074083524139382, 42.620314467177934 ], [ -77.07406852413942, 42.620122400511605 ], [ -77.074053590806102, 42.620117000511584 ], [ -77.074075790806091, 42.619831600512043 ], [ -77.074075790806091, 42.61974920051216 ], [ -77.074060924139417, 42.619540667179137 ], [ -77.074046124139443, 42.619529667179165 ], [ -77.074023790806166, 42.61940900051269 ], [ -77.074008790806204, 42.619403467179382 ], [ -77.073979124139555, 42.619255400512941 ], [ -77.073979124139555, 42.619227867179632 ], [ -77.073964190806237, 42.619216867179659 ], [ -77.073956724139578, 42.619145600513093 ], [ -77.073941924139604, 42.619134600513121 ], [ -77.073934524139645, 42.619118067179784 ], [ -77.073919524139626, 42.619024800513273 ], [ -77.073912124139667, 42.619013867179945 ], [ -77.07388979080639, 42.618915067180126 ], [ -77.073874924139716, 42.618904067180154 ], [ -77.073845190806423, 42.618750400513704 ], [ -77.073830324139806, 42.618739467180376 ], [ -77.073822990806491, 42.618701067180439 ], [ -77.07377832413988, 42.618465067180807 ], [ -77.073778190806536, 42.618448600514171 ], [ -77.073748524139944, 42.618262000514449 ], [ -77.073748524139944, 42.618146800514637 ], [ -77.073733590806626, 42.618135867181309 ], [ -77.073763124139873, 42.617685800515346 ], [ -77.073770590806532, 42.61749380051566 ], [ -77.07371099080666, 42.617290667182658 ], [ -77.073592124140134, 42.617098600516272 ], [ -77.073599390806805, 42.616824267183347 ], [ -77.073614324140124, 42.616741867183464 ], [ -77.073629190806741, 42.6167364671835 ], [ -77.073643990806772, 42.61649486718386 ], [ -77.073658790806746, 42.616489400517196 ], [ -77.073673724140008, 42.616451067183959 ], [ -77.073688590806682, 42.616379667184049 ], [ -77.073695990806641, 42.616368667184076 ], [ -77.073710790806615, 42.61629740051751 ], [ -77.073725724139933, 42.616286400517538 ], [ -77.073777724139859, 42.616143667184417 ], [ -77.073822190806482, 42.616050400517906 ], [ -77.073859390806433, 42.615957067184695 ], [ -77.073889124139725, 42.615907667184786 ], [ -77.073940990806307, 42.615803400518303 ], [ -77.073992990806175, 42.615704600518427 ], [ -77.074030124139483, 42.615671667185154 ], [ -77.074030124139483, 42.61564966718521 ], [ -77.074067324139435, 42.615605800518608 ], [ -77.074104390806042, 42.615567400518671 ], [ -77.074104390806042, 42.615551000518678 ], [ -77.074156390805967, 42.615518000518705 ], [ -77.074156390805967, 42.615507067185433 ], [ -77.07427532413908, 42.615397267185585 ], [ -77.074297590805713, 42.615380800518949 ], [ -77.074297590805713, 42.61536986718562 ], [ -77.074535190805364, 42.615183200519255 ], [ -77.074535190805364, 42.615172200519282 ], [ -77.074550190805326, 42.615155667185945 ], [ -77.0745649908053, 42.615155667185945 ], [ -77.074602190805251, 42.615139267185953 ], [ -77.074839924138246, 42.614969067186223 ], [ -77.075248390804234, 42.614700067186675 ], [ -77.075471324137254, 42.614535467186897 ], [ -77.075486190803872, 42.614535467186897 ], [ -77.076043324136378, 42.614167667187473 ], [ -77.076043324136378, 42.614162200520809 ], [ -77.076154790802832, 42.614079867187627 ], [ -77.076154790802832, 42.614068867187655 ], [ -77.076191790802795, 42.614036000521025 ], [ -77.07623652413605, 42.613970067187779 ], [ -77.076273590802657, 42.613909667187897 ], [ -77.076310724135965, 42.613843867187995 ], [ -77.076347790802572, 42.613783467188057 ], [ -77.076392390802482, 42.613717600521511 ], [ -77.076429524135733, 42.613651667188265 ], [ -77.076444390802408, 42.613635267188329 ], [ -77.076459190802382, 42.6136024005217 ], [ -77.076496324135633, 42.61355300052179 ], [ -77.076503790802292, 42.613520000521817 ], [ -77.076548324135558, 42.613470667188551 ], [ -77.076555790802217, 42.613437667188634 ], [ -77.076607790802143, 42.613371867188732 ], [ -77.076622724135461, 42.613300467188822 ], [ -77.076637524135435, 42.613289600522194 ], [ -77.076652324135409, 42.613201667189003 ], [ -77.076637390802091, 42.613190800522318 ], [ -77.076607590802155, 42.612954667189342 ], [ -77.076585324135522, 42.612932800522742 ], [ -77.076585390802165, 42.612916267189405 ], [ -77.076570524135548, 42.612905400522777 ], [ -77.076562990802188, 42.612866867189496 ], [ -77.076540790802255, 42.61285046718956 ], [ -77.076540724135555, 42.612823000522894 ], [ -77.076525790802293, 42.612812067189566 ], [ -77.076503590802304, 42.612751800523029 ], [ -77.07650352413566, 42.612702267189775 ], [ -77.076518524135622, 42.612696800523111 ], [ -77.076496190802345, 42.61267486718981 ], [ -77.076496124135645, 42.612669400523146 ], [ -77.076481190802326, 42.612603600523244 ], [ -77.076496124135645, 42.612537667189997 ], [ -77.076488590802342, 42.612532200523333 ], [ -77.076496124135645, 42.612504800523425 ], [ -77.076473790802368, 42.612482800523424 ], [ -77.076451524135734, 42.612439000523523 ], [ -77.07645139080239, 42.612422467190186 ], [ -77.076399390802464, 42.612384067190249 ], [ -77.076317790802591, 42.612351200523619 ], [ -77.076243390802688, 42.612334667190339 ], [ -77.076221124136055, 42.612323667190367 ], [ -77.076094790802927, 42.612312800523682 ], [ -77.076072524136293, 42.612296267190402 ], [ -77.076057590802975, 42.612296267190402 ], [ -77.076042790803001, 42.61230180052371 ], [ -77.076035390803042, 42.612296267190402 ], [ -77.07589419080324, 42.612257867190465 ], [ -77.075864390803304, 42.612236000523808 ], [ -77.075834724136655, 42.612236000523808 ], [ -77.075812390803378, 42.612219467190528 ], [ -77.075790124136745, 42.612219467190528 ], [ -77.075685990803549, 42.612170200523906 ], [ -77.075619190803707, 42.612126267190661 ], [ -77.075515190803856, 42.612065867190722 ], [ -77.075485524137207, 42.612038467190814 ], [ -77.075485390803863, 42.61203300052415 ], [ -77.075411124137361, 42.611956200524276 ], [ -77.075411124137361, 42.611939667190939 ], [ -77.075373990804053, 42.611912267190974 ], [ -77.075373990804053, 42.611884800524365 ], [ -77.075336790804101, 42.611835400524456 ], [ -77.075314524137468, 42.611819000524463 ], [ -77.075292190804191, 42.611764067191245 ], [ -77.075277324137517, 42.611742200524588 ], [ -77.075269924137558, 42.611709200524615 ], [ -77.075232724137607, 42.611643400524713 ], [ -77.075232790804307, 42.611626867191433 ], [ -77.07521039080433, 42.611605000524776 ], [ -77.07521039080433, 42.611588467191496 ], [ -77.075195524137655, 42.611577467191523 ], [ -77.075188124137696, 42.611544600524894 ], [ -77.075158524137748, 42.61152260052495 ], [ -77.075158390804404, 42.611495200524985 ], [ -77.075091524137804, 42.611423867191718 ], [ -77.075091524137804, 42.611401867191773 ], [ -77.075069190804527, 42.611385467191781 ], [ -77.075069190804527, 42.611374467191808 ], [ -77.075017124137958, 42.611319600525235 ], [ -77.075009724137942, 42.611281200525298 ], [ -77.074980124137994, 42.611264667192017 ], [ -77.07497999080465, 42.611248200525324 ], [ -77.074957724138017, 42.61122626719208 ], [ -77.07493539080474, 42.611198867192115 ], [ -77.07493539080474, 42.611182400525479 ], [ -77.074898324138132, 42.611155000525514 ], [ -77.074898324138132, 42.611144000525542 ], [ -77.074861124138181, 42.611105600525548 ], [ -77.074861124138181, 42.611089067192268 ], [ -77.074838790804904, 42.611072667192275 ], [ -77.074816524138271, 42.61104526719231 ], [ -77.074801724138297, 42.611006800525729 ], [ -77.074764390805001, 42.610979400525764 ], [ -77.074764390805001, 42.610968400525792 ], [ -77.074734724138409, 42.610930000525855 ], [ -77.074697590805101, 42.610897067192582 ], [ -77.074697590805101, 42.61087506719258 ], [ -77.07466792413851, 42.610858667192645 ], [ -77.074675324138468, 42.610842200526008 ], [ -77.074645524138532, 42.610820267192707 ], [ -77.074645590805176, 42.610803800526014 ], [ -77.07460832413858, 42.610776400526106 ], [ -77.07461579080524, 42.610754400526105 ], [ -77.074541524138681, 42.610694067192867 ], [ -77.074541524138681, 42.610672067192922 ], [ -77.074504324138729, 42.610628200526321 ], [ -77.074489524138755, 42.610589800526384 ], [ -77.074459724138819, 42.610562400526419 ], [ -77.074459724138819, 42.610545867193082 ], [ -77.074429990805527, 42.610523867193137 ], [ -77.074429924138883, 42.610507467193145 ], [ -77.074400324138878, 42.610469067193208 ], [ -77.074385390805617, 42.610436067193291 ], [ -77.074348324139009, 42.610397667193354 ], [ -77.074348324139009, 42.610375800526697 ], [ -77.074310990805714, 42.610348400526732 ], [ -77.074303590805698, 42.610315400526815 ], [ -77.074266524139091, 42.61028800052685 ], [ -77.074244190805814, 42.610227600526912 ], [ -77.074206990805862, 42.610194667193639 ], [ -77.074206990805862, 42.610167267193674 ], [ -77.074169924139255, 42.610139867193766 ], [ -77.074132724139304, 42.610074000527163 ], [ -77.074110524139371, 42.610046600527198 ], [ -77.074028590806165, 42.609953200527343 ], [ -77.074013790806191, 42.609914867194107 ], [ -77.073976724139584, 42.609887467194142 ], [ -77.07397659080624, 42.609871000527505 ], [ -77.073909724139639, 42.609805067194259 ], [ -77.073879990806404, 42.609788600527622 ], [ -77.073879924139703, 42.609761200527657 ], [ -77.073835390806437, 42.609711800527748 ], [ -77.073820590806463, 42.609673400527811 ], [ -77.073798190806485, 42.609657000527818 ], [ -77.07379832413983, 42.609640467194538 ], [ -77.073790790806527, 42.609629467194509 ], [ -77.073775924139852, 42.609613067194573 ], [ -77.07375372413992, 42.609519800528062 ], [ -77.073731390806586, 42.609497800528061 ], [ -77.073731324139942, 42.609300267195067 ], [ -77.073746124139916, 42.609289267195038 ], [ -77.073775790806565, 42.609228867195156 ], [ -77.073775790806565, 42.6092070005285 ], [ -77.073798124139842, 42.609190400528519 ], [ -77.073798190806485, 42.609152067195282 ], [ -77.073812990806459, 42.609146600528618 ], [ -77.073812990806459, 42.609135600528646 ], [ -77.073849990806423, 42.609069667195399 ], [ -77.073850124139767, 42.609053267195407 ], [ -77.073879790806359, 42.60903680052877 ], [ -77.073909590806352, 42.608938000528951 ], [ -77.073946590806258, 42.608872067195705 ], [ -77.073946590806258, 42.608833800529112 ], [ -77.073961524139577, 42.608828267195747 ], [ -77.07398379080621, 42.608734867195892 ], [ -77.074013390806158, 42.608718467195956 ], [ -77.074013390806158, 42.608647067196046 ], [ -77.074028324139476, 42.608636067196073 ], [ -77.074176724139249, 42.608235467196721 ], [ -77.074198990805883, 42.608153200530182 ], [ -77.074228790805819, 42.60810926719688 ], [ -77.074228724139175, 42.608059867196971 ], [ -77.074243590805793, 42.608054400530307 ], [ -77.074265790805782, 42.607999467197089 ], [ -77.074258390805767, 42.607988600530405 ], [ -77.074258390805767, 42.607977600530432 ], [ -77.074280724139101, 42.607955600530488 ], [ -77.074310524139037, 42.607889667197242 ], [ -77.074310390805692, 42.607873267197249 ], [ -77.074332724139026, 42.607823867197339 ], [ -77.074332724139026, 42.607769000530766 ], [ -77.074347524139, 42.607763467197401 ], [ -77.074377190805592, 42.607708667197528 ], [ -77.074525724138709, 42.607308000531475 ], [ -77.074562790805317, 42.607269600531538 ], [ -77.074562924138661, 42.607242200531573 ], [ -77.07457032413862, 42.607236600531564 ], [ -77.074599990805268, 42.607187267198299 ], [ -77.074614790805242, 42.607154267198382 ], [ -77.074637124138519, 42.607137867198389 ], [ -77.074666790805168, 42.60708846719848 ], [ -77.074674324138471, 42.607072000531844 ], [ -77.074718790805093, 42.607000600531933 ], [ -77.074718790805093, 42.606978667198632 ], [ -77.07474112413837, 42.606962200531996 ], [ -77.074770790805019, 42.606901867198758 ], [ -77.074793124138296, 42.606880000532158 ], [ -77.074792990804951, 42.606863467198821 ], [ -77.07480792413827, 42.606852467198848 ], [ -77.074807990804914, 42.606847000532184 ], [ -77.074844990804877, 42.606781067198938 ], [ -77.074844990804877, 42.606753667198973 ], [ -77.074874790804813, 42.606737200532336 ], [ -77.074874724138169, 42.606709800532371 ], [ -77.074889590804787, 42.606698800532399 ], [ -77.074889524138143, 42.606671400532434 ], [ -77.074926724138095, 42.606638400532518 ], [ -77.074926724138095, 42.60660000053258 ], [ -77.074948990804728, 42.606583600532588 ], [ -77.074956390804687, 42.60652866719937 ], [ -77.074993524137994, 42.606490267199376 ], [ -77.074993524137994, 42.606446267199487 ], [ -77.075015924137972, 42.606429867199495 ], [ -77.075015790804628, 42.606391400532914 ], [ -77.075030724137946, 42.606380467199585 ], [ -77.075045590804564, 42.606347600532956 ], [ -77.075060324137894, 42.606325600533012 ], [ -77.075082590804527, 42.606243267199773 ], [ -77.075112390804463, 42.606226800533136 ], [ -77.075112390804463, 42.606182867199891 ], [ -77.075134590804453, 42.60616086719989 ], [ -77.075134590804453, 42.606128000533317 ], [ -77.075164324137745, 42.606111600533325 ], [ -77.075164324137745, 42.606056600533407 ], [ -77.075179124137719, 42.606045600533434 ], [ -77.075260790804236, 42.605837067200412 ], [ -77.075282990804226, 42.605782267200482 ], [ -77.075297990804188, 42.605743800533901 ], [ -77.075335124137439, 42.605683400533962 ], [ -77.075334990804095, 42.605645067200726 ], [ -77.075364724137387, 42.605628600534089 ], [ -77.07538699080402, 42.605573667200815 ], [ -77.075401790803994, 42.605557200534179 ], [ -77.075438990803946, 42.605420000534423 ], [ -77.075446390803961, 42.605398067201122 ], [ -77.07545379080392, 42.605392600534458 ], [ -77.075483590803913, 42.605326667201211 ], [ -77.075483524137212, 42.605310267201219 ], [ -77.075498390803887, 42.605299267201246 ], [ -77.075520590803819, 42.605216867201364 ], [ -77.075557790803771, 42.605173000534762 ], [ -77.075550390803812, 42.605162067201491 ], [ -77.075572590803745, 42.605101667201552 ], [ -77.07557999080376, 42.605074267201587 ], [ -77.075587390803719, 42.605063267201615 ], [ -77.075602390803681, 42.605046800534979 ], [ -77.075617190803655, 42.605008400535041 ], [ -77.075602324137037, 42.604997400535069 ], [ -77.075617124137011, 42.604991867201704 ], [ -77.075617190803655, 42.604964467201796 ], [ -77.075639524136989, 42.604942467201795 ], [ -77.07564679080366, 42.604898600535194 ], [ -77.075654324136963, 42.604893067201886 ], [ -77.075654324136963, 42.604871200535229 ], [ -77.075683990803554, 42.604854667201948 ], [ -77.075669124136937, 42.60484380053532 ], [ -77.075669124136937, 42.604816267202011 ], [ -77.075683990803554, 42.604810800535347 ], [ -77.075713724136847, 42.604717467202136 ], [ -77.07573599080348, 42.6047010672022 ], [ -77.075735924136836, 42.604662600535562 ], [ -77.075758324136814, 42.604646200535626 ], [ -77.075765590803428, 42.604618800535661 ], [ -77.075773124136788, 42.604607667202345 ], [ -77.075780524136746, 42.604541867202443 ], [ -77.07580279080338, 42.604525400535806 ], [ -77.07580279080338, 42.604492467202533 ], [ -77.075817590803354, 42.604481467202504 ], [ -77.075832524136672, 42.604465067202568 ], [ -77.075854724136661, 42.604382667202685 ], [ -77.075884390803253, 42.604333267202776 ], [ -77.075884524136598, 42.604316867202783 ], [ -77.075906724136587, 42.604272867202837 ], [ -77.075906724136587, 42.604245467202873 ], [ -77.075921590803205, 42.604234600536245 ], [ -77.075936324136535, 42.604201600536271 ], [ -77.075951190803153, 42.604179600536327 ], [ -77.075936390803179, 42.604174067203019 ], [ -77.075936390803179, 42.604152267203006 ], [ -77.075951190803153, 42.604146800536398 ], [ -77.075973524136487, 42.604080867203152 ], [ -77.075973524136487, 42.604053400536543 ], [ -77.075988390803104, 42.604042400536514 ], [ -77.076017990803052, 42.603960067203332 ], [ -77.076055190803004, 42.603938200536675 ], [ -77.076055190803004, 42.603910667203422 ], [ -77.076069990802978, 42.603899800536738 ], [ -77.076092390802955, 42.603833867203548 ], [ -77.076129524136206, 42.603806467203583 ], [ -77.076129390802862, 42.603779000536917 ], [ -77.076173990802829, 42.603757000536973 ], [ -77.076173990802829, 42.603735067203672 ], [ -77.07621112413608, 42.603702067203756 ], [ -77.07621112413608, 42.603680200537099 ], [ -77.076233390802713, 42.603652800537134 ], [ -77.076263190802706, 42.603636267203854 ], [ -77.076263124136005, 42.603619867203861 ], [ -77.076300190802613, 42.603592400537252 ], [ -77.076300324135957, 42.603575867203915 ], [ -77.076314990802587, 42.603564867203943 ], [ -77.076441390802415, 42.603438667204159 ], [ -77.076478524135666, 42.603411267204194 ], [ -77.076478524135666, 42.603400267204222 ], [ -77.076693924135327, 42.60323020053778 ], [ -77.076708724135301, 42.60323020053778 ], [ -77.076708724135301, 42.603224667204472 ], [ -77.076872190801737, 42.60311480053798 ], [ -77.07713952413468, 42.602928200538258 ], [ -77.077235990801171, 42.602845867205076 ], [ -77.077235990801171, 42.602834867205104 ], [ -77.077265790801107, 42.602807400538438 ], [ -77.077325124134347, 42.6027470672052 ], [ -77.07735492413434, 42.602703200538599 ], [ -77.077443990800873, 42.60260440053878 ], [ -77.077481124134124, 42.602577000538815 ], [ -77.077481124134124, 42.602555000538871 ], [ -77.077503324134113, 42.602538600538878 ], [ -77.077510790800716, 42.602527467205562 ], [ -77.077599924133949, 42.602428667205686 ], [ -77.077622324133927, 42.60241226720575 ], [ -77.077622190800582, 42.602395800539114 ], [ -77.077711390800459, 42.602324400539203 ], [ -77.077711390800459, 42.602302467205902 ], [ -77.077800390800292, 42.602231067205992 ], [ -77.077800390800292, 42.602220067206019 ], [ -77.077852390800217, 42.60217066720611 ], [ -77.077867324133535, 42.602148800539453 ], [ -77.078015790799952, 42.602022467206325 ], [ -77.078015790799952, 42.602006000539689 ], [ -77.078134590799777, 42.601907267206514 ], [ -77.078134590799777, 42.601890800539877 ], [ -77.07820892413298, 42.601819467206667 ], [ -77.07820892413298, 42.601797467206666 ], [ -77.078260924132906, 42.601753600540064 ], [ -77.078260924132906, 42.601737067206784 ], [ -77.078297990799513, 42.601698667206847 ], [ -77.078297990799513, 42.60168220054021 ], [ -77.078327724132805, 42.601654800540246 ], [ -77.078349990799438, 42.601638267206908 ], [ -77.078349924132795, 42.601610867207 ], [ -77.078387124132689, 42.601545000540398 ], [ -77.078394524132705, 42.601517600540433 ], [ -77.078416790799338, 42.601501067207153 ], [ -77.078416724132694, 42.601479200540496 ], [ -77.07840192413272, 42.601473667207188 ], [ -77.078416790799338, 42.601462667207215 ], [ -77.078424124132653, 42.60134200054074 ], [ -77.07840192413272, 42.601226667207584 ], [ -77.078386990799402, 42.601215800540899 ], [ -77.078372124132727, 42.601177267207675 ], [ -77.07834979079945, 42.601160867207682 ], [ -77.07834979079945, 42.601144400541045 ], [ -77.078312590799499, 42.60111700054108 ], [ -77.078312590799499, 42.601095000541136 ], [ -77.078290390799509, 42.601078600541143 ], [ -77.078290390799509, 42.601067600541171 ], [ -77.078253190799614, 42.601040200541206 ], [ -77.078253190799614, 42.601023667207869 ], [ -77.078216124133007, 42.600996267207904 ], [ -77.078215990799663, 42.600985267207932 ], [ -77.078156590799722, 42.600935867208023 ], [ -77.078156590799722, 42.600930400541358 ], [ -77.078149190799763, 42.600908467208058 ], [ -77.078059990799886, 42.600837200541491 ], [ -77.078059990799886, 42.600826200541519 ], [ -77.078037724133253, 42.600798800541554 ], [ -77.077978324133369, 42.600732800541664 ], [ -77.077955924133391, 42.600716400541671 ], [ -77.07790399080011, 42.600634067208489 ], [ -77.07789652413345, 42.600557267208615 ], [ -77.077874190800173, 42.600540867208622 ], [ -77.077874190800173, 42.600496867208733 ], [ -77.077859324133556, 42.600485867208704 ], [ -77.077888990800147, 42.600365267208929 ], [ -77.07787412413353, 42.600359800542265 ], [ -77.077903724133478, 42.600195067209199 ], [ -77.077896390800163, 42.600112800542661 ], [ -77.077911190800137, 42.600063400542695 ], [ -77.077911124133436, 42.600035867209442 ], [ -77.077896324133462, 42.600008467209477 ], [ -77.077911124133436, 42.599981000542869 ], [ -77.077903790800121, 42.599953600542904 ], [ -77.077911124133436, 42.599948067209539 ], [ -77.07792592413341, 42.599854800543028 ], [ -77.077940924133429, 42.59984926720972 ], [ -77.077955724133403, 42.599821867209755 ], [ -77.077985324133351, 42.599657200543334 ], [ -77.07799279080001, 42.599646267210005 ], [ -77.078022390799958, 42.599553000543494 ], [ -77.078022390799958, 42.599536467210214 ], [ -77.078059524133209, 42.599476067210276 ], [ -77.078066990799869, 42.599448667210311 ], [ -77.078074390799884, 42.599437667210339 ], [ -77.078089324133202, 42.599421267210403 ], [ -77.078104124133176, 42.599344400543828 ], [ -77.07812639079981, 42.599328000543835 ], [ -77.078133790799768, 42.59923460054398 ], [ -77.078155990799758, 42.599218200544044 ], [ -77.078155990799758, 42.599207200544015 ], [ -77.078148590799742, 42.599201667210707 ], [ -77.078170790799732, 42.599091867210859 ], [ -77.07818572413305, 42.599080867210887 ], [ -77.078170924133076, 42.599075467210923 ], [ -77.078178324133034, 42.599020667210993 ], [ -77.078200590799668, 42.598971267211084 ], [ -77.078185590799706, 42.59896580054442 ], [ -77.078215390799642, 42.598856000544572 ], [ -77.078215390799642, 42.598801067211355 ], [ -77.07824499079959, 42.598779067211353 ], [ -77.078267324132923, 42.598707800544844 ], [ -77.078282190799541, 42.598680400544879 ], [ -77.078334124132823, 42.598543200545066 ], [ -77.078348990799441, 42.598471667211868 ], [ -77.078378724132733, 42.59845540054522 ], [ -77.078378590799389, 42.598416867211938 ], [ -77.078393524132707, 42.598405867211966 ], [ -77.078400924132723, 42.598373000545337 ], [ -77.078445390799288, 42.598252267212217 ], [ -77.078445524132633, 42.598235800545524 ], [ -77.078460190799262, 42.598224800545552 ], [ -77.078467724132565, 42.598197400545587 ], [ -77.07848259079924, 42.598126000545733 ], [ -77.078512190799188, 42.59810960054574 ], [ -77.078512190799188, 42.598043667212494 ], [ -77.078527124132506, 42.598032800545866 ], [ -77.078534524132465, 42.598016200545885 ], [ -77.078593790799061, 42.597791267212926 ], [ -77.078593790799061, 42.597769267212925 ], [ -77.078623524132354, 42.597698000546359 ], [ -77.07860872413238, 42.597687000546387 ], [ -77.078638324132328, 42.597571667213231 ], [ -77.078645724132343, 42.597560667213259 ], [ -77.078638324132328, 42.597549800546631 ], [ -77.078638190798983, 42.597434467213475 ], [ -77.078653124132302, 42.597423467213503 ], [ -77.078638324132328, 42.597396067213538 ], [ -77.078645790798987, 42.597330267213636 ], [ -77.078653124132302, 42.597324667213627 ], [ -77.078697724132212, 42.597198600547188 ], [ -77.078697590798924, 42.597171067213878 ], [ -77.078719924132201, 42.597149200547221 ], [ -77.078719924132201, 42.597132667213941 ], [ -77.078734724132175, 42.597121667213969 ], [ -77.078734724132175, 42.597077800547368 ], [ -77.078764390798824, 42.597061267214031 ], [ -77.078764524132112, 42.597033867214066 ], [ -77.078779390798786, 42.597022867214093 ], [ -77.078779324132086, 42.596995467214128 ], [ -77.078816390798693, 42.59696800054752 ], [ -77.078816390798693, 42.596935067214247 ], [ -77.078838724132027, 42.596913067214246 ], [ -77.078838724132027, 42.596885667214337 ], [ -77.078853590798644, 42.596880200547673 ], [ -77.078853524132001, 42.596852667214364 ], [ -77.078883324131937, 42.596830800547707 ], [ -77.078905524131926, 42.59672646721458 ], [ -77.078905524131926, 42.596704467214579 ], [ -77.0789203241319, 42.596699000547915 ], [ -77.078950124131836, 42.596644200548042 ], [ -77.078935190798518, 42.596633200548013 ], [ -77.078935124131874, 42.596616667214732 ], [ -77.078972324131826, 42.596578267214795 ], [ -77.07897959079844, 42.596507000548229 ], [ -77.0789871241318, 42.596496000548257 ], [ -77.079001990798417, 42.59647946721492 ], [ -77.0789871241318, 42.596468600548292 ], [ -77.0789871241318, 42.596441067214982 ], [ -77.079001990798417, 42.596430200548355 ], [ -77.079016790798391, 42.596402667215045 ], [ -77.07903172413171, 42.596386267215109 ], [ -77.079016790798391, 42.59637526721508 ], [ -77.079053924131699, 42.596271000548597 ], [ -77.079061324131658, 42.596216200548668 ], [ -77.079068724131673, 42.596205067215351 ], [ -77.079083590798291, 42.596188600548714 ], [ -77.079098390798265, 42.59611180054884 ], [ -77.079128124131557, 42.596068000548939 ], [ -77.079128124131557, 42.596029467215658 ], [ -77.079135590798217, 42.596024000548994 ], [ -77.079150390798191, 42.595952667215784 ], [ -77.079180124131483, 42.595930667215782 ], [ -77.079179990798139, 42.595875800549209 ], [ -77.079194924131457, 42.595870400549245 ], [ -77.079194924131457, 42.595848400549244 ], [ -77.07921719079809, 42.595831867215963 ], [ -77.07921719079809, 42.59577700054939 ], [ -77.079246924131382, 42.595760467216053 ], [ -77.079246790798038, 42.595733200549432 ], [ -77.079261724131356, 42.59572220054946 ], [ -77.079261724131356, 42.595678200549514 ], [ -77.079269124131372, 42.595667267216186 ], [ -77.079313590797938, 42.595557467216395 ], [ -77.079313590797938, 42.595524600549766 ], [ -77.079328524131256, 42.595513600549793 ], [ -77.079350790797889, 42.595447800549891 ], [ -77.079380390797837, 42.595403800549946 ], [ -77.079402724131114, 42.5953598672167 ], [ -77.079432390797763, 42.595316000550099 ], [ -77.07945472413104, 42.595266600550133 ], [ -77.079484324130988, 42.595222800550232 ], [ -77.079521390797595, 42.595162400550294 ], [ -77.079551190797588, 42.59511286721704 ], [ -77.07957339079752, 42.595069000550438 ], [ -77.079603190797513, 42.595025067217193 ], [ -77.079625390797446, 42.594975667217284 ], [ -77.079655124130738, 42.594931800550683 ], [ -77.079677324130728, 42.594877000550753 ], [ -77.079692124130702, 42.594805600550899 ], [ -77.07970699079732, 42.59479466721757 ], [ -77.079721924130638, 42.594761667217597 ], [ -77.079736790797313, 42.594684867217723 ], [ -77.079744124130627, 42.594679267217714 ], [ -77.079758924130601, 42.594608000551204 ], [ -77.079773790797219, 42.594597000551175 ], [ -77.079788590797193, 42.594558600551238 ], [ -77.079818390797186, 42.594415867218117 ], [ -77.079825790797145, 42.594404867218145 ], [ -77.079840590797119, 42.594295200551642 ], [ -77.079870190797067, 42.594278667218362 ], [ -77.079870190797067, 42.594256800551705 ], [ -77.079855390797093, 42.594251267218397 ], [ -77.079884990797041, 42.594152467218578 ], [ -77.079884990797041, 42.594130467218577 ], [ -77.079914790797034, 42.594086667218676 ], [ -77.079914790797034, 42.594031667218758 ], [ -77.079936990796966, 42.593960400552191 ], [ -77.079936990796966, 42.593922000552254 ], [ -77.07995179079694, 42.593911000552282 ], [ -77.079981590796933, 42.59386706721898 ], [ -77.080003790796866, 42.593823200552379 ], [ -77.080033524130158, 42.593779267219134 ], [ -77.080055790796791, 42.593729867219224 ], [ -77.080085524130084, 42.593686000552623 ], [ -77.080107790796717, 42.593642067219321 ], [ -77.080137390796665, 42.593598067219432 ], [ -77.080159724129942, 42.593548667219466 ], [ -77.08018939079659, 42.593504867219565 ], [ -77.080211724129867, 42.593461000552963 ], [ -77.080256324129834, 42.593367600553108 ], [ -77.080271124129808, 42.593296267219898 ], [ -77.080278524129767, 42.593285267219926 ], [ -77.080293324129741, 42.593213867220015 ], [ -77.080308190796416, 42.593203000553387 ], [ -77.080345190796322, 42.59309320055354 ], [ -77.080389724129589, 42.592994400553664 ], [ -77.080411990796222, 42.592912067220482 ], [ -77.080456590796189, 42.592879200553853 ], [ -77.080456524129488, 42.592851800553888 ], [ -77.080478790796121, 42.592829800553943 ], [ -77.080501124129455, 42.592807800553999 ], [ -77.080590190795988, 42.592753000554069 ], [ -77.080619990795924, 42.592753000554069 ], [ -77.080642190795857, 42.592736400554088 ], [ -77.080731390795734, 42.592698000554151 ], [ -77.080820524128967, 42.592681467220814 ], [ -77.0808427241289, 42.592681600554158 ], [ -77.080857590795574, 42.592670600554186 ], [ -77.08095419079541, 42.592654000554205 ], [ -77.080991324128661, 42.592648600554242 ], [ -77.081095190795168, 42.592637600554212 ], [ -77.081102724128527, 42.592632067220904 ], [ -77.081362724128098, 42.592604600554296 ], [ -77.081392324128046, 42.59261006722096 ], [ -77.081399790794705, 42.592599067220988 ], [ -77.081474124127908, 42.592588067220959 ], [ -77.081578124127759, 42.592566200554359 ], [ -77.081615124127723, 42.592566067221014 ], [ -77.081637524127643, 42.592549667221022 ], [ -77.081667124127648, 42.592549667221022 ], [ -77.081674524127607, 42.592538600554406 ], [ -77.081778590794102, 42.592533200554385 ], [ -77.081785990794117, 42.592522200554413 ], [ -77.081837990794043, 42.592511200554441 ], [ -77.081867724127335, 42.592494667221104 ], [ -77.081964190793826, 42.59248926722114 ], [ -77.081986590793804, 42.592472667221159 ], [ -77.082053324127003, 42.592461800554531 ], [ -77.082112790793587, 42.592445267221194 ], [ -77.08214252412688, 42.592445267221194 ], [ -77.082201924126821, 42.592417800554585 ], [ -77.082290990793297, 42.59237386722134 ], [ -77.082380190793174, 42.592313600554746 ], [ -77.082476590793021, 42.592209200554919 ], [ -77.082543390792921, 42.592110400555043 ], [ -77.082543524126265, 42.592094000555107 ], [ -77.082573190792857, 42.59207746722177 ], [ -77.082595524126191, 42.592022600555197 ], [ -77.082610324126165, 42.592006200555204 ], [ -77.082632590792798, 42.591951267221987 ], [ -77.082647324126128, 42.591929267221985 ], [ -77.082728990792646, 42.591731667222291 ], [ -77.082728990792646, 42.591704267222383 ], [ -77.082758724125938, 42.59168780055569 ], [ -77.082766124125897, 42.591622000555788 ], [ -77.082766124125897, 42.591605467222507 ], [ -77.082795790792545, 42.591583467222563 ], [ -77.082795790792545, 42.591512200555997 ], [ -77.082825524125838, 42.591468200556051 ], [ -77.082810590792519, 42.591457267222722 ], [ -77.082825390792493, 42.591446400556094 ], [ -77.082825390792493, 42.591391400556176 ], [ -77.082840324125812, 42.591385867222868 ], [ -77.08284772412577, 42.591347467222931 ], [ -77.082840190792467, 42.59130360055633 ], [ -77.082840190792467, 42.591281667223029 ], [ -77.082855124125786, 42.591276200556365 ], [ -77.082869990792403, 42.5912488005564 ], [ -77.082892124125749, 42.591100600556615 ], [ -77.082899590792351, 42.591073067223363 ], [ -77.082936590792315, 42.591029200556761 ], [ -77.082921790792341, 42.591018200556732 ], [ -77.082921790792341, 42.590974400556831 ], [ -77.082936590792315, 42.590963400556859 ], [ -77.082966324125607, 42.590782267223801 ], [ -77.082951390792289, 42.590754800557136 ], [ -77.082966324125607, 42.590711000557235 ], [ -77.082958790792304, 42.590699867223918 ], [ -77.082966324125607, 42.590694467223898 ], [ -77.082958790792304, 42.590661600557326 ], [ -77.082966324125607, 42.590656000557317 ], [ -77.082951390792289, 42.590535400557485 ], [ -77.082921590792353, 42.590518867224205 ], [ -77.082876990792386, 42.590370600557776 ], [ -77.082854724125809, 42.590354200557783 ], [ -77.082854724125809, 42.590332200557839 ], [ -77.082817590792502, 42.590304800557874 ], [ -77.082817590792502, 42.590293800557902 ], [ -77.082683924126059, 42.59017320055807 ], [ -77.082661524126081, 42.590156667224733 ], [ -77.082431190793102, 42.589981200558384 ], [ -77.082408990793112, 42.58998106722504 ], [ -77.082304924126618, 42.589915267225138 ], [ -77.082282590793341, 42.589915400558482 ], [ -77.082245524126733, 42.589887800558529 ], [ -77.082223190793457, 42.589887867225173 ], [ -77.082163790793516, 42.589849467225235 ], [ -77.082133990793579, 42.589849467225235 ], [ -77.082030124127073, 42.589772667225361 ], [ -77.081926124127222, 42.589717867225431 ], [ -77.081821990794026, 42.589630067225585 ], [ -77.081807190794052, 42.589597067225611 ], [ -77.081784924127419, 42.589575200559011 ], [ -77.081784924127419, 42.589569667225646 ], [ -77.081769990794157, 42.589520200559093 ], [ -77.081747724127524, 42.589476267225791 ], [ -77.081747790794168, 42.5894600005592 ], [ -77.081725524127535, 42.589437867225854 ], [ -77.08172539079419, 42.58943246722589 ], [ -77.081740324127509, 42.589405067225925 ], [ -77.081725524127535, 42.589394067225953 ], [ -77.081703190794258, 42.589328200559351 ], [ -77.081703124127557, 42.58931166722607 ], [ -77.081695724127599, 42.589300800559442 ], [ -77.081680924127625, 42.589273267226133 ], [ -77.081658524127647, 42.589125067226348 ], [ -77.081665924127606, 42.588933067226662 ], [ -77.081717790794187, 42.588724467226996 ], [ -77.081806724127432, 42.588433600560791 ], [ -77.081843924127327, 42.588323867227587 ], [ -77.081843924127327, 42.588280000560985 ], [ -77.081873524127332, 42.58823606722774 ], [ -77.081873524127332, 42.588208600561131 ], [ -77.081880990793934, 42.588197667227803 ], [ -77.081895790793965, 42.588170200561194 ], [ -77.0819255241272, 42.588033000561381 ], [ -77.081940324127174, 42.588027467228073 ], [ -77.081977324127138, 42.587841000561696 ], [ -77.0819923241271, 42.587835467228388 ], [ -77.082036724127079, 42.587648867228665 ], [ -77.082051524127053, 42.587643400562001 ], [ -77.082058924127011, 42.587605000562064 ], [ -77.082073790793686, 42.587577467228755 ], [ -77.082103390793634, 42.587440267228999 ], [ -77.082103390793634, 42.587407267229025 ], [ -77.082133124126926, 42.587385400562368 ], [ -77.082133124126926, 42.587325000562487 ], [ -77.082155390793559, 42.587303067229186 ], [ -77.082162790793518, 42.587231667229275 ], [ -77.082170190793533, 42.587226267229312 ], [ -77.082199924126826, 42.58709446722952 ], [ -77.082222124126758, 42.587078067229527 ], [ -77.082222124126758, 42.587067067229555 ], [ -77.0822147241268, 42.58706160056289 ], [ -77.082236990793433, 42.587012200562981 ], [ -77.082236990793433, 42.586984800563016 ], [ -77.082251790793407, 42.586979267229708 ], [ -77.082266590793381, 42.586940867229771 ], [ -77.082281524126699, 42.586924400563134 ], [ -77.082266724126669, 42.586913400563105 ], [ -77.082303790793276, 42.586814600563287 ], [ -77.082311124126647, 42.586787200563322 ], [ -77.082348324126542, 42.586721267230075 ], [ -77.082348324126542, 42.586688400563446 ], [ -77.082363190793217, 42.586677400563474 ], [ -77.082370524126532, 42.586661000563538 ], [ -77.082363124126573, 42.586649867230221 ], [ -77.082385390793149, 42.586595000563591 ], [ -77.082415124126442, 42.58647986723048 ], [ -77.082437324126431, 42.586457867230479 ], [ -77.082466990793023, 42.586370067230632 ], [ -77.082466924126379, 42.586331600564051 ], [ -77.082496590793028, 42.586315200564059 ], [ -77.082496724126315, 42.586287667230749 ], [ -77.082511524126289, 42.586260267230784 ], [ -77.082496590793028, 42.586249267230812 ], [ -77.082511524126289, 42.58623826723084 ], [ -77.082518924126305, 42.586194400564239 ], [ -77.082511524126289, 42.58618346723091 ], [ -77.082526324126263, 42.586178000564246 ], [ -77.082548524126253, 42.586106600564392 ], [ -77.082748924125951, 42.585695000565011 ], [ -77.082800924125877, 42.585612667231828 ], [ -77.082837990792484, 42.58555226723189 ], [ -77.08288999079241, 42.585469867232007 ], [ -77.08294179079229, 42.585387600565468 ], [ -77.082978990792242, 42.585321667232279 ], [ -77.083223990791851, 42.584970467232779 ], [ -77.083261124125158, 42.584910067232897 ], [ -77.083305590791724, 42.584833267233023 ], [ -77.083305590791724, 42.584761867233112 ], [ -77.083298190791766, 42.584718000566511 ], [ -77.083231324125222, 42.584652200566609 ], [ -77.083238724125181, 42.584630200566664 ], [ -77.083238724125181, 42.584586267233419 ], [ -77.083208924125245, 42.584569800566783 ], [ -77.083216324125203, 42.584493067233552 ], [ -77.0832087907919, 42.584355867233739 ], [ -77.083290390791774, 42.583938667234406 ], [ -77.083305190791748, 42.583927667234434 ], [ -77.083319990791722, 42.583900267234469 ], [ -77.083327524125025, 42.583883800567833 ], [ -77.08335712412503, 42.583829000567903 ], [ -77.08344632412485, 42.583768467234677 ], [ -77.083468590791483, 42.583768600568021 ], [ -77.083483524124802, 42.583757600568049 ], [ -77.083631924124575, 42.583735600568048 ], [ -77.083669124124526, 42.583713600568103 ], [ -77.083721124124452, 42.58368066723483 ], [ -77.083750790791044, 42.583587400568263 ], [ -77.083787724124306, 42.583516000568409 ], [ -77.083787790791007, 42.58343366723517 ], [ -77.083780324124348, 42.583406267235262 ], [ -77.083787724124306, 42.583395267235232 ], [ -77.083780390790992, 42.583389800568568 ], [ -77.083780390790992, 42.583378800568596 ], [ -77.083765524124374, 42.583367867235268 ], [ -77.083743190791097, 42.583258067235477 ], [ -77.083720790791119, 42.583241667235484 ], [ -77.083690990791126, 42.583027600569153 ], [ -77.083691124124471, 42.58301120056916 ], [ -77.083698524124486, 42.583000200569188 ], [ -77.08371332412446, 42.582983667235908 ], [ -77.083705924124445, 42.582972800569223 ], [ -77.0837057907911, 42.582945267235971 ], [ -77.08371332412446, 42.582939800569306 ], [ -77.083728124124434, 42.582912400569342 ], [ -77.08375792412437, 42.582846467236095 ], [ -77.08378012412436, 42.582830067236102 ], [ -77.08378012412436, 42.582786067236214 ], [ -77.083794990790977, 42.582775067236241 ], [ -77.083809790790951, 42.582758667236249 ], [ -77.083831990790941, 42.582687400569682 ], [ -77.083861790790877, 42.582665400569738 ], [ -77.083861790790877, 42.582632400569764 ], [ -77.083883990790866, 42.582583000569855 ], [ -77.083883924124166, 42.582566600569862 ], [ -77.083928524124133, 42.582500667236616 ], [ -77.083928524124133, 42.58248426723668 ], [ -77.08396559079074, 42.582412867236769 ], [ -77.08396559079074, 42.582385467236804 ], [ -77.083980390790714, 42.582374467236832 ], [ -77.083995190790688, 42.582341600570203 ], [ -77.08406952412389, 42.58218786723711 ], [ -77.08406952412389, 42.582160467237145 ], [ -77.084099124123838, 42.582138467237201 ], [ -77.084099190790539, 42.582122000570564 ], [ -77.084121390790472, 42.582078067237319 ], [ -77.084121390790472, 42.582056200570662 ], [ -77.084151190790408, 42.582039667237382 ], [ -77.084151124123764, 42.582012267237417 ], [ -77.084173390790397, 42.581968400570815 ], [ -77.084180724123712, 42.581946400570814 ], [ -77.084217924123664, 42.581902467237569 ], [ -77.084240190790297, 42.581847600570995 ], [ -77.084269790790245, 42.581831067237658 ], [ -77.084269790790245, 42.581814600571022 ], [ -77.084306990790196, 42.581787200571057 ], [ -77.084306924123553, 42.581776200571085 ], [ -77.08432179079017, 42.581759667237804 ], [ -77.08449999078988, 42.581595067238027 ], [ -77.084574190789795, 42.581545667238117 ], [ -77.084596390789727, 42.581545667238117 ], [ -77.08462619078972, 42.581523800571517 ], [ -77.084648390789653, 42.581523667238173 ], [ -77.084670724122986, 42.58150726723818 ], [ -77.084707924122881, 42.581507200571536 ], [ -77.084737524122886, 42.581490800571544 ], [ -77.084774724122781, 42.581490800571544 ], [ -77.084782124122796, 42.581479800571572 ], [ -77.084967724122521, 42.581468667238255 ], [ -77.084982590789139, 42.58145780057157 ], [ -77.0851311907889, 42.581452200571619 ], [ -77.08514592412223, 42.58144126723829 ], [ -77.085197924122156, 42.581435800571626 ], [ -77.085428190788434, 42.581408267238317 ], [ -77.085791990787868, 42.581353267238399 ], [ -77.085858924121112, 42.581314867238461 ], [ -77.085918190787709, 42.581270867238572 ], [ -77.085918190787709, 42.581260000571888 ], [ -77.08595539078766, 42.581227000571971 ], [ -77.085970190787634, 42.581199600572006 ], [ -77.086022124120859, 42.581161200572069 ], [ -77.08602219078756, 42.581155667238704 ], [ -77.086059324120811, 42.581117267238767 ], [ -77.08607399078744, 42.581073400572166 ], [ -77.086096324120774, 42.581051400572221 ], [ -77.08612612412071, 42.580996600572291 ], [ -77.086163190787317, 42.580925200572437 ], [ -77.086177990787291, 42.580892200572464 ], [ -77.086200190787281, 42.580870267239163 ], [ -77.086200324120568, 42.580864800572499 ], [ -77.086215124120542, 42.580782467239317 ], [ -77.086244790787191, 42.580760467239315 ], [ -77.086244724120547, 42.580755000572708 ], [ -77.086229924120516, 42.580744000572679 ], [ -77.086274390787139, 42.580552000572993 ], [ -77.086289190787113, 42.580546467239685 ], [ -77.086318790787061, 42.580381867239907 ], [ -77.086326190787076, 42.580370800573291 ], [ -77.086341124120395, 42.58025020057346 ], [ -77.086355924120369, 42.580244667240152 ], [ -77.086370790786987, 42.58008000057373 ], [ -77.086385524120317, 42.580069000573758 ], [ -77.086415190786909, 42.579822000574154 ], [ -77.086392790786931, 42.579805600574161 ], [ -77.086392924120275, 42.579789067240824 ], [ -77.086370590786998, 42.579767200574224 ], [ -77.086348324120365, 42.579739800574259 ], [ -77.086348324120365, 42.57971226724095 ], [ -77.086311190787058, 42.579684867240985 ], [ -77.086311190787058, 42.579673867241013 ], [ -77.086273990787163, 42.579641000574441 ], [ -77.086140324120663, 42.579520200574621 ], [ -77.086058590787502, 42.57946000057467 ], [ -77.08590992412104, 42.579339200574907 ], [ -77.085909990787684, 42.57932266724157 ], [ -77.085872790787789, 42.579284267241633 ], [ -77.085872790787789, 42.57926786724164 ], [ -77.085791124121215, 42.579185600575101 ], [ -77.085776190787897, 42.579147200575164 ], [ -77.085739124121289, 42.579119667241912 ], [ -77.085746524121305, 42.579103267241919 ], [ -77.085716724121312, 42.579081267241975 ], [ -77.085716790788013, 42.579064867241982 ], [ -77.085672190788102, 42.579015467242073 ], [ -77.085657390788072, 42.578982600575443 ], [ -77.085635124121438, 42.578960600575442 ], [ -77.085634990788151, 42.578933200575534 ], [ -77.085597790788199, 42.578889267242232 ], [ -77.085545790788274, 42.578724667242511 ], [ -77.085560724121592, 42.578549067242761 ], [ -77.085560590788248, 42.578532600576125 ], [ -77.085575524121566, 42.578521600576153 ], [ -77.08559032412154, 42.578450267242943 ], [ -77.085597724121499, 42.57843920057627 ], [ -77.085627390788147, 42.57836786724306 ], [ -77.085664524121398, 42.578285600576521 ], [ -77.08573119078801, 42.578159400576737 ], [ -77.08573119078801, 42.5781428672434 ], [ -77.085768324121261, 42.578104467243463 ], [ -77.085768324121261, 42.578066067243526 ], [ -77.085812790787884, 42.578038600576917 ], [ -77.085812790787884, 42.578005667243644 ], [ -77.085849990787779, 42.577939800577042 ], [ -77.085849924121135, 42.577912267243789 ], [ -77.085872324121112, 42.577895867243797 ], [ -77.085886990787742, 42.577852000577195 ], [ -77.085916724121034, 42.577830067243895 ], [ -77.085931590787652, 42.577786067243949 ], [ -77.085953790787642, 42.577769667243956 ], [ -77.085953790787642, 42.577758667243984 ], [ -77.085968590787616, 42.577742200577347 ], [ -77.086005724120866, 42.57770380057741 ], [ -77.086005790787567, 42.57768726724413 ], [ -77.086042924120818, 42.577648867244193 ], [ -77.086057790787493, 42.577594000577562 ], [ -77.086072590787467, 42.577599467244227 ], [ -77.086076724120801, 42.577595400577593 ], [ -77.086094924120744, 42.577577600577627 ], [ -77.086094790787399, 42.577572067244319 ], [ -77.086109724120718, 42.577550067244317 ], [ -77.086168990787314, 42.577495200577744 ], [ -77.086168990787314, 42.577462267244471 ], [ -77.086213590787224, 42.577434800577862 ], [ -77.086213590787224, 42.577407400577897 ], [ -77.08622099078724, 42.577396400577925 ], [ -77.086235924120558, 42.577363467244595 ], [ -77.086265524120506, 42.577341600577995 ], [ -77.08626559078715, 42.57733606724463 ], [ -77.086280390787124, 42.577286600578077 ], [ -77.086302590787113, 42.577270200578084 ], [ -77.08632492412039, 42.577215267244867 ], [ -77.086354590787039, 42.577154867244928 ], [ -77.08639172412029, 42.577105467245019 ], [ -77.086406524120264, 42.57707260057839 ], [ -77.086428790786897, 42.577045067245081 ], [ -77.086458390786845, 42.577028600578444 ], [ -77.086458524120189, 42.57700126724518 ], [ -77.086480724120179, 42.576979200578535 ], [ -77.086495524120153, 42.576946400578606 ], [ -77.086525324120089, 42.576924400578605 ], [ -77.086525190786745, 42.576918867245297 ], [ -77.08653259078676, 42.576897000578697 ], [ -77.086569790786655, 42.576864000578723 ], [ -77.08659939078666, 42.576798067245477 ], [ -77.08662179078658, 42.576781667245541 ], [ -77.086651390786528, 42.576726800578911 ], [ -77.086651390786528, 42.576699267245658 ], [ -77.086681124119821, 42.576682800579022 ], [ -77.086688524119836, 42.57663886724572 ], [ -77.086718124119784, 42.57661700057912 ], [ -77.086718190786428, 42.576600600579127 ], [ -77.086740390786417, 42.576584000579146 ], [ -77.086792390786343, 42.57644680057939 ], [ -77.086799790786301, 42.576430400579397 ], [ -77.086807190786317, 42.576419400579425 ], [ -77.086829390786306, 42.576188867246458 ], [ -77.086836924119609, 42.576183400579794 ], [ -77.086821924119647, 42.575996867246715 ], [ -77.086836790786265, 42.575991400580051 ], [ -77.086821924119647, 42.575963867246799 ], [ -77.086821790786303, 42.575936467246834 ], [ -77.086806990786329, 42.575925467246861 ], [ -77.086806990786329, 42.575914467246889 ], [ -77.086821924119647, 42.575909067246869 ], [ -77.086814390786287, 42.57588160058026 ], [ -77.086814324119644, 42.575804667247041 ], [ -77.086829190786261, 42.575799200580377 ], [ -77.086829190786261, 42.575788267247049 ], [ -77.086814390786287, 42.575777400580421 ], [ -77.086829190786261, 42.575771867247113 ], [ -77.086829124119618, 42.575678600580545 ], [ -77.086843990786235, 42.575667600580573 ], [ -77.086851390786251, 42.575651067247293 ], [ -77.086843990786235, 42.575623600580627 ], [ -77.086858924119554, 42.575612600580655 ], [ -77.086873724119528, 42.575475467247543 ], [ -77.086880990786199, 42.575470000580879 ], [ -77.086910724119491, 42.575376667247724 ], [ -77.086962724119417, 42.575294267247841 ], [ -77.086962724119417, 42.575261400581212 ], [ -77.086977524119391, 42.575250467247884 ], [ -77.086992324119365, 42.575212000581303 ], [ -77.087014590785998, 42.57519560058131 ], [ -77.087014590785998, 42.57517906724803 ], [ -77.087051724119249, 42.575140667248093 ], [ -77.087059124119264, 42.575113267248128 ], [ -77.087096324119216, 42.575080267248154 ], [ -77.087096324119216, 42.575058400581554 ], [ -77.08710359078583, 42.575052800581545 ], [ -77.08710359078583, 42.575041800581573 ], [ -77.087148124119096, 42.575009000581588 ], [ -77.087148124119096, 42.574987000581643 ], [ -77.087155590785756, 42.574981467248335 ], [ -77.087185324119048, 42.57495406724837 ], [ -77.087185324119048, 42.574932067248369 ], [ -77.087207524119037, 42.574915600581733 ], [ -77.087237190785629, 42.574871667248487 ], [ -77.087259524118963, 42.574844267248523 ], [ -77.087259524118963, 42.574827800581886 ], [ -77.087289124118911, 42.574805867248585 ], [ -77.087326190785518, 42.574734467248675 ], [ -77.087326324118862, 42.574718000582038 ], [ -77.087348524118795, 42.574701600582102 ], [ -77.08735592411881, 42.574679600582101 ], [ -77.087363324118769, 42.574674067248793 ], [ -77.087392990785418, 42.574646600582184 ], [ -77.087392990785418, 42.574608267248891 ], [ -77.087407924118736, 42.574597267248919 ], [ -77.087430124118669, 42.574569867248954 ], [ -77.087430124118669, 42.574542400582345 ], [ -77.087452390785302, 42.574525867249008 ], [ -77.087459790785317, 42.574509400582372 ], [ -77.087482124118594, 42.574465467249127 ], [ -77.087482124118594, 42.57444360058247 ], [ -77.087511790785243, 42.574427067249189 ], [ -77.087511724118542, 42.574388667249252 ], [ -77.087519190785201, 42.574383200582588 ], [ -77.087533924118532, 42.574361267249287 ], [ -77.087519124118558, 42.574355800582623 ], [ -77.087526590785217, 42.574300867249349 ], [ -77.087533990785175, 42.574289867249377 ], [ -77.087548790785149, 42.574262467249412 ], [ -77.087570990785139, 42.574070400583082 ], [ -77.08760812411839, 42.574037467249752 ], [ -77.087607990785045, 42.573982467249834 ], [ -77.087674924118289, 42.573878267250052 ], [ -77.087838124118036, 42.573746600583547 ], [ -77.087838124118036, 42.573735600583575 ], [ -77.087875190784644, 42.573719000583594 ], [ -77.088038524117735, 42.573603800583783 ], [ -77.088038590784379, 42.573576400583818 ], [ -77.088075724117687, 42.573548867250508 ], [ -77.088075590784342, 42.573494000583935 ], [ -77.088068324117671, 42.573483067250663 ], [ -77.088053324117709, 42.573411667250753 ], [ -77.088023724117761, 42.573384267250788 ], [ -77.088001324117783, 42.573302000584249 ], [ -77.088001324117783, 42.573280000584305 ], [ -77.088008724117799, 42.57327446725094 ], [ -77.088001324117783, 42.573247067251032 ], [ -77.088001190784439, 42.573219667251067 ], [ -77.087986390784465, 42.573208667251038 ], [ -77.088015990784413, 42.573137267251184 ], [ -77.088030924117732, 42.573115400584527 ], [ -77.088016124117757, 42.573109867251219 ], [ -77.088015990784413, 42.57308240058461 ], [ -77.088030924117732, 42.573071400584638 ], [ -77.088030790784387, 42.573044000584673 ], [ -77.088053190784365, 42.573027467251336 ], [ -77.088045790784406, 42.573016600584708 ], [ -77.088045724117706, 42.572989067251399 ], [ -77.088053190784365, 42.572983667251435 ], [ -77.08806052411768, 42.572945267251498 ], [ -77.088067990784339, 42.572934200584825 ], [ -77.088082790784313, 42.572917667251488 ], [ -77.088067924117695, 42.572906867251504 ], [ -77.088067990784339, 42.572879400584895 ], [ -77.088082790784313, 42.572873867251587 ], [ -77.088112524117605, 42.572808067251685 ], [ -77.088112390784261, 42.572791600585049 ], [ -77.088134724117594, 42.572769600585104 ], [ -77.088134724117594, 42.572736667251775 ], [ -77.088179324117505, 42.572665267251921 ], [ -77.08817919078416, 42.572637867251956 ], [ -77.088186590784176, 42.572626867251984 ], [ -77.088216190784124, 42.572561000585381 ], [ -77.088268190784049, 42.572511667252172 ], [ -77.088268190784049, 42.572484200585507 ], [ -77.0883053241173, 42.572456800585542 ], [ -77.0883053241173, 42.572429267252289 ], [ -77.088342390783907, 42.572401867252324 ], [ -77.088342390783907, 42.572379867252323 ], [ -77.088424124117125, 42.572319467252441 ], [ -77.088483524117066, 42.572292000585833 ], [ -77.088513124117014, 42.57227560058584 ], [ -77.088535390783647, 42.57227560058584 ], [ -77.088550324116966, 42.572264600585868 ], [ -77.088572590783599, 42.572264600585868 ], [ -77.088594790783532, 42.572248067252531 ], [ -77.088661590783431, 42.572215200585958 ], [ -77.088706190783341, 42.572215067252614 ], [ -77.088720990783315, 42.572204067252642 ], [ -77.088810124116549, 42.572171267252656 ], [ -77.088921390783014, 42.572088867252774 ], [ -77.089025324116221, 42.571990067252955 ], [ -77.089040190782839, 42.571951667253018 ], [ -77.089062524116173, 42.571935200586381 ], [ -77.089077324116147, 42.571880267253107 ], [ -77.089106990782739, 42.57186380058647 ], [ -77.089129190782728, 42.571737600586687 ], [ -77.089129190782728, 42.571710067253377 ], [ -77.089121724116069, 42.57169920058675 ], [ -77.089129190782728, 42.571688200586777 ], [ -77.089143990782702, 42.571644267253475 ], [ -77.089143924116001, 42.571605867253538 ], [ -77.089136590782687, 42.571600400586874 ], [ -77.089166190782635, 42.571496067253747 ], [ -77.089166124115991, 42.571408267253844 ], [ -77.089166124115991, 42.571276600587396 ], [ -77.089195790782583, 42.571232667254151 ], [ -77.089195724115939, 42.571166800587548 ], [ -77.089210590782557, 42.57116126725424 ], [ -77.08924759078252, 42.571051600587737 ], [ -77.089247724115864, 42.571035067254456 ], [ -77.089358790782342, 42.570744200588194 ], [ -77.089381124115675, 42.570694800588285 ], [ -77.089381124115675, 42.57066740058832 ], [ -77.089395924115649, 42.570661867255012 ], [ -77.089425590782241, 42.570524667255256 ], [ -77.089447790782231, 42.570508267255263 ], [ -77.089447790782231, 42.570486267255262 ], [ -77.08944052411556, 42.570480800588655 ], [ -77.089455324115534, 42.570414867255408 ], [ -77.089455190782189, 42.570360067255478 ], [ -77.089418124115582, 42.570233867255695 ], [ -77.089432924115556, 42.570222867255723 ], [ -77.089425390782253, 42.570184467255785 ], [ -77.089432790782212, 42.570178867255777 ], [ -77.089425390782253, 42.570151467255812 ], [ -77.089425390782253, 42.570074667255938 ], [ -77.089477324115478, 42.569948467256097 ], [ -77.089506990782127, 42.569932000589461 ], [ -77.089544124115378, 42.569833200589642 ], [ -77.089566390782011, 42.569811200589697 ], [ -77.089566390782011, 42.569778267256368 ], [ -77.089610924115277, 42.569750800589759 ], [ -77.089610924115277, 42.569728867256458 ], [ -77.089633124115267, 42.569712400589822 ], [ -77.089647990781884, 42.569679400589848 ], [ -77.089685124115192, 42.56965200058994 ], [ -77.089685124115192, 42.569630067256639 ], [ -77.089736990781773, 42.569569667256701 ], [ -77.089751790781747, 42.569542267256736 ], [ -77.089774124115024, 42.5695258005901 ], [ -77.089774124115024, 42.569503867256799 ], [ -77.089840924114924, 42.56945986725691 ], [ -77.089840924114924, 42.569443467256917 ], [ -77.089877990781531, 42.569416000590309 ], [ -77.089877990781531, 42.569399467256972 ], [ -77.089952190781446, 42.569344667257042 ], [ -77.089952190781446, 42.569322667257097 ], [ -77.090018990781346, 42.569278800590496 ], [ -77.090018924114645, 42.569262267257216 ], [ -77.090159990781103, 42.569147000590704 ], [ -77.090159924114459, 42.569125067257403 ], [ -77.090211924114385, 42.569092067257429 ], [ -77.090211924114385, 42.569081067257457 ], [ -77.090345524114127, 42.568965800591002 ], [ -77.090345524114127, 42.568949400591009 ], [ -77.090390124114094, 42.568922000591044 ], [ -77.09038999078075, 42.5689000005911 ], [ -77.090427190780701, 42.568872600591135 ], [ -77.090441924114032, 42.568839600591161 ], [ -77.090464190780665, 42.568817667257861 ], [ -77.090486524113942, 42.568757267257979 ], [ -77.090479124113926, 42.568729867258014 ], [ -77.0904939241139, 42.568729867258014 ], [ -77.09050139078056, 42.568718867258042 ], [ -77.090501190780572, 42.568685867258068 ], [ -77.09051612411389, 42.56867500059144 ], [ -77.090530990780508, 42.568647467258131 ], [ -77.090545790780538, 42.568631067258195 ], [ -77.090530990780508, 42.568620067258166 ], [ -77.090530924113864, 42.56860360059153 ], [ -77.090545790780538, 42.568576200591565 ], [ -77.090530990780508, 42.568565200591593 ], [ -77.090545790780538, 42.56855420059162 ], [ -77.090545790780538, 42.568526800591656 ], [ -77.090560590780512, 42.568521267258348 ], [ -77.090538190780535, 42.568334667258625 ], [ -77.090515990780546, 42.568318200591989 ], [ -77.090515924113902, 42.568301667258652 ], [ -77.090501124113928, 42.568252400592087 ], [ -77.090478790780594, 42.568236000592094 ], [ -77.090478790780594, 42.568225000592122 ], [ -77.090471390780635, 42.56816460059224 ], [ -77.090441724113987, 42.568142600592239 ], [ -77.090441590780699, 42.568137067258931 ], [ -77.090456390780673, 42.568109667258966 ], [ -77.090434190780684, 42.568087667259022 ], [ -77.090434190780684, 42.568076800592337 ], [ -77.090448990780658, 42.568071267259029 ], [ -77.09043412411404, 42.568032867259092 ], [ -77.090448990780658, 42.568027400592428 ], [ -77.090426724114025, 42.567912200592616 ], [ -77.090448990780658, 42.567868267259371 ], [ -77.090441524113999, 42.567862667259362 ], [ -77.090456324113973, 42.56779686725946 ], [ -77.090478524113962, 42.567780467259468 ], [ -77.090478590780606, 42.567731000592914 ], [ -77.09049339078058, 42.56772546725955 ], [ -77.090508190780554, 42.567687067259612 ], [ -77.090537924113846, 42.567588267259794 ], [ -77.09057492411381, 42.567522467259892 ], [ -77.09057492411381, 42.56746206726001 ], [ -77.090589724113784, 42.567451067259981 ], [ -77.090604724113746, 42.567434600593344 ], [ -77.090626790780391, 42.567379667260127 ], [ -77.090641724113709, 42.56735780059347 ], [ -77.090626790780391, 42.567324867260197 ], [ -77.090641724113709, 42.567313867260225 ], [ -77.090656524113683, 42.567297400593588 ], [ -77.090671324113657, 42.567226067260322 ], [ -77.090708524113609, 42.567198667260413 ], [ -77.090708524113609, 42.567187667260384 ], [ -77.09069359078029, 42.567176667260412 ], [ -77.090708390780264, 42.567171200593748 ], [ -77.090708390780264, 42.567149200593803 ], [ -77.090730724113541, 42.567132800593811 ], [ -77.090730724113541, 42.567121800593839 ], [ -77.090745524113515, 42.567094267260529 ], [ -77.090775190780164, 42.567077867260593 ], [ -77.090775190780164, 42.567061400593957 ], [ -77.090834524113404, 42.566995600594055 ], [ -77.090834590780048, 42.566979067260718 ], [ -77.090864190779996, 42.566962600594081 ], [ -77.090864190779996, 42.566951600594109 ], [ -77.09088652411333, 42.566935200594116 ], [ -77.09088652411333, 42.566907667260864 ], [ -77.090916190779922, 42.566891200594227 ], [ -77.090923524113236, 42.566863800594263 ], [ -77.090923590779937, 42.566836400594298 ], [ -77.090953190779885, 42.566814467260997 ], [ -77.090953190779885, 42.566759467261079 ], [ -77.090968124113203, 42.566754000594415 ], [ -77.090982924113177, 42.56672666726115 ], [ -77.09100512411311, 42.566589400594694 ], [ -77.091019990779785, 42.566578467261365 ], [ -77.091034790779759, 42.566551000594757 ], [ -77.091049724113077, 42.566496067261482 ], [ -77.09107192411301, 42.566479600594846 ], [ -77.091101590779658, 42.566424667261572 ], [ -77.091138724112909, 42.566397267261664 ], [ -77.091138590779565, 42.56638080059497 ], [ -77.091175724112873, 42.566353400595062 ], [ -77.091175724112873, 42.566342400595033 ], [ -77.091227724112798, 42.566287467261816 ], [ -77.091242590779416, 42.566265467261815 ], [ -77.091294524112698, 42.566210600595241 ], [ -77.091301924112656, 42.566172200595304 ], [ -77.091331524112604, 42.566155667262024 ], [ -77.091331524112604, 42.566133800595367 ], [ -77.091346390779279, 42.566128267262059 ], [ -77.091368590779211, 42.566062467262157 ], [ -77.091368724112556, 42.566002067262275 ], [ -77.091346324112578, 42.565897800595735 ], [ -77.091361124112552, 42.565892267262427 ], [ -77.091353724112594, 42.56585386726249 ], [ -77.091361124112552, 42.565842867262518 ], [ -77.091338790779275, 42.565744200595987 ], [ -77.091338790779275, 42.565727667262649 ], [ -77.091368390779223, 42.56567826726274 ], [ -77.091368390779223, 42.565634400596139 ], [ -77.091398124112516, 42.565590467262894 ], [ -77.091398124112516, 42.565552067262956 ], [ -77.091405524112531, 42.565541067262984 ], [ -77.091420324112505, 42.565513667263019 ], [ -77.091449990779097, 42.565458667263101 ], [ -77.091457390779112, 42.565442267263109 ], [ -77.091472324112431, 42.565409267263192 ], [ -77.091501990779022, 42.565387400596535 ], [ -77.091516724112353, 42.565354467263262 ], [ -77.091590990778911, 42.565288600596716 ], [ -77.091613190778844, 42.565272067263379 ], [ -77.091613190778844, 42.565261067263407 ], [ -77.091828524111861, 42.56511840059693 ], [ -77.091879324111801, 42.565086067263678 ], [ -77.091879924111765, 42.565086000596978 ], [ -77.091880324111798, 42.565085800596989 ], [ -77.091880390778442, 42.565085400597013 ], [ -77.091895190778416, 42.565085400597013 ], [ -77.091926524111727, 42.565062267263727 ], [ -77.091954724111645, 42.565041600597056 ], [ -77.0920213907782, 42.565014067263803 ], [ -77.092095724111459, 42.564959200597229 ], [ -77.092155124111343, 42.56493166726392 ], [ -77.092192190777951, 42.564904200597312 ], [ -77.092192124111307, 42.564898667263947 ], [ -77.092273790777824, 42.564816467264109 ], [ -77.092310924111132, 42.564778000597471 ], [ -77.092310924111132, 42.564745067264198 ], [ -77.092325724111106, 42.564662800597659 ], [ -77.09234052411108, 42.564651800597687 ], [ -77.092325590777762, 42.564624267264378 ], [ -77.092325590777762, 42.564569467264448 ], [ -77.092318190777746, 42.564558467264476 ], [ -77.092295790777769, 42.564503600597902 ], [ -77.092266124111177, 42.564459667264657 ], [ -77.0922437907779, 42.564404800598084 ], [ -77.092236390777884, 42.564377400598119 ], [ -77.092214124111251, 42.564284067264907 ], [ -77.092214124111251, 42.564240200598306 ], [ -77.092199190777933, 42.564229200598334 ], [ -77.092214124111251, 42.564185267265088 ], [ -77.092199190777933, 42.564174400598404 ], [ -77.092213990777907, 42.564081067265249 ], [ -77.092243724111199, 42.564037200598648 ], [ -77.092228790777881, 42.564026200598676 ], [ -77.092243724111199, 42.563993200598702 ], [ -77.092273390777848, 42.563976800598709 ], [ -77.092273324111147, 42.563949400598744 ], [ -77.092280790777806, 42.563921867265492 ], [ -77.092310390777754, 42.563900000598835 ], [ -77.092325190777728, 42.563867000598918 ], [ -77.092362324111036, 42.563839600598953 ], [ -77.092362324111036, 42.563817600598952 ], [ -77.092384590777669, 42.563801200599016 ], [ -77.092384590777669, 42.563795667265651 ], [ -77.09242172411092, 42.563757267265714 ], [ -77.092421590777576, 42.563740800599078 ], [ -77.092466190777543, 42.563713267265825 ], [ -77.092466190777543, 42.563702267265796 ], [ -77.092503390777495, 42.563674867265888 ], [ -77.092503324110794, 42.563658400599195 ], [ -77.092540390777401, 42.563631000599287 ], [ -77.092540390777401, 42.563620000599258 ], [ -77.092577524110709, 42.563592467266005 ], [ -77.092577590777353, 42.563576067266013 ], [ -77.092592390777327, 42.563548600599404 ], [ -77.092614590777316, 42.563532067266067 ], [ -77.092644190777264, 42.563460800599501 ], [ -77.092666524110541, 42.5634388672662 ], [ -77.092666524110541, 42.563383867266339 ], [ -77.09269619077719, 42.563367467266346 ], [ -77.09269619077719, 42.563323600599745 ], [ -77.092710990777164, 42.563312600599772 ], [ -77.092733324110441, 42.563241200599862 ], [ -77.092762790777044, 42.563142467266687 ], [ -77.092792590777037, 42.563120467266742 ], [ -77.092792524110337, 42.563060067266804 ], [ -77.09281479077697, 42.563016200600202 ], [ -77.092814724110326, 42.562988800600237 ], [ -77.092829590776944, 42.562977800600265 ], [ -77.092844524110262, 42.562939400600328 ], [ -77.09287412411021, 42.562857000600445 ], [ -77.092896390776843, 42.562840600600509 ], [ -77.0928963241102, 42.562824067267172 ], [ -77.092911190776817, 42.562796667267207 ], [ -77.092933524110151, 42.562780200600571 ], [ -77.092933524110151, 42.562758200600626 ], [ -77.092985390776732, 42.562697800600688 ], [ -77.093000190776706, 42.562670467267424 ], [ -77.093022524109983, 42.562648400600779 ], [ -77.093022390776639, 42.562632000600786 ], [ -77.093059524109947, 42.562604467267533 ], [ -77.093066990776606, 42.562599067267513 ], [ -77.09318572410973, 42.562527667267659 ], [ -77.093237724109656, 42.562489267267722 ], [ -77.093289590776237, 42.562483667267713 ], [ -77.093311924109571, 42.562461800601056 ], [ -77.093363924109497, 42.562456267267748 ], [ -77.093393590776088, 42.562434400601148 ], [ -77.093541990775861, 42.562423267267832 ], [ -77.093564324109138, 42.562423267267832 ], [ -77.093579124109112, 42.562412267267803 ], [ -77.093623724109079, 42.562423267267832 ], [ -77.093638590775697, 42.562412267267803 ], [ -77.093838990775396, 42.562434200601103 ], [ -77.093846390775411, 42.562423200601131 ], [ -77.093861324108673, 42.562434200601103 ], [ -77.09389839077528, 42.562445067267788 ], [ -77.093987524108513, 42.562445067267788 ], [ -77.094046924108397, 42.562467067267733 ], [ -77.094061790775072, 42.56245606726776 ], [ -77.094069124108387, 42.562467000601089 ], [ -77.094098790774979, 42.562467000601089 ], [ -77.094106190774994, 42.56245606726776 ], [ -77.094121124108312, 42.562467067267733 ], [ -77.09413599077493, 42.56245606726776 ], [ -77.094269524108086, 42.562461467267724 ], [ -77.094284390774703, 42.562450467267752 ], [ -77.094358590774618, 42.562434000601115 ], [ -77.094395790774513, 42.562423067267787 ], [ -77.094455190774454, 42.56240660060115 ], [ -77.094507124107679, 42.562401000601199 ], [ -77.094529390774312, 42.562379067267898 ], [ -77.094618390774201, 42.562362600601205 ], [ -77.094640790774179, 42.562346200601269 ], [ -77.094707590774078, 42.56234060060126 ], [ -77.094744724107329, 42.562313200601295 ], [ -77.094833724107161, 42.562274667268014 ], [ -77.094870924107113, 42.562247267268106 ], [ -77.094892990773758, 42.562247267268106 ], [ -77.09496732410696, 42.562197867268139 ], [ -77.09496732410696, 42.562186867268167 ], [ -77.094996924106908, 42.562170400601531 ], [ -77.095033990773516, 42.562121067268265 ], [ -77.095056390773493, 42.562104467268284 ], [ -77.095063724106808, 42.562071600601712 ], [ -77.095085990773441, 42.562049667268411 ], [ -77.095115590773389, 42.561978400601845 ], [ -77.095137990773367, 42.561961800601864 ], [ -77.095137924106723, 42.561923467268571 ], [ -77.095167590773315, 42.561907000601934 ], [ -77.09517499077333, 42.561863067268689 ], [ -77.09517499077333, 42.561841067268688 ], [ -77.095204590773278, 42.561824600602051 ], [ -77.095204590773278, 42.561769667268834 ], [ -77.095219524106597, 42.561758800602149 ], [ -77.095241724106529, 42.561676400602323 ], [ -77.095271390773178, 42.56166000060233 ], [ -77.095271324106534, 42.561627000602357 ], [ -77.095286124106508, 42.561599600602392 ], [ -77.095308390773141, 42.561577600602448 ], [ -77.095308390773141, 42.561544667269175 ], [ -77.095338124106433, 42.561522800602518 ], [ -77.095345524106392, 42.561495267269265 ], [ -77.095352924106407, 42.5614678006026 ], [ -77.095389990773015, 42.561445867269299 ], [ -77.095389990773015, 42.56139646726939 ], [ -77.095412324106292, 42.561380000602753 ], [ -77.095426990772921, 42.561325200602823 ], [ -77.095464124106229, 42.561297667269571 ], [ -77.095464190772873, 42.561259267269634 ], [ -77.095508724106139, 42.561198867269695 ], [ -77.095508590772795, 42.561182400603059 ], [ -77.095545724106103, 42.561155000603094 ], [ -77.095545790772746, 42.561127467269841 ], [ -77.09556059077272, 42.561100067269876 ], [ -77.095582924105997, 42.561078067269875 ], [ -77.095582924105997, 42.561045200603303 ], [ -77.095597724106028, 42.561034200603274 ], [ -77.095612524106002, 42.561017800603338 ], [ -77.095634724105935, 42.560897000603518 ], [ -77.095664324105883, 42.560825600603607 ], [ -77.095664324105883, 42.560743267270425 ], [ -77.095679124105857, 42.560732267270453 ], [ -77.095693990772531, 42.560661000603886 ], [ -77.095723590772479, 42.560578667270647 ], [ -77.095708724105805, 42.560573200603983 ], [ -77.095723590772479, 42.560562200604011 ], [ -77.095723590772479, 42.560545667270731 ], [ -77.095730924105794, 42.560534800604046 ], [ -77.09576072410573, 42.560468867270856 ], [ -77.095760590772443, 42.560452467270864 ], [ -77.095775390772417, 42.560441467270891 ], [ -77.095790390772379, 42.560425000604255 ], [ -77.095797724105694, 42.560386600604318 ], [ -77.095827390772286, 42.560370067270981 ], [ -77.095827390772286, 42.560353667271045 ], [ -77.095842190772316, 42.560326200604379 ], [ -77.095864524105593, 42.560309667271099 ], [ -77.095879324105567, 42.560243867271197 ], [ -77.095901524105557, 42.56022740060456 ], [ -77.095901524105557, 42.560216400604588 ], [ -77.095916390772175, 42.560172467271286 ], [ -77.095946124105467, 42.56015606727135 ], [ -77.095946124105467, 42.560134067271349 ], [ -77.095953390772138, 42.560106667271384 ], [ -77.095983190772074, 42.560090200604748 ], [ -77.095968324105399, 42.560079200604775 ], [ -77.096034990772011, 42.559942000604963 ], [ -77.096020190772037, 42.559936467271655 ], [ -77.096035124105299, 42.559925467271682 ], [ -77.096042324105326, 42.559815800605179 ], [ -77.096049790771985, 42.559810267271871 ], [ -77.096042324105326, 42.559782800605262 ], [ -77.096049790771985, 42.559771867271934 ], [ -77.096042324105326, 42.559728000605332 ], [ -77.096042190771982, 42.559623667272149 ], [ -77.096057190771944, 42.559618200605485 ], [ -77.096042324105326, 42.559607200605512 ], [ -77.096049590771941, 42.559508400605637 ], [ -77.096064390771971, 42.559459067272428 ], [ -77.096049590771941, 42.559453600605764 ], [ -77.096064390771971, 42.559442600605792 ], [ -77.096064390771971, 42.559431600605762 ], [ -77.096049590771941, 42.559387667272517 ], [ -77.096079190771945, 42.559371267272525 ], [ -77.096094124105207, 42.559305267272634 ], [ -77.096093990771919, 42.559267000606042 ], [ -77.096116190771852, 42.559250400606061 ], [ -77.096116324105196, 42.559223067272796 ], [ -77.096145924105144, 42.559151667272886 ], [ -77.096145924105144, 42.559124267272921 ], [ -77.096160724105118, 42.559113267272949 ], [ -77.096168124105134, 42.559058400606375 ], [ -77.096160590771774, 42.558943200606564 ], [ -77.096138324105141, 42.558921200606562 ], [ -77.096138390771841, 42.558893800606597 ], [ -77.09605659077198, 42.558827867273408 ], [ -77.096004724105399, 42.558822467273387 ], [ -77.095982390772065, 42.558800600606787 ], [ -77.095878524105558, 42.558778600606786 ], [ -77.095856190772281, 42.558778600606786 ], [ -77.095833990772292, 42.558762067273506 ], [ -77.095781924105722, 42.558751200606821 ], [ -77.095759724105733, 42.558734800606885 ], [ -77.095700324105849, 42.558712800606884 ], [ -77.095611124105972, 42.558685400606919 ], [ -77.095566590772705, 42.558658000607011 ], [ -77.095536924106113, 42.558658000607011 ], [ -77.09551459077278, 42.558636000607009 ], [ -77.095499724106162, 42.558636000607009 ], [ -77.095388390772996, 42.558570200607107 ], [ -77.09529179077316, 42.558498867273897 ], [ -77.09529179077316, 42.558487867273925 ], [ -77.095262190773212, 42.558449467273988 ], [ -77.095224990773261, 42.558405600607387 ], [ -77.095187790773309, 42.558378200607422 ], [ -77.095187790773309, 42.558361667274085 ], [ -77.095165524106676, 42.558306867274212 ], [ -77.095128324106724, 42.558268467274274 ], [ -77.095083790773458, 42.558186200607736 ], [ -77.095054124106866, 42.558158667274427 ], [ -77.095024390773574, 42.558092867274524 ], [ -77.094987190773622, 42.558054467274587 ], [ -77.094987190773622, 42.558016000608006 ], [ -77.094950124107015, 42.557983067274677 ], [ -77.094942590773712, 42.557917267274775 ], [ -77.094912990773707, 42.557900800608138 ], [ -77.094905390773761, 42.557835000608236 ], [ -77.094883124107128, 42.557813000608292 ], [ -77.094868190773809, 42.557725200608445 ], [ -77.094883124107128, 42.557714267275117 ], [ -77.094868324107154, 42.557675800608479 ], [ -77.094883124107128, 42.557670267275171 ], [ -77.094875590773768, 42.557642867275206 ], [ -77.094875590773768, 42.557577067275304 ], [ -77.09486072410715, 42.557566067275332 ], [ -77.094890390773742, 42.557412400608939 ], [ -77.094875524107124, 42.55740140060891 ], [ -77.094890324107098, 42.557395867275602 ], [ -77.094890324107098, 42.557324600609036 ], [ -77.094934790773721, 42.557297067275783 ], [ -77.094934790773721, 42.557269667275818 ], [ -77.094919990773747, 42.557258800609134 ], [ -77.094934790773721, 42.557247800609161 ], [ -77.094934790773721, 42.557220267275909 ], [ -77.094949724106982, 42.557214800609245 ], [ -77.094934790773721, 42.557203800609216 ], [ -77.094956990773653, 42.55718740060928 ], [ -77.094956990773653, 42.557165400609279 ], [ -77.09500159077362, 42.557105067276041 ], [ -77.09500152410692, 42.557077600609432 ], [ -77.095023790773553, 42.557061200609439 ], [ -77.095023724106909, 42.557039200609495 ], [ -77.095038590773527, 42.557033667276187 ], [ -77.095038590773527, 42.557011667276186 ], [ -77.095060924106861, 42.55699526727625 ], [ -77.095090590773452, 42.556929400609647 ], [ -77.095112790773442, 42.556912867276367 ], [ -77.095112724106741, 42.556896467276374 ], [ -77.09514239077339, 42.556869000609765 ], [ -77.095164724106667, 42.556852600609773 ], [ -77.095164724106667, 42.55682506727652 ], [ -77.095201790773274, 42.556797667276555 ], [ -77.095209190773289, 42.55677020060989 ], [ -77.09524632410654, 42.556742667276637 ], [ -77.09524632410654, 42.556715400610017 ], [ -77.09526852410653, 42.556698800610036 ], [ -77.095298324106466, 42.55664946727677 ], [ -77.095320524106455, 42.556622067276805 ], [ -77.095320524106455, 42.55657806727686 ], [ -77.095350124106403, 42.556561600610223 ], [ -77.095350124106403, 42.556545067276943 ], [ -77.095357524106362, 42.556534200610258 ], [ -77.095364990773021, 42.556506800610293 ], [ -77.09538712410631, 42.556462867277048 ], [ -77.095372324106336, 42.556451867277076 ], [ -77.0953425241064, 42.556342067277228 ], [ -77.095320190773123, 42.556320200610628 ], [ -77.09532032410641, 42.556314667277263 ], [ -77.095283190773159, 42.556276267277326 ], [ -77.095283124106516, 42.556248800610717 ], [ -77.095297990773133, 42.556237800610745 ], [ -77.09529792410649, 42.556232400610725 ], [ -77.095357390773017, 42.556166467277535 ], [ -77.095357324106374, 42.556150000610899 ], [ -77.095431524106232, 42.556095067277624 ], [ -77.095602190772638, 42.555990800611141 ], [ -77.095698590772486, 42.555935867277867 ], [ -77.095728324105778, 42.555919467277874 ], [ -77.095750590772411, 42.555919400611231 ], [ -77.095824790772326, 42.555881000611294 ], [ -77.095876790772252, 42.555875467277986 ], [ -77.095898990772184, 42.555859000611349 ], [ -77.095921324105518, 42.555859000611349 ], [ -77.095936124105492, 42.55584800061132 ], [ -77.09607712410525, 42.555820467278068 ], [ -77.096084590771909, 42.55583146727804 ], [ -77.096158924105112, 42.555897400611286 ], [ -77.096158924105112, 42.555913800611222 ], [ -77.09623319077167, 42.555963200611188 ], [ -77.096277590771592, 42.555963200611188 ], [ -77.096292524104911, 42.555974200611161 ], [ -77.096381590771443, 42.555957667277823 ], [ -77.096478124104635, 42.555946600611207 ], [ -77.096492990771253, 42.555941067277843 ], [ -77.09666372410436, 42.555902667277905 ], [ -77.096693390770952, 42.555886200611269 ], [ -77.096700790770967, 42.555886200611269 ], [ -77.096789790770799, 42.55584220061138 ], [ -77.096893590770662, 42.555770867278113 ], [ -77.096915924103939, 42.555770800611469 ], [ -77.096945590770588, 42.555743467278148 ], [ -77.096997590770513, 42.555710400611531 ], [ -77.09701992410379, 42.555710467278232 ], [ -77.097041990770435, 42.55568846727823 ], [ -77.097071790770372, 42.55568846727823 ], [ -77.097108924103679, 42.555666467278286 ], [ -77.097131190770313, 42.555666467278286 ], [ -77.097168190770219, 42.555655467278314 ], [ -77.097220190770145, 42.555628067278349 ], [ -77.09727219077007, 42.555628067278349 ], [ -77.097309324103321, 42.555611600611712 ], [ -77.097331524103311, 42.555595067278375 ], [ -77.097368724103262, 42.555595067278375 ], [ -77.097442790769833, 42.555562200611803 ], [ -77.097479990769727, 42.555540067278514 ], [ -77.097643190769475, 42.555408400612009 ], [ -77.097650724102834, 42.555391867278729 ], [ -77.097687724102741, 42.555364467278764 ], [ -77.097687724102741, 42.555337067278799 ], [ -77.097724790769348, 42.55530960061219 ], [ -77.097724724102704, 42.555254667278916 ], [ -77.097754390769296, 42.555205267279007 ], [ -77.097739590769322, 42.555199867279043 ], [ -77.097739590769322, 42.555188867279014 ], [ -77.097754390769296, 42.555177867279042 ], [ -77.09776919076927, 42.55504606727925 ], [ -77.097798790769275, 42.554963800612711 ], [ -77.0977839241026, 42.554952800612739 ], [ -77.0977839241026, 42.55494186727941 ], [ -77.097798924102563, 42.554936400612746 ], [ -77.097813590769249, 42.554826667279599 ], [ -77.097820990769208, 42.554815600612926 ], [ -77.097813590769249, 42.554804667279654 ], [ -77.097828390769223, 42.554777200612989 ], [ -77.097828324102522, 42.55474440061306 ], [ -77.097850590769156, 42.554722267279772 ], [ -77.09786539076913, 42.55460706727996 ], [ -77.097865524102474, 42.554590667279967 ], [ -77.097880190769104, 42.554579667279995 ], [ -77.097909790769052, 42.554497267280112 ], [ -77.097932124102385, 42.554453400613511 ], [ -77.097931990769041, 42.554415000613574 ], [ -77.097946924102359, 42.554404000613602 ], [ -77.097961790768977, 42.554371067280329 ], [ -77.097998790768941, 42.554244867280488 ], [ -77.098028524102233, 42.554195400613935 ], [ -77.098028524102233, 42.554140600614005 ], [ -77.098050724102222, 42.554124067280668 ], [ -77.098065524102196, 42.554080200614067 ], [ -77.098065524102196, 42.554052667280814 ], [ -77.09808032410217, 42.554041667280842 ], [ -77.098065524102196, 42.554036267280821 ], [ -77.098095124102144, 42.554014400614165 ], [ -77.098109990768762, 42.553915600614346 ], [ -77.098124790768736, 42.553904600614374 ], [ -77.09814712410207, 42.553849667281099 ], [ -77.098132190768752, 42.553844200614435 ], [ -77.098176590768674, 42.553613667281468 ], [ -77.098183990768632, 42.553471000615048 ], [ -77.098198724101962, 42.553460000615075 ], [ -77.09816899076867, 42.553443467281738 ], [ -77.098183790768644, 42.553416067281773 ], [ -77.09816899076867, 42.553405200615146 ], [ -77.098154124102052, 42.553256867282016 ], [ -77.098139324102078, 42.553246000615388 ], [ -77.098116990768744, 42.55313620061554 ], [ -77.098094590768767, 42.553119800615605 ], [ -77.098094724102111, 42.553092267282295 ], [ -77.098079790768793, 42.553081267282323 ], [ -77.098079724102149, 42.553065000615675 ], [ -77.09805752410216, 42.553048400615694 ], [ -77.098057390768872, 42.553021067282373 ], [ -77.098035124102239, 42.552999000615785 ], [ -77.098012790768905, 42.552944267282498 ], [ -77.097990590768973, 42.552916667282545 ], [ -77.097953390769021, 42.552834467282707 ], [ -77.097931124102388, 42.552807067282743 ], [ -77.09790152410244, 42.552779600616134 ], [ -77.097871724102447, 42.55274120061614 ], [ -77.097834590769196, 42.552702800616203 ], [ -77.097834524102552, 42.552675400616295 ], [ -77.09778259076927, 42.552642467282965 ], [ -77.097723190769386, 42.552565667283091 ], [ -77.097663724102802, 42.552521667283202 ], [ -77.097663724102802, 42.552510667283173 ], [ -77.097641524102812, 42.552483267283208 ], [ -77.0973221241033, 42.552220000616956 ], [ -77.097218124103506, 42.552137667283773 ], [ -77.097106724103639, 42.552033467283934 ], [ -77.097069590770388, 42.552006067283969 ], [ -77.097062124103729, 42.551923800617431 ], [ -77.097062124103729, 42.55190726728415 ], [ -77.097076990770347, 42.551896267284121 ], [ -77.097114124103655, 42.551781000617666 ], [ -77.097151124103618, 42.551715200617764 ], [ -77.097158524103577, 42.551649400617862 ], [ -77.097180724103566, 42.551632800617881 ], [ -77.097158390770232, 42.551578000617951 ], [ -77.097173324103551, 42.551534067284706 ], [ -77.097173324103551, 42.551468267284804 ], [ -77.097150924103573, 42.551451667284823 ], [ -77.097150924103573, 42.551440800618195 ], [ -77.097135990770255, 42.551396867284893 ], [ -77.097113724103622, 42.551375000618293 ], [ -77.097091390770345, 42.551331067285048 ], [ -77.097061790770397, 42.551303600618382 ], [ -77.097002324103812, 42.55123780061848 ], [ -77.096801924104113, 42.551078667285424 ], [ -77.096772124104177, 42.551078800618768 ], [ -77.096527124104568, 42.550919600619011 ], [ -77.096534524104527, 42.550908667285682 ], [ -77.096504924104579, 42.550892200619046 ], [ -77.096482524104601, 42.550820867285836 ], [ -77.096437924104691, 42.550634267286114 ], [ -77.096437924104691, 42.550590400619512 ], [ -77.096563924104487, 42.550480600619665 ], [ -77.09665299077102, 42.550420200619783 ], [ -77.096667924104338, 42.550420200619783 ], [ -77.097202124103489, 42.550063267286987 ], [ -77.097209524103505, 42.550063267286987 ], [ -77.097491524103077, 42.549849067287312 ], [ -77.097491324103089, 42.549827267287355 ], [ -77.097528524102984, 42.549799667287402 ], [ -77.097528524102984, 42.549794267287382 ], [ -77.09758779076958, 42.549750400620781 ], [ -77.097595190769596, 42.549728400620836 ], [ -77.097632324102847, 42.549700867287527 ], [ -77.097632324102847, 42.549695467287563 ], [ -77.097669390769454, 42.549668000620954 ], [ -77.097669390769454, 42.54964060062099 ], [ -77.097721324102679, 42.549602067287708 ], [ -77.097721390769379, 42.549585667287715 ], [ -77.097758390769343, 42.549541800621114 ], [ -77.097773324102604, 42.549514267287861 ], [ -77.097810390769212, 42.549486867287897 ], [ -77.097810324102568, 42.549459400621288 ], [ -77.097832590769201, 42.549443000621295 ], [ -77.097847390769175, 42.549393467288041 ], [ -77.097877124102467, 42.549377067288049 ], [ -77.097884524102426, 42.549322200621475 ], [ -77.097928990769049, 42.54929480062151 ], [ -77.097928924102405, 42.54927826728823 ], [ -77.097936390769064, 42.549234400621629 ], [ -77.0979661241023, 42.549212400621627 ], [ -77.097965990769012, 42.549185000621662 ], [ -77.098003190768907, 42.549152000621746 ], [ -77.098032724102211, 42.54905320062187 ], [ -77.098054990768844, 42.549031267288569 ], [ -77.098069790768818, 42.549003800621961 ], [ -77.098069790768818, 42.548959867288715 ], [ -77.098099390768766, 42.548943467288723 ], [ -77.098106924102126, 42.548894067288813 ], [ -77.098106924102126, 42.548877600622177 ], [ -77.098136524102074, 42.548861200622184 ], [ -77.098136524102074, 42.548806200622266 ], [ -77.098173590768681, 42.548767800622329 ], [ -77.098173590768681, 42.548707467289091 ], [ -77.098188390768655, 42.548696467289119 ], [ -77.098203324101974, 42.548680000622483 ], [ -77.098232924101922, 42.54854280062267 ], [ -77.098254990768567, 42.548444000622851 ], [ -77.09826252410187, 42.548367200622977 ], [ -77.098269790768541, 42.548361667289612 ], [ -77.098262390768525, 42.548312267289703 ], [ -77.098262324101881, 42.548257400623129 ], [ -77.098254924101866, 42.548251867289821 ], [ -77.098240124101892, 42.548230000623164 ], [ -77.098232590768589, 42.548158667289954 ], [ -77.098195524101982, 42.548120267290017 ], [ -77.098195390768637, 42.548081800623379 ], [ -77.098173190768648, 42.548065400623443 ], [ -77.098173190768648, 42.548048867290106 ], [ -77.098143524102056, 42.548027000623506 ], [ -77.098143390768712, 42.548010467290169 ], [ -77.098121190768779, 42.547994000623532 ], [ -77.098121190768779, 42.547983067290204 ], [ -77.098083990768828, 42.547944667290267 ], [ -77.098084124102115, 42.54792820062363 ], [ -77.098039524102205, 42.547878800623721 ], [ -77.098039524102205, 42.547862400623728 ], [ -77.098024590768887, 42.547851400623756 ], [ -77.098002190768909, 42.547769067290574 ], [ -77.098002324102254, 42.547741600623908 ], [ -77.097980124102321, 42.547725200623972 ], [ -77.097979924102276, 42.54768126729067 ], [ -77.098009590768925, 42.547659267290726 ], [ -77.098009590768925, 42.547599000624132 ], [ -77.098046724102176, 42.547533067290942 ], [ -77.098039324102217, 42.547522067290913 ], [ -77.098061390768862, 42.547434267291067 ], [ -77.098068924102165, 42.547351867291184 ], [ -77.098091124102154, 42.547335467291248 ], [ -77.098076190768836, 42.547324467291219 ], [ -77.098105790768784, 42.54717086729147 ], [ -77.098142924102035, 42.547143400624861 ], [ -77.098142924102035, 42.547121467291561 ], [ -77.098172590768684, 42.547099467291616 ], [ -77.098194924101961, 42.547077600624959 ], [ -77.098194790768616, 42.547061067291622 ], [ -77.098231924101924, 42.547033600625014 ], [ -77.098239324101883, 42.546978667291796 ], [ -77.098246724101898, 42.546967800625112 ], [ -77.098239390768583, 42.546962267291804 ], [ -77.098239390768583, 42.546940267291859 ], [ -77.098254190768557, 42.546934800625195 ], [ -77.098239190768595, 42.54690740062523 ], [ -77.098239190768595, 42.546885400625229 ], [ -77.098216990768606, 42.546869000625293 ], [ -77.098216924101962, 42.546852467291956 ], [ -77.098194790768616, 42.546830600625356 ], [ -77.098194724101972, 42.546803067292046 ], [ -77.098157590768722, 42.546775667292081 ], [ -77.098157524102021, 42.546759200625445 ], [ -77.09812039076877, 42.546720800625508 ], [ -77.09812039076877, 42.546704400625515 ], [ -77.098060924102185, 42.546638467292325 ], [ -77.098046124102211, 42.546600067292388 ], [ -77.098008990768903, 42.546572667292423 ], [ -77.098001524102244, 42.546534267292486 ], [ -77.097979324102312, 42.54651780062585 ], [ -77.097964390768993, 42.546490400625885 ], [ -77.097964390768993, 42.54646300062592 ], [ -77.09794212410236, 42.546446467292583 ], [ -77.09794212410236, 42.546419067292618 ], [ -77.097927324102386, 42.546408067292646 ], [ -77.097919790769083, 42.546380667292681 ], [ -77.097904990769109, 42.546364200626044 ], [ -77.097875124102472, 42.546122800626449 ], [ -77.097889924102446, 42.546111800626477 ], [ -77.097889924102446, 42.545996467293321 ], [ -77.09791939076905, 42.545820867293571 ], [ -77.097934324102368, 42.545815400626907 ], [ -77.097949124102342, 42.545776867293625 ], [ -77.097963924102316, 42.54576046729369 ], [ -77.098000990768924, 42.545568400627303 ], [ -77.09800092410228, 42.545524467294058 ], [ -77.098015790768898, 42.545513467294029 ], [ -77.098045390768846, 42.545365267294301 ], [ -77.09806019076882, 42.54535986729428 ], [ -77.098074990768851, 42.545321400627699 ], [ -77.098082390768809, 42.545266467294425 ], [ -77.098126924102075, 42.545206200627888 ], [ -77.098126924102075, 42.545140267294641 ], [ -77.098141790768693, 42.545129400627957 ], [ -77.098149124102065, 42.545112800628033 ], [ -77.098178790768657, 42.545058000628103 ], [ -77.098201124101934, 42.545030600628138 ], [ -77.098200990768646, 42.545014067294801 ], [ -77.098230590768594, 42.544997600628164 ], [ -77.098230590768594, 42.544986600628192 ], [ -77.098267790768546, 42.544948200628255 ], [ -77.098304790768452, 42.54490426729501 ], [ -77.098334524101745, 42.544887800628373 ], [ -77.098334590768445, 42.544871267295036 ], [ -77.098371590768352, 42.544843867295072 ], [ -77.098371590768352, 42.544821867295127 ], [ -77.098423524101634, 42.544778000628526 ], [ -77.098482924101518, 42.544734067295281 ], [ -77.098482924101518, 42.544723067295251 ], [ -77.098571924101407, 42.544651800628742 ], [ -77.098571924101407, 42.544646267295377 ], [ -77.098601590767998, 42.544618800628768 ], [ -77.098608990768014, 42.544596867295468 ], [ -77.09864599076792, 42.544563867295551 ], [ -77.098653390767936, 42.54452000062895 ], [ -77.098690524101187, 42.544481467295668 ], [ -77.098690524101187, 42.544426667295738 ], [ -77.098705324101161, 42.544415667295766 ], [ -77.098690524101187, 42.544382800629137 ], [ -77.098653390767936, 42.544355267295828 ], [ -77.098653390767936, 42.544333400629228 ], [ -77.098630990767958, 42.54431686729589 ], [ -77.098630990767958, 42.54429500062929 ], [ -77.098571590768074, 42.544234600629352 ], [ -77.098571590768074, 42.544207200629387 ], [ -77.098564124101415, 42.544196200629415 ], [ -77.098549324101441, 42.544157867296178 ], [ -77.098526990768107, 42.544114000629577 ], [ -77.098526990768107, 42.544086467296268 ], [ -77.098541790768081, 42.544075467296295 ], [ -77.098526990768107, 42.54404806729633 ], [ -77.098534324101422, 42.543894400629881 ], [ -77.098541724101437, 42.543883400629909 ], [ -77.098534390768123, 42.543878000629945 ], [ -77.098534324101422, 42.543828467296692 ], [ -77.098556590768055, 42.54378460063009 ], [ -77.09856392410137, 42.543740667296788 ], [ -77.098571324101385, 42.543729667296816 ], [ -77.098586124101359, 42.543636400630305 ], [ -77.098615790768008, 42.543620000630312 ], [ -77.098615790768008, 42.54353760063043 ], [ -77.098637990767941, 42.543521200630494 ], [ -77.098637990767941, 42.543504667297157 ], [ -77.098652790767915, 42.543493667297184 ], [ -77.098652790767915, 42.543449867297227 ], [ -77.098682524101207, 42.543373000630709 ], [ -77.098667524101245, 42.543367600630688 ], [ -77.098682390767863, 42.543356600630716 ], [ -77.098712124101155, 42.543312600630827 ], [ -77.098711990767811, 42.543263267297561 ], [ -77.098734324101144, 42.54321940063096 ], [ -77.098734324101144, 42.543186400630987 ], [ -77.0988009907677, 42.543054667297895 ], [ -77.0988009907677, 42.543021667297921 ], [ -77.098830590767648, 42.543005267297929 ], [ -77.098830590767648, 42.542983267297984 ], [ -77.098845390767622, 42.54297780063132 ], [ -77.098845524100966, 42.542950400631355 ], [ -77.098882590767573, 42.542922867298046 ], [ -77.098882524100929, 42.542895467298138 ], [ -77.098897324100903, 42.542884467298109 ], [ -77.098919590767537, 42.5428570006315 ], [ -77.098919590767537, 42.542840600631507 ], [ -77.099008590767369, 42.542758200631681 ], [ -77.099008590767369, 42.542741667298344 ], [ -77.099119924100535, 42.542643000631813 ], [ -77.099275724100266, 42.542560600631987 ], [ -77.099297924100256, 42.542560600631987 ], [ -77.099372124100171, 42.542527600632013 ], [ -77.099401924100107, 42.542516600632041 ], [ -77.099446390766673, 42.542489200632076 ], [ -77.099475990766621, 42.542489067298732 ], [ -77.099498324099955, 42.542472667298796 ], [ -77.099527924099903, 42.542472667298796 ], [ -77.099565124099854, 42.542445267298831 ], [ -77.099587324099787, 42.54244520063213 ], [ -77.099661524099702, 42.542401267298885 ], [ -77.099683724099634, 42.542401267298885 ], [ -77.09973572409956, 42.542379400632228 ], [ -77.099765390766208, 42.542379267298941 ], [ -77.099891524099348, 42.54230786729903 ], [ -77.099965590765862, 42.542242000632484 ], [ -77.099987790765852, 42.542170667299217 ], [ -77.099943324099229, 42.54213226729928 ], [ -77.09994339076593, 42.542126800632616 ], [ -77.099943324099229, 42.542099400632708 ], [ -77.099906190765978, 42.542061000632771 ], [ -77.099906190765978, 42.542039000632769 ], [ -77.099883924099345, 42.542022600632777 ], [ -77.099883924099345, 42.541995067299524 ], [ -77.099861590766068, 42.541978667299531 ], [ -77.099861590766068, 42.541956667299587 ], [ -77.099824524099461, 42.541929267299622 ], [ -77.099824390766116, 42.541923800632958 ], [ -77.099839324099435, 42.541912800632986 ], [ -77.099809590766142, 42.541890867299685 ], [ -77.099809590766142, 42.541885400633021 ], [ -77.099824524099461, 42.541874400633048 ], [ -77.099816990766101, 42.541830467299746 ], [ -77.099816924099457, 42.541737200633236 ], [ -77.099831724099431, 42.541731667299928 ], [ -77.09983919076609, 42.541709667299983 ], [ -77.099831790766075, 42.541704267299963 ], [ -77.099831724099431, 42.541654800633353 ], [ -77.099846524099405, 42.541649267300045 ], [ -77.099868790766038, 42.541539600633541 ], [ -77.099898390765986, 42.541517600633597 ], [ -77.099898324099343, 42.541473800633639 ], [ -77.09991319076596, 42.541462800633667 ], [ -77.09992072409932, 42.541446267300387 ], [ -77.09993539076595, 42.541413400633758 ], [ -77.099972524099201, 42.54137500063382 ], [ -77.09997999076586, 42.541336467300539 ], [ -77.100016990765823, 42.54130360063391 ], [ -77.100016990765823, 42.541265200633973 ], [ -77.100039190765756, 42.541248667300692 ], [ -77.100054124099074, 42.541204800634091 ], [ -77.100054124099074, 42.54118280063409 ], [ -77.100083724099022, 42.541166400634154 ], [ -77.100135590765603, 42.541056600634306 ], [ -77.100172724098911, 42.540996200634424 ], [ -77.100172724098911, 42.540974267301124 ], [ -77.100194924098844, 42.540957667301143 ], [ -77.100239390765466, 42.540858867301267 ], [ -77.100261590765456, 42.540842467301275 ], [ -77.100291324098691, 42.540793067301365 ], [ -77.100298790765351, 42.540776600634729 ], [ -77.100328324098655, 42.540721800634799 ], [ -77.100343124098629, 42.540705267301519 ], [ -77.100350590765288, 42.540666867301582 ], [ -77.10038032409858, 42.540650400634945 ], [ -77.100380190765236, 42.540633867301608 ], [ -77.10039499076521, 42.540622867301636 ], [ -77.100417324098544, 42.540568067301706 ], [ -77.100469190765125, 42.54048566730188 ], [ -77.100469190765125, 42.540469200635243 ], [ -77.100498790765073, 42.540452800635251 ], [ -77.100498924098417, 42.540414400635314 ], [ -77.100513724098391, 42.540403400635341 ], [ -77.100535924098324, 42.540359467302039 ], [ -77.100550790764999, 42.540343000635403 ], [ -77.100535924098324, 42.540315467302094 ], [ -77.100543190764995, 42.540211267302254 ], [ -77.100528390765021, 42.540205800635647 ], [ -77.100543324098339, 42.540194800635618 ], [ -77.100543324098339, 42.540183800635646 ], [ -77.100506124098388, 42.540150867302373 ], [ -77.100505990765043, 42.54011260063578 ], [ -77.100483790765111, 42.540096000635799 ], [ -77.100454190765106, 42.540068667302478 ], [ -77.100446724098504, 42.540030267302541 ], [ -77.100409590765196, 42.540002800635932 ], [ -77.10042439076517, 42.539991867302604 ], [ -77.100387190765218, 42.539964400635995 ], [ -77.100387190765218, 42.539953467302666 ], [ -77.100268390765393, 42.539843667302875 ], [ -77.100194124098891, 42.539788867302946 ], [ -77.100105124099002, 42.539734000636372 ], [ -77.10000859076581, 42.539673667303134 ], [ -77.099971524099203, 42.539646267303169 ], [ -77.099964124099245, 42.539646200636469 ], [ -77.099889790765985, 42.539580400636567 ], [ -77.099852724099378, 42.539509067303356 ], [ -77.099852590766091, 42.539481667303392 ], [ -77.099845190766075, 42.539470600636776 ], [ -77.099830324099457, 42.539443267303454 ], [ -77.099793124099506, 42.539317067303671 ], [ -77.099807990766124, 42.539306067303698 ], [ -77.099822790766098, 42.539179800637214 ], [ -77.099837590766072, 42.539168800637242 ], [ -77.099889524099353, 42.539004200637464 ], [ -77.099919124099301, 42.538987667304184 ], [ -77.099919124099301, 42.538943800637583 ], [ -77.099956190765909, 42.538872400637672 ], [ -77.099948724099249, 42.5388614673044 ], [ -77.099956124099265, 42.538850467304371 ], [ -77.09995599076592, 42.53880660063777 ], [ -77.099985790765857, 42.53879006730449 ], [ -77.099970924099239, 42.538751667304552 ], [ -77.100015324099161, 42.538680400637986 ], [ -77.100015324099161, 42.538658400638042 ], [ -77.100037524099093, 42.538587000638131 ], [ -77.100037590765794, 42.538570600638138 ], [ -77.100081990765716, 42.538504667304949 ], [ -77.100081990765716, 42.538488200638312 ], [ -77.100104324098993, 42.53847180063832 ], [ -77.100119124098967, 42.538422267305066 ], [ -77.100156190765574, 42.538400400638409 ], [ -77.100156190765574, 42.538362000638472 ], [ -77.10022292409883, 42.538296067305282 ], [ -77.10022292409883, 42.538279667305289 ], [ -77.100259924098793, 42.538235800638688 ], [ -77.100282324098714, 42.538219200638707 ], [ -77.100282324098714, 42.538197267305407 ], [ -77.100326790765337, 42.538169867305442 ], [ -77.100326724098636, 42.538142400638833 ], [ -77.100348924098626, 42.538115000638868 ], [ -77.100371324098603, 42.538098467305588 ], [ -77.100378590765274, 42.538071067305623 ], [ -77.100415724098525, 42.538043600638957 ], [ -77.100415590765181, 42.538027200639021 ], [ -77.100437924098514, 42.537983200639076 ], [ -77.100437924098514, 42.537961267305775 ], [ -77.100489924098383, 42.537928400639146 ], [ -77.100489790765096, 42.537889867305864 ], [ -77.10050459076507, 42.5378844006392 ], [ -77.100541724098321, 42.53779120063939 ], [ -77.100571324098269, 42.537774667306053 ], [ -77.100571190764924, 42.537637400639596 ], [ -77.100563790764966, 42.537571600639694 ], [ -77.100541524098333, 42.537555067306414 ], [ -77.100541524098333, 42.537544067306442 ], [ -77.100526724098358, 42.53747826730654 ], [ -77.100504324098381, 42.537461867306547 ], [ -77.100489390765063, 42.537396000640001 ], [ -77.100496924098422, 42.537368467306692 ], [ -77.100481990765104, 42.537363067306728 ], [ -77.10046719076513, 42.537324667306734 ], [ -77.100496790765078, 42.537176467307006 ], [ -77.100511590765052, 42.537171000640342 ], [ -77.100563524098277, 42.537105067307095 ], [ -77.10060052409824, 42.53707766730713 ], [ -77.100615390764858, 42.53707766730713 ], [ -77.10065259076481, 42.537061200640494 ], [ -77.100674790764799, 42.537055667307186 ], [ -77.10077872409795, 42.537000667307268 ], [ -77.100860324097823, 42.536984267307275 ], [ -77.101112590764103, 42.53696220064063 ], [ -77.101149724097411, 42.536967667307295 ], [ -77.101164524097385, 42.53696220064063 ], [ -77.10132039076376, 42.536951200640658 ], [ -77.101424324096968, 42.536934667307378 ], [ -77.101446390763613, 42.536934600640677 ], [ -77.101483590763507, 42.536912667307377 ], [ -77.101498390763481, 42.536912667307377 ], [ -77.101535590763433, 42.536901667307404 ], [ -77.101609724096647, 42.536868800640775 ], [ -77.101631924096637, 42.536841267307523 ], [ -77.101661590763229, 42.536819400640866 ], [ -77.101661590763229, 42.536791867307613 ], [ -77.101683924096562, 42.536775467307621 ], [ -77.101683790763218, 42.536748000641012 ], [ -77.101698590763192, 42.536742467307647 ], [ -77.101765390763092, 42.536605267307891 ], [ -77.101817324096373, 42.536468067308078 ], [ -77.101817190763029, 42.536451600641442 ], [ -77.101846924096321, 42.536402200641533 ], [ -77.101846924096321, 42.53636926730826 ], [ -77.101861724096295, 42.536358267308287 ], [ -77.101846790762977, 42.536314400641686 ], [ -77.101861724096295, 42.536303400641657 ], [ -77.101891324096243, 42.536204600641838 ], [ -77.101876390762925, 42.536177067308529 ], [ -77.101891324096243, 42.536166200641901 ], [ -77.101868924096266, 42.536039867308773 ], [ -77.10188372409624, 42.536012600642152 ], [ -77.101868924096266, 42.535985067308843 ], [ -77.101883790762884, 42.535974067308871 ], [ -77.101868790762921, 42.535930267308913 ], [ -77.101868790762921, 42.535875267308995 ], [ -77.101883590762895, 42.535864267309023 ], [ -77.101876190762937, 42.535858867309059 ], [ -77.101876190762937, 42.535836867309058 ], [ -77.101883590762895, 42.535831467309094 ], [ -77.101876190762937, 42.535804000642429 ], [ -77.101876190762937, 42.535765600642492 ], [ -77.101861324096262, 42.53575460064252 ], [ -77.101876124096236, 42.535749067309212 ], [ -77.101853790762959, 42.535655867309345 ], [ -77.101868724096278, 42.535644867309372 ], [ -77.101853790762959, 42.535617400642764 ], [ -77.101868590762933, 42.535590000642799 ], [ -77.1018463240963, 42.535573467309462 ], [ -77.1018463240963, 42.535562467309489 ], [ -77.101853724096316, 42.535557067309526 ], [ -77.101831524096326, 42.53550766730956 ], [ -77.101831390762982, 42.535480200642951 ], [ -77.101823990763023, 42.535469267309622 ], [ -77.101809124096349, 42.535414400643049 ], [ -77.101786924096416, 42.535397867309769 ], [ -77.101786790763072, 42.535381400643132 ], [ -77.101771924096397, 42.535370467309804 ], [ -77.101764590763082, 42.535332067309866 ], [ -77.101705124096497, 42.535288200643265 ], [ -77.101705124096497, 42.535277200643293 ], [ -77.101667990763247, 42.535238800643356 ], [ -77.10151952409683, 42.535112667310216 ], [ -77.10151952409683, 42.535090667310214 ], [ -77.101482390763522, 42.53506326731025 ], [ -77.101474924096863, 42.535035800643641 ], [ -77.101474990763563, 42.535019400643648 ], [ -77.10145272409693, 42.534997400643704 ], [ -77.101437790763612, 42.534970000643739 ], [ -77.101437790763612, 42.534953467310459 ], [ -77.101415524096979, 42.534937067310466 ], [ -77.101415524096979, 42.534909600643857 ], [ -77.101400724097005, 42.534898600643885 ], [ -77.101393190763645, 42.53487120064392 ], [ -77.101370924097068, 42.534816267310646 ], [ -77.10135599076375, 42.534739467310771 ], [ -77.101348590763735, 42.534734000644107 ], [ -77.101333790763761, 42.534712067310807 ], [ -77.101348590763735, 42.534706600644142 ], [ -77.101326324097101, 42.53462426731096 ], [ -77.101326190763757, 42.534585867311023 ], [ -77.101311390763783, 42.534574867311051 ], [ -77.101303924097124, 42.534542000644421 ], [ -77.101311324097139, 42.534514467311112 ], [ -77.101303924097124, 42.534487067311147 ], [ -77.101318790763798, 42.534476067311175 ], [ -77.101296524097165, 42.534366400644672 ], [ -77.101296390763821, 42.53432786731139 ], [ -77.101311190763795, 42.534322400644783 ], [ -77.101288790763817, 42.533998600645248 ], [ -77.101318390763765, 42.53393826731201 ], [ -77.101296190763833, 42.533910867312045 ], [ -77.101273790763855, 42.533773667312289 ], [ -77.101251524097222, 42.533751800645632 ], [ -77.101236590763904, 42.533718800645715 ], [ -77.10121432409727, 42.533696867312415 ], [ -77.101214390763971, 42.533680400645778 ], [ -77.101192124097338, 42.533658467312478 ], [ -77.101191990763994, 42.533642000645784 ], [ -77.101139990764068, 42.533598067312539 ], [ -77.101095524097445, 42.533559667312602 ], [ -77.101095524097445, 42.533548800645974 ], [ -77.10104359076422, 42.533466400646091 ], [ -77.101036124097561, 42.533450000646098 ], [ -77.10099892409761, 42.53337306731288 ], [ -77.100961790764359, 42.533301800646313 ], [ -77.100954390764343, 42.533279800646369 ], [ -77.100924524097707, 42.533000000646837 ], [ -77.100939324097737, 42.532917667313598 ], [ -77.101020790764267, 42.532681667313966 ], [ -77.101087390764121, 42.532478467314263 ], [ -77.101124390764085, 42.532407267314397 ], [ -77.101124524097429, 42.532379800647789 ], [ -77.101139190764059, 42.532368800647816 ], [ -77.101213324097273, 42.532017467314972 ], [ -77.101220724097288, 42.532006600648344 ], [ -77.101235524097262, 42.531968067315063 ], [ -77.101272524097169, 42.531880400648561 ], [ -77.101302190763818, 42.53181440064867 ], [ -77.101316990763792, 42.531787000648706 ], [ -77.101339190763781, 42.531743067315404 ], [ -77.101383724097047, 42.53167166731555 ], [ -77.101405990763681, 42.531627800648948 ], [ -77.101435590763629, 42.531578467315683 ], [ -77.10147272409688, 42.531507067315772 ], [ -77.101487524096854, 42.531490600649136 ], [ -77.101509590763499, 42.531369867316016 ], [ -77.101509724096843, 42.53135340064938 ], [ -77.101539190763447, 42.531309467316078 ], [ -77.101539190763447, 42.531199667316287 ], [ -77.101554124096765, 42.531188667316314 ], [ -77.101546590763462, 42.531144800649713 ], [ -77.101546590763462, 42.531117400649748 ], [ -77.101531724096787, 42.53110646731642 ], [ -77.101509524096798, 42.531035067316509 ], [ -77.101494590763537, 42.531013067316565 ], [ -77.101464790763544, 42.530876000650096 ], [ -77.101464790763544, 42.53083200065015 ], [ -77.101494324096848, 42.530678400650402 ], [ -77.101494390763492, 42.53063986731712 ], [ -77.101523990763496, 42.530623467317184 ], [ -77.10153879076347, 42.530530200650617 ], [ -77.101560990763403, 42.530513667317337 ], [ -77.101560990763403, 42.530469800650735 ], [ -77.101575790763377, 42.530458867317407 ], [ -77.101590590763351, 42.530431400650798 ], [ -77.101612924096685, 42.530376467317524 ], [ -77.101649924096591, 42.530288667317677 ], [ -77.101701790763173, 42.530206267317794 ], [ -77.101701790763173, 42.530184400651194 ], [ -77.101753724096454, 42.530124000651256 ], [ -77.101768524096428, 42.530069067318038 ], [ -77.10179819076302, 42.530052600651402 ], [ -77.101835190762984, 42.529970400651507 ], [ -77.101849990762958, 42.529953867318227 ], [ -77.101872324096234, 42.529899000651596 ], [ -77.101901924096239, 42.529816667318414 ], [ -77.101938990762847, 42.529767200651804 ], [ -77.101924190762873, 42.529761800651841 ], [ -77.101931590762831, 42.529750667318524 ], [ -77.101968590762795, 42.529717800651895 ], [ -77.101968590762795, 42.52964100065202 ], [ -77.101990790762727, 42.52962446731874 ], [ -77.101998190762743, 42.529514800652237 ], [ -77.101983324096068, 42.529487267318927 ], [ -77.101998124096042, 42.529476267318955 ], [ -77.101975790762765, 42.529388600652396 ], [ -77.101975790762765, 42.529361067319144 ], [ -77.101960990762791, 42.529350067319115 ], [ -77.101931324096199, 42.529284267319269 ], [ -77.101916390762881, 42.529245867319275 ], [ -77.101871790762914, 42.529213000652703 ], [ -77.101871790762914, 42.529202000652731 ], [ -77.101842124096322, 42.529185467319394 ], [ -77.101842124096322, 42.529174467319422 ], [ -77.101819790762988, 42.529147067319457 ], [ -77.10181239076303, 42.5291252006528 ], [ -77.101723324096497, 42.529042867319617 ], [ -77.101723324096497, 42.529026400652981 ], [ -77.10170099076322, 42.529010000652988 ], [ -77.101678724096587, 42.52893306731977 ], [ -77.101693524096561, 42.528922067319797 ], [ -77.101678724096587, 42.528894667319832 ], [ -77.101693590763205, 42.528850800653231 ], [ -77.101730524096467, 42.528713600653475 ], [ -77.101737924096483, 42.528680667320202 ], [ -77.101760190763116, 42.528658800653545 ], [ -77.101760190763116, 42.528603800653627 ], [ -77.10177499076309, 42.528598267320319 ], [ -77.101789724096363, 42.528560000653727 ], [ -77.101774924096389, 42.528532467320417 ], [ -77.101789790763064, 42.528521467320445 ], [ -77.101767390763086, 42.528384267320632 ], [ -77.10178219076306, 42.528378800653968 ], [ -77.101745124096453, 42.528296467320786 ], [ -77.101759990763128, 42.528285600654101 ], [ -77.101745124096453, 42.528274600654129 ], [ -77.101707924096502, 42.528159267320973 ], [ -77.101678124096566, 42.528082467321099 ], [ -77.101678124096566, 42.527994667321252 ], [ -77.101700390763199, 42.527972667321251 ], [ -77.101707790763157, 42.527939800654678 ], [ -77.101715124096529, 42.527928800654706 ], [ -77.101744790763121, 42.527884867321404 ], [ -77.101759724096439, 42.527830000654831 ], [ -77.101781924096429, 42.527813600654838 ], [ -77.101796590763058, 42.527764067321584 ], [ -77.101818990763036, 42.527747667321648 ], [ -77.101818924096335, 42.527720200654983 ], [ -77.10183379076301, 42.527709200655011 ], [ -77.101885724096235, 42.527605000655171 ], [ -77.101915324096183, 42.527555467321918 ], [ -77.101930124096157, 42.527539067321925 ], [ -77.101915190762838, 42.527528200655297 ], [ -77.101915324096183, 42.527511667322017 ], [ -77.101929990762812, 42.527500667321988 ], [ -77.101952190762802, 42.527418400655449 ], [ -77.101952190762802, 42.527374467322204 ], [ -77.101981990762738, 42.527358000655568 ], [ -77.10198179076275, 42.527259200655692 ], [ -77.101996724096068, 42.52724820065572 ], [ -77.10198179076275, 42.527204267322475 ], [ -77.101989190762765, 42.527154867322565 ], [ -77.102004124096084, 42.527094600655971 ], [ -77.101989124096065, 42.527067067322662 ], [ -77.102003990762739, 42.52705606732269 ], [ -77.101989124096065, 42.527012267322789 ], [ -77.101989124096065, 42.526957267322871 ], [ -77.101966724096144, 42.526908000656249 ], [ -77.101966724096144, 42.526875067322976 ], [ -77.101981590762762, 42.526864067323004 ], [ -77.101959324096129, 42.526820200656402 ], [ -77.101936990762852, 42.526754267323156 ], [ -77.101936990762852, 42.526732267323212 ], [ -77.101899924096244, 42.526672067323318 ], [ -77.1018997907629, 42.526650067323317 ], [ -77.101862724096293, 42.526622667323352 ], [ -77.101862724096293, 42.526606200656715 ], [ -77.101825524096341, 42.52657880065675 ], [ -77.101825524096341, 42.526567800656778 ], [ -77.101803324096352, 42.526540400656813 ], [ -77.101766190763101, 42.526502000656876 ], [ -77.101766190763101, 42.526474467323624 ], [ -77.101743924096468, 42.526458067323631 ], [ -77.101743924096468, 42.526447067323659 ], [ -77.101721590763191, 42.526430600657022 ], [ -77.101706724096516, 42.52638666732372 ], [ -77.101714124096532, 42.52636480065712 ], [ -77.10172152409649, 42.526359200657112 ], [ -77.101714124096532, 42.526348267323783 ], [ -77.101699324096558, 42.526309867323846 ], [ -77.101714124096532, 42.526304400657182 ], [ -77.101699324096558, 42.526277000657217 ], [ -77.101714124096532, 42.526266000657245 ], [ -77.101699324096558, 42.526222000657356 ], [ -77.101706590763172, 42.526194600657391 ], [ -77.101728924096506, 42.52617266732409 ], [ -77.101721390763146, 42.526112267324152 ], [ -77.101721390763146, 42.526063000657587 ], [ -77.101728790763161, 42.526057400657578 ], [ -77.101721390763146, 42.52604646732425 ], [ -77.101721324096502, 42.526030000657613 ], [ -77.10173619076312, 42.526019000657641 ], [ -77.101721324096502, 42.525975067324396 ], [ -77.101721190763158, 42.525881800657885 ], [ -77.101736124096476, 42.525870867324556 ], [ -77.101728724096461, 42.525843400657891 ], [ -77.1017357240965, 42.525426267325258 ], [ -77.101750724096462, 42.525376867325292 ], [ -77.101743124096458, 42.525294600658754 ], [ -77.101750524096474, 42.525289067325446 ], [ -77.101735390763167, 42.524905000659373 ], [ -77.101698124096515, 42.524493400659992 ], [ -77.101668324096579, 42.524328667326927 ], [ -77.101683124096553, 42.524317800660299 ], [ -77.101660790763276, 42.524219000660423 ], [ -77.101668190763235, 42.524208000660451 ], [ -77.101660790763276, 42.524197000660479 ], [ -77.101668124096591, 42.524169600660514 ], [ -77.101660790763276, 42.524142200660549 ], [ -77.10167559076325, 42.524136667327241 ], [ -77.101660790763276, 42.524109200660632 ], [ -77.101660724096575, 42.524081800660667 ], [ -77.101653324096617, 42.524070800660695 ], [ -77.101660724096575, 42.524059867327367 ], [ -77.101667924096603, 42.5238512673277 ], [ -77.101682790763221, 42.523840400661015 ], [ -77.101667990763247, 42.523812867327763 ], [ -77.101667924096603, 42.52379640066107 ], [ -77.101682790763221, 42.523697600661251 ], [ -77.101697590763195, 42.523686600661279 ], [ -77.101682724096577, 42.523675600661306 ], [ -77.101690190763236, 42.523620800661377 ], [ -77.101712390763169, 42.523604267328039 ], [ -77.101712324096525, 42.523587800661403 ], [ -77.101771524096421, 42.523368267328408 ], [ -77.101771590763065, 42.523351867328472 ], [ -77.10179372409641, 42.523329867328471 ], [ -77.101808590763028, 42.523258600661904 ], [ -77.101823390763002, 42.523253067328596 ], [ -77.101845590762991, 42.523170667328714 ], [ -77.101882724096242, 42.523143267328749 ], [ -77.101889990762913, 42.523093867328839 ], [ -77.101897524096216, 42.523088400662175 ], [ -77.101927124096164, 42.523022467328985 ], [ -77.101949390762798, 42.523006067328993 ], [ -77.101949390762798, 42.522978600662384 ], [ -77.101964190762772, 42.522967600662355 ], [ -77.102001324096079, 42.522885267329173 ], [ -77.102045724096001, 42.522742600662752 ], [ -77.102045590762657, 42.522621800662932 ], [ -77.102038190762698, 42.52257786732963 ], [ -77.102015790762721, 42.522561467329695 ], [ -77.102015790762721, 42.522539467329693 ], [ -77.101978790762757, 42.522512067329728 ], [ -77.101978790762757, 42.522501067329756 ], [ -77.10195639076278, 42.52248466732982 ], [ -77.101904524096199, 42.522418800663218 ], [ -77.101867324096247, 42.522391400663253 ], [ -77.101867324096247, 42.52238040066328 ], [ -77.101830190762996, 42.522347467330007 ], [ -77.101822790762981, 42.522265200663469 ], [ -77.101822790762981, 42.522243267330168 ], [ -77.101837590763012, 42.52221580066356 ], [ -77.101822790762981, 42.522210267330252 ], [ -77.101837590763012, 42.522171867330258 ], [ -77.101822724096337, 42.522160867330285 ], [ -77.101837524096311, 42.52213346733032 ], [ -77.101830124096352, 42.522128000663656 ], [ -77.101844924096326, 42.5219908006639 ], [ -77.101844790762982, 42.521941400663991 ], [ -77.101859590762956, 42.521935867330626 ], [ -77.101889190762904, 42.521579200664519 ], [ -77.101926190762867, 42.521551800664554 ], [ -77.101933524096182, 42.521496867331336 ], [ -77.101940924096141, 42.521485867331364 ], [ -77.101985524096108, 42.521409000664789 ], [ -77.102007590762696, 42.521354067331572 ], [ -77.10202239076267, 42.521299267331642 ], [ -77.102052124095962, 42.521222400665067 ], [ -77.102051990762675, 42.521090667331976 ], [ -77.102066790762649, 42.521079667332003 ], [ -77.102051990762675, 42.521068800665319 ], [ -77.102036990762656, 42.520865667332316 ], [ -77.102044524096016, 42.520860200665652 ], [ -77.102022124096038, 42.520755867332468 ], [ -77.102029524095997, 42.520723000665839 ], [ -77.102036990762656, 42.520712067332568 ], [ -77.102051590762642, 42.520558267332774 ], [ -77.10206652409596, 42.520547400666146 ], [ -77.102058990762657, 42.520541867332838 ], [ -77.102073790762631, 42.520404667333025 ], [ -77.102073724095931, 42.520349800666452 ], [ -77.10209592409592, 42.520300400666542 ], [ -77.102103390762579, 42.520245467333268 ], [ -77.102110790762538, 42.520240067333305 ], [ -77.102125590762512, 42.520212600666639 ], [ -77.102110790762538, 42.520201600666667 ], [ -77.102118124095909, 42.520174200666702 ], [ -77.102125590762512, 42.520168667333394 ], [ -77.102155190762517, 42.52011380066682 ], [ -77.102140390762486, 42.520086400666855 ], [ -77.102155190762517, 42.520075400666883 ], [ -77.102155190762517, 42.520031467333581 ], [ -77.102184790762465, 42.520009600666981 ], [ -77.102184790762465, 42.519954600667063 ], [ -77.102192324095768, 42.519949200667043 ], [ -77.102207124095742, 42.51992166733379 ], [ -77.102199590762439, 42.519872267333824 ], [ -77.102206990762397, 42.51986686733386 ], [ -77.102206990762397, 42.519844867333916 ], [ -77.102236590762345, 42.51980086733397 ], [ -77.10223672409569, 42.519773600667349 ], [ -77.102266324095638, 42.519702067334094 ], [ -77.102266190762293, 42.519674800667474 ], [ -77.102288390762283, 42.51960340066762 ], [ -77.102295924095586, 42.519554000667654 ], [ -77.102303190762257, 42.519548467334346 ], [ -77.102332790762205, 42.51942780066787 ], [ -77.102369924095512, 42.519339867334679 ], [ -77.102362524095497, 42.519329000668051 ], [ -77.102377324095471, 42.519318000668022 ], [ -77.102377324095471, 42.519301467334742 ], [ -77.10239952409546, 42.519257600668141 ], [ -77.102399390762116, 42.519208200668231 ], [ -77.10241419076209, 42.519202667334866 ], [ -77.102429124095408, 42.519175267334958 ], [ -77.102466124095315, 42.51906546733511 ], [ -77.102466190762016, 42.519049000668474 ], [ -77.102480924095346, 42.519038000668502 ], [ -77.102495790761964, 42.519010600668537 ], [ -77.102503190761922, 42.5189940673352 ], [ -77.102495790761964, 42.518966667335235 ], [ -77.102510524095294, 42.518955667335263 ], [ -77.102510590761938, 42.518939200668626 ], [ -77.102532790761927, 42.518922800668633 ], [ -77.102532790761927, 42.518873400668724 ], [ -77.102547590761901, 42.518867867335416 ], [ -77.102577190761849, 42.518763667335577 ], [ -77.102599524095126, 42.518719667335631 ], [ -77.102599390761782, 42.518653800669085 ], [ -77.102629124095074, 42.518637400669093 ], [ -77.10262899076173, 42.51860446733582 ], [ -77.102643790761704, 42.518593467335847 ], [ -77.102643924095048, 42.51855500066921 ], [ -77.102666124095038, 42.518538600669274 ], [ -77.102665990761693, 42.518522067335937 ], [ -77.102695724094986, 42.518472667336027 ], [ -77.102695724094986, 42.518439800669398 ], [ -77.10271052409496, 42.518428800669426 ], [ -77.102717990761619, 42.518412267336146 ], [ -77.102732724094949, 42.518357467336216 ], [ -77.102769790761556, 42.518319000669578 ], [ -77.102769790761556, 42.518302600669642 ], [ -77.102836590761456, 42.518220200669759 ], [ -77.102858790761388, 42.518203800669767 ], [ -77.102866124094703, 42.518187200669786 ], [ -77.10302932409445, 42.518066467336666 ], [ -77.103036724094466, 42.518072000669974 ], [ -77.103288924094045, 42.517907200670209 ], [ -77.103444590760489, 42.517830400670334 ], [ -77.103466790760478, 42.517830267337047 ], [ -77.103555790760311, 42.517786400670445 ], [ -77.103578124093588, 42.517786400670445 ], [ -77.103667124093477, 42.5177424006705 ], [ -77.103689324093466, 42.517742467337143 ], [ -77.103718990760058, 42.517726000670507 ], [ -77.103793190759973, 42.517704000670562 ], [ -77.10381552409325, 42.517709467337227 ], [ -77.103845124093198, 42.517687467337225 ], [ -77.103852590759857, 42.517698467337254 ], [ -77.103867324093187, 42.517687467337225 ], [ -77.10388959075982, 42.517687467337225 ], [ -77.103904524093082, 42.517682000670561 ], [ -77.104000924092986, 42.517671000670589 ], [ -77.10401572409296, 42.517665467337281 ], [ -77.104112124092808, 42.517654467337309 ], [ -77.104141924092744, 42.517638000670672 ], [ -77.104186324092666, 42.517638000670672 ], [ -77.104201190759341, 42.517632467337307 ], [ -77.104253124092565, 42.517621467337335 ], [ -77.104379190759062, 42.517605000670699 ], [ -77.104416190758968, 42.517605000670699 ], [ -77.104423724092328, 42.517599467337391 ], [ -77.104475590758909, 42.517588467337418 ], [ -77.104564590758741, 42.517572000670782 ], [ -77.104601724092049, 42.517572000670782 ], [ -77.104623990758682, 42.517555600670789 ], [ -77.104727790758488, 42.517539000670808 ], [ -77.104824190758336, 42.517511467337499 ], [ -77.10484652409167, 42.517511467337499 ], [ -77.104876124091618, 42.517495067337563 ], [ -77.10496512409145, 42.517478600670927 ], [ -77.104987390758083, 42.51746206733759 ], [ -77.105009590758073, 42.51746206733759 ], [ -77.105024524091391, 42.517451067337618 ], [ -77.105046790758024, 42.517451067337618 ], [ -77.105098724091249, 42.517423600671009 ], [ -77.105120924091239, 42.517429067337616 ], [ -77.105135724091213, 42.517418067337644 ], [ -77.105157990757846, 42.517418067337644 ], [ -77.105202524091112, 42.517390667337679 ], [ -77.105224790757745, 42.517390600671035 ], [ -77.105246990757678, 42.517374200671043 ], [ -77.10527672409097, 42.517374200671043 ], [ -77.10529892409096, 42.517357667337762 ], [ -77.105321190757593, 42.517357667337762 ], [ -77.105335990757567, 42.51734666733779 ], [ -77.105387924090792, 42.517341200671126 ], [ -77.105462124090707, 42.517302800671189 ], [ -77.105513990757288, 42.51729720067118 ], [ -77.105558524090554, 42.517269667337871 ], [ -77.10566232409036, 42.517242267337963 ], [ -77.105714190756942, 42.517214800671297 ], [ -77.105736524090275, 42.517214867337998 ], [ -77.105751390756893, 42.517209400671334 ], [ -77.105795790756815, 42.517198400671361 ], [ -77.105825524090108, 42.517181867338024 ], [ -77.105862590756715, 42.517181800671381 ], [ -77.105877390756689, 42.517170867338052 ], [ -77.105914524089997, 42.51717640067136 ], [ -77.10593679075663, 42.517154400671416 ], [ -77.105973924089881, 42.517154400671416 ], [ -77.10599612408987, 42.517137867338079 ], [ -77.106033190756477, 42.517137867338079 ], [ -77.106047990756451, 42.517132400671414 ], [ -77.106107390756335, 42.517132400671414 ], [ -77.106137124089628, 42.517115867338134 ], [ -77.106263124089423, 42.517099400671498 ], [ -77.106270590756083, 42.517104800671461 ], [ -77.106359590755972, 42.517088267338181 ], [ -77.106530190755677, 42.517071867338188 ], [ -77.10655992408897, 42.517055400671552 ], [ -77.106604390755592, 42.517055400671552 ], [ -77.106619190755566, 42.517049867338244 ], [ -77.106767524088639, 42.517022400671635 ], [ -77.106797190755287, 42.517005867338298 ], [ -77.106819390755277, 42.517005800671654 ], [ -77.106834324088538, 42.516994800671625 ], [ -77.106841724088554, 42.516994867338326 ], [ -77.107019724088275, 42.516890467338499 ], [ -77.107071590754856, 42.516852067338561 ], [ -77.107249524087933, 42.516720267338769 ], [ -77.107249524087933, 42.516703800672076 ], [ -77.107308924087818, 42.516659867338831 ], [ -77.107308924087818, 42.516649000672203 ], [ -77.107323590754447, 42.516632467338866 ], [ -77.107486790754194, 42.516495200672409 ], [ -77.107486724087551, 42.516478667339129 ], [ -77.107531190754173, 42.516451267339164 ], [ -77.107568324087424, 42.516407267339218 ], [ -77.107590590754057, 42.516385400672618 ], [ -77.107590524087414, 42.516368867339281 ], [ -77.107716590753853, 42.516259200672778 ], [ -77.107716524087209, 42.516242667339498 ], [ -77.107820324087015, 42.516143800672978 ], [ -77.107983390753418, 42.515984600673221 ], [ -77.108027924086684, 42.515946200673284 ], [ -77.108027790753397, 42.515929667339947 ], [ -77.108064924086648, 42.515902267340039 ], [ -77.108064924086648, 42.51589126734001 ], [ -77.108072390753307, 42.515874867340074 ], [ -77.108139124086563, 42.5158200006735 ], [ -77.108139124086563, 42.515803467340163 ], [ -77.10817619075317, 42.515776000673554 ], [ -77.108176124086469, 42.515748600673589 ], [ -77.108213190753077, 42.515721200673624 ], [ -77.108220590753092, 42.515693600673671 ], [ -77.108242924086369, 42.515677200673679 ], [ -77.108242790753025, 42.515638667340397 ], [ -77.108257724086343, 42.515633267340434 ], [ -77.108294724086306, 42.515556467340559 ], [ -77.108294724086306, 42.515540000673923 ], [ -77.108324390752898, 42.515523467340586 ], [ -77.108331724086213, 42.515496067340621 ], [ -77.108331590752925, 42.515446667340711 ], [ -77.108361324086218, 42.51540280067411 ], [ -77.108346524086187, 42.515397267340802 ], [ -77.108361390752862, 42.51538626734083 ], [ -77.10839099075281, 42.515304000674291 ], [ -77.108376124086192, 42.515293000674319 ], [ -77.108420524086114, 42.515139267341226 ], [ -77.108420524086114, 42.515084400674596 ], [ -77.108435190752743, 42.515073467341324 ], [ -77.108420324086126, 42.515029467341378 ], [ -77.108420390752769, 42.514991067341441 ], [ -77.1084351240861, 42.51489240067491 ], [ -77.108427724086084, 42.514832000675028 ], [ -77.108442390752714, 42.514766067341782 ], [ -77.108427524086096, 42.514667400675251 ], [ -77.10844232408607, 42.514617867341997 ], [ -77.108434924086055, 42.514612467342033 ], [ -77.10844232408607, 42.51460140067536 ], [ -77.108434924086055, 42.514557467342115 ], [ -77.108434790752767, 42.514453267342276 ], [ -77.108449590752741, 42.514447800675612 ], [ -77.108434790752767, 42.514420400675647 ], [ -77.108449590752741, 42.514409400675675 ], [ -77.108434724086067, 42.514381867342365 ], [ -77.108442190752726, 42.5143544673424 ], [ -77.108449524086041, 42.514288600675854 ], [ -77.108442124086082, 42.514283200675834 ], [ -77.108456924086056, 42.514244667342609 ], [ -77.108441990752738, 42.514233800675925 ], [ -77.108442124086082, 42.514228267342617 ], [ -77.108456924086056, 42.514217267342644 ], [ -77.108442124086082, 42.514206267342672 ], [ -77.108441990752738, 42.514178867342707 ], [ -77.108456790752712, 42.514173400676043 ], [ -77.108471590752686, 42.514151400676042 ], [ -77.108456790752712, 42.514146000676078 ], [ -77.108456790752712, 42.514091067342804 ], [ -77.108493924085963, 42.514063600676195 ], [ -77.108493790752675, 42.514047200676202 ], [ -77.10848639075266, 42.51403620067623 ], [ -77.108501324085978, 42.514008667342978 ], [ -77.108501190752634, 42.513981267343013 ], [ -77.108508590752649, 42.513970267343041 ], [ -77.108523390752623, 42.513953800676347 ], [ -77.108538190752597, 42.513882467343137 ], [ -77.108552990752571, 42.513871467343165 ], [ -77.108575324085848, 42.513772800676634 ], [ -77.108545390752568, 42.513624467343561 ], [ -77.108500924086002, 42.513569667343631 ], [ -77.108471190752709, 42.513498400677065 ], [ -77.108448924086076, 42.513476467343764 ], [ -77.10840439075281, 42.513432467343875 ], [ -77.108382124086177, 42.513377600677245 ], [ -77.108352390752884, 42.513350267343981 ], [ -77.108344990752869, 42.513328267344036 ], [ -77.108322590752891, 42.513300800677371 ], [ -77.108285524086284, 42.513262400677434 ], [ -77.108248390753033, 42.513229467344161 ], [ -77.108233590753059, 42.513207667344204 ], [ -77.108196524086452, 42.513169200677567 ], [ -77.108174124086474, 42.513141800677658 ], [ -77.1081593240865, 42.513125400677666 ], [ -77.108137124086511, 42.513097867344356 ], [ -77.108099924086616, 42.513059467344419 ], [ -77.108114790753234, 42.513048467344447 ], [ -77.108018324086743, 42.512960667344601 ], [ -77.108010790753383, 42.512922267344663 ], [ -77.107973724086776, 42.512894867344698 ], [ -77.107981190753435, 42.512884000678014 ], [ -77.10792172408685, 42.512829067344796 ], [ -77.107914324086892, 42.512785200678195 ], [ -77.107884590753599, 42.512763267344894 ], [ -77.10787712408694, 42.512708400678321 ], [ -77.107854790753663, 42.512691867344984 ], [ -77.107810190753696, 42.512560200678536 ], [ -77.10777319075379, 42.512527267345263 ], [ -77.10777319075379, 42.512505267345261 ], [ -77.107780524087104, 42.512499867345298 ], [ -77.107750790753812, 42.512466867345324 ], [ -77.107735990753838, 42.512412067345451 ], [ -77.107713724087205, 42.512395600678815 ], [ -77.107713724087205, 42.512357200678878 ], [ -77.107661724087279, 42.512313267345576 ], [ -77.107669190753938, 42.512296800678939 ], [ -77.10763952408729, 42.512274867345639 ], [ -77.107639390754002, 42.512258467345646 ], [ -77.107602324087395, 42.512220000679065 ], [ -77.107609724087354, 42.512203600679072 ], [ -77.107572590754103, 42.51217606734582 ], [ -77.107572590754103, 42.512154200679163 ], [ -77.107542924087454, 42.512126800679198 ], [ -77.107520590754177, 42.512110267345918 ], [ -77.107520724087522, 42.512093867345925 ], [ -77.107498390754188, 42.512071867345981 ], [ -77.107483390754226, 42.512033467346043 ], [ -77.107461190754236, 42.512017067346051 ], [ -77.107461190754236, 42.511989600679442 ], [ -77.107438924087603, 42.511973200679449 ], [ -77.107438924087603, 42.511951200679505 ], [ -77.107379524087719, 42.511896400679575 ], [ -77.107364724087745, 42.511857867346293 ], [ -77.107342390754411, 42.511841467346301 ], [ -77.107342390754411, 42.511825000679664 ], [ -77.107305190754516, 42.511786600679727 ], [ -77.107282924087883, 42.511742667346482 ], [ -77.107223590754643, 42.511682400679888 ], [ -77.107223590754643, 42.511654867346635 ], [ -77.107186390754691, 42.511627467346671 ], [ -77.10720132408801, 42.511622000680006 ], [ -77.107164124088058, 42.511594600680041 ], [ -77.107164124088058, 42.511583600680069 ], [ -77.107156724088043, 42.511561667346768 ], [ -77.107119724088136, 42.511528800680139 ], [ -77.107082524088185, 42.511490400680202 ], [ -77.107082524088185, 42.511473867346865 ], [ -77.107060324088195, 42.511452000680265 ], [ -77.107045324088233, 42.511424467346956 ], [ -77.107045390754877, 42.511408000680319 ], [ -77.106971124088375, 42.511342200680417 ], [ -77.106963724088359, 42.511298267347172 ], [ -77.106926524088408, 42.511265400680543 ], [ -77.106926590755108, 42.511248867347263 ], [ -77.106889390755157, 42.511221467347298 ], [ -77.106889524088501, 42.511194000680632 ], [ -77.106852390755193, 42.511166600680724 ], [ -77.10683012408856, 42.511122667347422 ], [ -77.106792924088609, 42.511084267347485 ], [ -77.106792924088609, 42.511062467347529 ], [ -77.10678552408865, 42.51105686734752 ], [ -77.106770590755332, 42.511018600680927 ], [ -77.106748390755342, 42.510991000680974 ], [ -77.106725990755422, 42.510974600680981 ], [ -77.106711190755391, 42.510936267347745 ], [ -77.106674190755484, 42.510908800681079 ], [ -77.106674190755484, 42.510897867347808 ], [ -77.106614724088899, 42.510799067347932 ], [ -77.106614724088899, 42.510777067347988 ], [ -77.106577524088948, 42.510749667348023 ], [ -77.106592390755623, 42.510744200681359 ], [ -77.106555324089015, 42.510711267348086 ], [ -77.106555190755671, 42.510694800681449 ], [ -77.106510790755749, 42.510651000681491 ], [ -77.106488524089116, 42.510585067348245 ], [ -77.106451324089164, 42.510557667348337 ], [ -77.106451390755808, 42.510530200681671 ], [ -77.106414190755856, 42.510502800681707 ], [ -77.106414124089213, 42.510480800681762 ], [ -77.106391924089223, 42.510464400681769 ], [ -77.106376990755962, 42.510425867348488 ], [ -77.106339924089355, 42.51039846734858 ], [ -77.106310190756062, 42.510332667348678 ], [ -77.10631032408935, 42.510316200682041 ], [ -77.106295390756088, 42.510305200682012 ], [ -77.106287924089429, 42.510288800682076 ], [ -77.106295324089388, 42.510277800682104 ], [ -77.106273124089455, 42.510261400682111 ], [ -77.106273124089455, 42.510233867348802 ], [ -77.106250790756121, 42.510217467348866 ], [ -77.106250790756121, 42.510195467348865 ], [ -77.106198790756196, 42.510113200682326 ], [ -77.106206324089555, 42.510096800682334 ], [ -77.106176524089562, 42.510074800682389 ], [ -77.106154190756286, 42.510014467349151 ], [ -77.10614679075627, 42.509992467349207 ], [ -77.106116990756334, 42.509937600682633 ], [ -77.106109724089663, 42.509910200682668 ], [ -77.106094724089701, 42.509893667349331 ], [ -77.106072524089768, 42.509838867349401 ], [ -77.106050190756434, 42.509756600682863 ], [ -77.106027924089801, 42.509734600682918 ], [ -77.106027924089801, 42.50972906734961 ], [ -77.106012990756483, 42.509663267349708 ], [ -77.10599079075655, 42.509646800683072 ], [ -77.105983324089891, 42.509570000683198 ], [ -77.105960990756557, 42.509553467349861 ], [ -77.10594612408994, 42.509476667349986 ], [ -77.105938790756625, 42.509471200683322 ], [ -77.105901524090029, 42.50938886735014 ], [ -77.105886724090055, 42.509361467350175 ], [ -77.105864390756722, 42.509268200683664 ], [ -77.105864390756722, 42.509213400683734 ], [ -77.105879190756696, 42.509202400683762 ], [ -77.105871724090036, 42.509196800683753 ], [ -77.105871724090036, 42.509185800683781 ], [ -77.105879124090052, 42.509174867350453 ], [ -77.105871790756737, 42.509147467350488 ], [ -77.105871724090036, 42.509059667350641 ], [ -77.10588652409001, 42.509010200684031 ], [ -77.105871590756749, 42.509004667350723 ], [ -77.105945590756619, 42.508757800684464 ], [ -77.105967790756551, 42.508713867351162 ], [ -77.105967790756551, 42.508648000684616 ], [ -77.10598272408987, 42.508637000684644 ], [ -77.106019724089833, 42.508554667351405 ], [ -77.10601219075653, 42.50854920068474 ], [ -77.106019590756489, 42.508538267351469 ], [ -77.106019724089833, 42.508510800684803 ], [ -77.106034524089807, 42.508505267351495 ], [ -77.106049324089781, 42.50847786735153 ], [ -77.106064124089755, 42.508455867351586 ], [ -77.106049324089781, 42.508450400684922 ], [ -77.106064190756399, 42.508439467351593 ], [ -77.106078924089729, 42.508395467351647 ], [ -77.106101124089719, 42.508373600685047 ], [ -77.106101124089719, 42.508329600685101 ], [ -77.106130724089667, 42.508313200685109 ], [ -77.1061529907563, 42.508258267351891 ], [ -77.106167790756274, 42.508241867351899 ], [ -77.106189990756206, 42.508187000685325 ], [ -77.106219590756155, 42.508121000685435 ], [ -77.106241924089488, 42.508104600685442 ], [ -77.106241924089488, 42.50809360068547 ], [ -77.106256724089462, 42.508088067352162 ], [ -77.106241924089488, 42.508077067352133 ], [ -77.106256724089462, 42.508066200685505 ], [ -77.106256590756118, 42.508049800685512 ], [ -77.106286390756054, 42.508033267352232 ], [ -77.1063085240894, 42.507956400685657 ], [ -77.106338124089348, 42.507939867352377 ], [ -77.106338190755991, 42.507912467352412 ], [ -77.106360390755981, 42.507896000685776 ], [ -77.106375190755955, 42.507857600685838 ], [ -77.106397524089232, 42.507841067352501 ], [ -77.106412324089206, 42.507802667352564 ], [ -77.106441924089154, 42.507786200685928 ], [ -77.106449324089169, 42.507753267352655 ], [ -77.106493790755735, 42.507725800686046 ], [ -77.106493724089091, 42.507687400686109 ], [ -77.106530790755698, 42.507660000686144 ], [ -77.106530790755698, 42.507632467352835 ], [ -77.106552990755688, 42.507616000686198 ], [ -77.106582724088923, 42.507561200686268 ], [ -77.106619790755587, 42.507533667353016 ], [ -77.106619724088887, 42.507517267353023 ], [ -77.106671590755468, 42.507478800686442 ], [ -77.106671724088812, 42.507473400686422 ], [ -77.106708724088776, 42.507445800686469 ], [ -77.106708724088776, 42.507424000686512 ], [ -77.106745724088682, 42.507401867353224 ], [ -77.106782924088634, 42.507352467353257 ], [ -77.106834724088571, 42.507319600686685 ], [ -77.106834724088571, 42.507308600686713 ], [ -77.106849524088545, 42.507292067353376 ], [ -77.106901390755127, 42.507237200686802 ], [ -77.106923590755116, 42.507209800686837 ], [ -77.107042190754896, 42.507094467353681 ], [ -77.107042190754896, 42.507072600687081 ], [ -77.107064390754886, 42.507056067353744 ], [ -77.10706452408823, 42.507039600687108 ], [ -77.107079324088204, 42.507028600687136 ], [ -77.107101524088137, 42.506968267353898 ], [ -77.107131190754785, 42.506946267353896 ], [ -77.107145924088059, 42.506902400687295 ], [ -77.107145990754759, 42.506885867354015 ], [ -77.107168190754692, 42.506869400687378 ], [ -77.107182924088022, 42.506787067354139 ], [ -77.107212590754614, 42.506765067354195 ], [ -77.107197724087996, 42.506759600687531 ], [ -77.107212590754614, 42.506732267354266 ], [ -77.107212590754614, 42.506677267354348 ], [ -77.107197724087996, 42.506628000687726 ], [ -77.10721252408797, 42.506622467354418 ], [ -77.1072271907546, 42.506463400688006 ], [ -77.107219790754641, 42.506457800687997 ], [ -77.1072271907546, 42.506446867354668 ], [ -77.107219790754641, 42.506381000688123 ], [ -77.107249390754589, 42.506331600688213 ], [ -77.107234590754615, 42.506320667354885 ], [ -77.107264124087919, 42.506210867355037 ], [ -77.107264124087919, 42.506145000688491 ], [ -77.107278924087893, 42.506139467355183 ], [ -77.107286324087852, 42.506117467355182 ], [ -77.107301124087826, 42.506062667355309 ], [ -77.107330790754474, 42.506018800688707 ], [ -77.107330724087774, 42.505991267355398 ], [ -77.107345524087748, 42.505985800688734 ], [ -77.107367790754381, 42.505930867355517 ], [ -77.107397390754329, 42.50588146735555 ], [ -77.107404724087701, 42.505865000688914 ], [ -77.107419590754319, 42.505826667355677 ], [ -77.107449324087611, 42.505810200689041 ], [ -77.107456724087569, 42.505766267355739 ], [ -77.107486324087574, 42.505749800689102 ], [ -77.10748619075423, 42.505722267355793 ], [ -77.107508524087507, 42.505700400689193 ], [ -77.107508590754207, 42.505683867355856 ], [ -77.107538190754155, 42.505667400689219 ], [ -77.107538124087455, 42.505650867355939 ], [ -77.107560390754088, 42.505629000689282 ], [ -77.107560324087444, 42.505612467356002 ], [ -77.107575190754062, 42.50560146735603 ], [ -77.10759012408738, 42.505585067356037 ], [ -77.10760479075401, 42.5055466673561 ], [ -77.107641924087318, 42.505513800689471 ], [ -77.107641924087318, 42.505486267356162 ], [ -77.107693724087198, 42.50544240068956 ], [ -77.107693790753899, 42.505414867356308 ], [ -77.107730790753862, 42.505387467356343 ], [ -77.107730724087162, 42.505360000689734 ], [ -77.107767790753769, 42.505316067356432 ], [ -77.107804924087077, 42.505277667356495 ], [ -77.107804790753733, 42.505261200689858 ], [ -77.107849390753643, 42.505217267356613 ], [ -77.107871590753632, 42.505195267356612 ], [ -77.107871590753632, 42.505178867356676 ], [ -77.107945724086846, 42.505118467356738 ], [ -77.107945724086846, 42.505096467356793 ], [ -77.107982790753454, 42.505069000690185 ], [ -77.107982724086753, 42.505052600690192 ], [ -77.108034590753391, 42.50501406735691 ], [ -77.108034590753391, 42.505008600690246 ], [ -77.108123524086579, 42.504926267357064 ], [ -77.108123590753223, 42.504909800690427 ], [ -77.108175524086505, 42.50487140069049 ], [ -77.108175390753161, 42.504865867357125 ], [ -77.108256990753034, 42.504783600690587 ], [ -77.108471924086018, 42.504547467357668 ], [ -77.108582990752495, 42.504432200691156 ], [ -77.108627590752462, 42.504366400691254 ], [ -77.108627524085762, 42.504295000691343 ], [ -77.108634924085777, 42.504284000691371 ], [ -77.108649524085763, 42.503976667358529 ], [ -77.10871599075233, 42.503713267358933 ], [ -77.108753124085581, 42.503614400692413 ], [ -77.108790124085544, 42.503587000692448 ], [ -77.108797524085503, 42.503559467359196 ], [ -77.108834524085466, 42.503532067359231 ], [ -77.10883459075211, 42.503504600692565 ], [ -77.108871590752074, 42.503477200692657 ], [ -77.108871524085373, 42.50346066735932 ], [ -77.108923390752011, 42.503422267359383 ], [ -77.108923524085299, 42.503405800692747 ], [ -77.108938324085273, 42.503394800692774 ], [ -77.108982790751895, 42.503334467359537 ], [ -77.10903472408512, 42.503296000692899 ], [ -77.10903472408512, 42.503285067359627 ], [ -77.109101324085032, 42.503224667359689 ], [ -77.109279324084753, 42.503081867359924 ], [ -77.109353390751323, 42.503027000693351 ], [ -77.109353390751323, 42.503016000693322 ], [ -77.10959059075094, 42.502867667360249 ], [ -77.109620190750888, 42.502840267360284 ], [ -77.109909324083787, 42.502642600693946 ], [ -77.110072524083535, 42.502510800694154 ], [ -77.110072524083535, 42.502488867360853 ], [ -77.110139124083446, 42.502439467360887 ], [ -77.110190990750027, 42.502384600694313 ], [ -77.110190990750027, 42.502362600694369 ], [ -77.110227990749934, 42.502329667361096 ], [ -77.110227990749934, 42.502313200694459 ], [ -77.110250190749923, 42.502285800694494 ], [ -77.110279924083216, 42.502263800694493 ], [ -77.110279924083216, 42.502247267361213 ], [ -77.110287324083174, 42.502236267361241 ], [ -77.110302124083205, 42.502203400694611 ], [ -77.110383590749734, 42.502121000694729 ], [ -77.110383590749734, 42.502104600694793 ], [ -77.110457724082949, 42.502038667361546 ], [ -77.110457790749592, 42.50202220069491 ], [ -77.11050959074953, 42.501989267361637 ], [ -77.11050959074953, 42.501967267361636 ], [ -77.110635590749325, 42.501868467361817 ], [ -77.110694924082566, 42.501835467361843 ], [ -77.110724590749214, 42.501835467361843 ], [ -77.110761590749121, 42.501808067361878 ], [ -77.110769124082481, 42.501808000695235 ], [ -77.110835790749036, 42.50178060069527 ], [ -77.110857990748968, 42.501775067361962 ], [ -77.110932124082183, 42.50173120069536 ], [ -77.110961790748831, 42.50173120069536 ], [ -77.110984124082108, 42.501709067362071 ], [ -77.110998924082082, 42.501709067362071 ], [ -77.111021124082072, 42.501703667362051 ], [ -77.111072990748653, 42.501676267362086 ], [ -77.11109532408193, 42.501676200695442 ], [ -77.111110124081904, 42.50166520069547 ], [ -77.111161990748485, 42.50165980069545 ], [ -77.111258390748333, 42.501604800695532 ], [ -77.111362190748196, 42.501560867362286 ], [ -77.111384390748185, 42.501544267362306 ], [ -77.111414124081477, 42.501544267362306 ], [ -77.111540124081273, 42.501472867362395 ], [ -77.111562324081206, 42.501473000695739 ], [ -77.111621724081147, 42.501429000695794 ], [ -77.111636390747776, 42.501429000695794 ], [ -77.111710724080979, 42.501385067362548 ], [ -77.111903324080686, 42.501280667362721 ], [ -77.112051590747114, 42.501170867362873 ], [ -77.112207324080202, 42.501044600696389 ], [ -77.112251724080124, 42.501011600696472 ], [ -77.112251724080124, 42.500989667363172 ], [ -77.112318524080024, 42.500945667363226 ], [ -77.112318390746736, 42.500940200696562 ], [ -77.112340590746669, 42.500912800696597 ], [ -77.112355524079987, 42.500890800696652 ], [ -77.112481390746439, 42.500786600696813 ], [ -77.112481390746439, 42.500764600696868 ], [ -77.112533390746364, 42.500720667363566 ], [ -77.11253332407972, 42.50070420069693 ], [ -77.112570390746328, 42.500665800696993 ], [ -77.112599990746276, 42.500578000697146 ], [ -77.112599924079632, 42.500561467363809 ], [ -77.112599924079632, 42.500550467363837 ], [ -77.112666724079531, 42.500468200697298 ], [ -77.11268132407946, 42.500380400697452 ], [ -77.11268879074612, 42.500380267364108 ], [ -77.112703724079438, 42.500363867364115 ], [ -77.112747990746072, 42.500155267364448 ], [ -77.11277759074602, 42.500072867364565 ], [ -77.112775124079349, 42.500073867364563 ], [ -77.11278239074602, 42.500057400697926 ], [ -77.112819524079271, 42.500051867364618 ], [ -77.112826924079286, 42.500040867364646 ], [ -77.112863924079193, 42.499991467364737 ], [ -77.113026924078952, 42.499826800698315 ], [ -77.113078790745533, 42.499777267365062 ], [ -77.113078790745533, 42.499744400698432 ], [ -77.113130790745458, 42.499689467365158 ], [ -77.113145524078789, 42.499618067365304 ], [ -77.113189990745354, 42.49961260069864 ], [ -77.113219524078659, 42.499546800698738 ], [ -77.11324919074525, 42.499481000698836 ], [ -77.113360324078428, 42.499365600699036 ], [ -77.113486324078224, 42.499272267365825 ], [ -77.113664190744601, 42.499156867366025 ], [ -77.113775390744479, 42.499074600699487 ], [ -77.113782790744438, 42.49903620069955 ], [ -77.113901390744275, 42.49894266736635 ], [ -77.1138865240776, 42.49891540069973 ], [ -77.113982924077447, 42.498844000699819 ], [ -77.114041990744056, 42.498772600699908 ], [ -77.114471990743368, 42.498454000700406 ], [ -77.114605390743179, 42.498360667367251 ], [ -77.114694324076368, 42.498278400700713 ], [ -77.115035190742503, 42.498058600701029 ], [ -77.115168590742314, 42.497976200701146 ], [ -77.115316924075387, 42.497893867367964 ], [ -77.115413324075234, 42.497888267367955 ], [ -77.115494924075108, 42.497849867368018 ], [ -77.115591190741611, 42.497844267368066 ], [ -77.115650524074852, 42.497805800701428 ], [ -77.115724724074767, 42.497805800701428 ], [ -77.115769190741332, 42.497783800701484 ], [ -77.115813590741311, 42.497778267368119 ], [ -77.115858190741221, 42.497778267368119 ], [ -77.115880390741211, 42.497761867368183 ], [ -77.115910124074446, 42.497767400701491 ], [ -77.115961990741084, 42.497734400701574 ], [ -77.115976724074358, 42.497685000701608 ], [ -77.115976724074358, 42.497652000701692 ], [ -77.115984124074373, 42.497575200701817 ], [ -77.115976590741013, 42.497547800701852 ], [ -77.115998924074347, 42.497525800701851 ], [ -77.116013724074321, 42.497492867368578 ], [ -77.116013590740977, 42.497366667368794 ], [ -77.115991324074344, 42.497344667368793 ], [ -77.115991324074344, 42.497322800702193 ], [ -77.116020790740947, 42.497191067369045 ], [ -77.116065190740926, 42.497103200702554 ], [ -77.116094924074162, 42.49706480070256 ], [ -77.116109724074136, 42.497026267369336 ], [ -77.116154124074114, 42.496982467369378 ], [ -77.116191124074021, 42.496954867369425 ], [ -77.116228124073984, 42.496894467369543 ], [ -77.116376324073769, 42.496735400703074 ], [ -77.116391190740387, 42.496702400703157 ], [ -77.116465190740257, 42.496647467369883 ], [ -77.116606124073371, 42.496554067370027 ], [ -77.116650590739994, 42.496499200703454 ], [ -77.116761724073172, 42.496405867370299 ], [ -77.11676912407313, 42.49637300070367 ], [ -77.116865390739633, 42.496296067370452 ], [ -77.116872724073005, 42.496263200703822 ], [ -77.116932124072889, 42.496208200703904 ], [ -77.116969124072853, 42.496158800703995 ], [ -77.117006124072759, 42.496125867370722 ], [ -77.117087590739288, 42.496060000704119 ], [ -77.117109790739278, 42.496016067370874 ], [ -77.117146924072529, 42.495972200704273 ], [ -77.117495124072036, 42.495659067371435 ], [ -77.117539590738602, 42.495620667371497 ], [ -77.117524790738628, 42.495593267371532 ], [ -77.117532190738643, 42.495593200704889 ], [ -77.117584124071868, 42.495565800704924 ], [ -77.117747124071627, 42.495423000705159 ], [ -77.117887924071397, 42.495329600705304 ], [ -77.117961990737967, 42.495285667372002 ], [ -77.118006524071234, 42.495285600705358 ], [ -77.11804352407114, 42.495269200705366 ], [ -77.118095390737722, 42.495230800705428 ], [ -77.1181397907377, 42.49517580070551 ], [ -77.118154590737674, 42.49513200070561 ], [ -77.118176924070951, 42.495110000705608 ], [ -77.118206390737555, 42.495055067372391 ], [ -77.118221324070873, 42.495000200705817 ], [ -77.118243524070863, 42.494972667372508 ], [ -77.118250924070821, 42.494961800705823 ], [ -77.118258324070837, 42.494917867372578 ], [ -77.118361990737355, 42.494819000706059 ], [ -77.118502790737125, 42.494747600706205 ], [ -77.118651124070198, 42.49467606737295 ], [ -77.118762324070019, 42.49465420070635 ], [ -77.118791990736668, 42.494643200706321 ], [ -77.118814190736657, 42.494648600706341 ], [ -77.119006990736352, 42.494615600706368 ], [ -77.119043990736259, 42.494582667373095 ], [ -77.119043990736259, 42.494571667373123 ], [ -77.119162590736096, 42.494500200706568 ], [ -77.119162590736096, 42.494472867373304 ], [ -77.119214390736033, 42.49443986737333 ], [ -77.119221790735992, 42.494390467373421 ], [ -77.119244124069326, 42.494374000706784 ], [ -77.119273590735929, 42.494330067373483 ], [ -77.119258790735955, 42.494308200706882 ], [ -77.119295790735862, 42.494280667373573 ], [ -77.11931072406918, 42.494253267373608 ], [ -77.119310590735836, 42.494225800707 ], [ -77.119355124069102, 42.494192800707026 ], [ -77.119355124069102, 42.49417640070709 ], [ -77.119355124069102, 42.49414346737376 ], [ -77.119436590735688, 42.494083000707235 ], [ -77.119458790735621, 42.494044600707298 ], [ -77.119503324068887, 42.494006200707361 ], [ -77.119584724068773, 42.493945800707422 ], [ -77.119747790735175, 42.493824867374258 ], [ -77.119992390734808, 42.493709467374458 ], [ -77.120007190734782, 42.493704000707794 ], [ -77.120081324067996, 42.493660200707893 ], [ -77.120118390734604, 42.493660067374549 ], [ -77.120170324067885, 42.493632667374584 ], [ -77.120207390734492, 42.49363260070794 ], [ -77.120333324067587, 42.493561200708029 ], [ -77.120355590734221, 42.493572067374657 ], [ -77.120474190734058, 42.493500800708091 ], [ -77.120533524067298, 42.493489800708119 ], [ -77.120600324067198, 42.493462200708166 ], [ -77.120689124067042, 42.493423800708229 ], [ -77.120733590733664, 42.493396400708264 ], [ -77.120933724066674, 42.4932974673751 ], [ -77.121015324066548, 42.493242467375183 ], [ -77.121015324066548, 42.493215067375218 ], [ -77.121074590733144, 42.493215067375218 ], [ -77.121119124066411, 42.493187600708609 ], [ -77.121193124066281, 42.4931382007087 ], [ -77.121289390732784, 42.493061267375481 ], [ -77.121289524066128, 42.493044800708844 ], [ -77.12154879073239, 42.492852600709114 ], [ -77.121637724065579, 42.49280306737586 ], [ -77.121659924065568, 42.492797667375896 ], [ -77.121719324065452, 42.492797600709196 ], [ -77.121845324065248, 42.492687800709405 ], [ -77.121845190731904, 42.492649267376123 ], [ -77.121874924065196, 42.492643800709459 ], [ -77.121919324065118, 42.492594467376193 ], [ -77.121948990731767, 42.492539467376275 ], [ -77.122008324065007, 42.492501067376338 ], [ -77.122052724064929, 42.492457200709737 ], [ -77.122067390731559, 42.492429667376427 ], [ -77.12211932406484, 42.492369267376546 ], [ -77.12211932406484, 42.492330867376609 ], [ -77.122156324064804, 42.492297867376635 ], [ -77.12213399073147, 42.492276000710035 ], [ -77.122156190731459, 42.49224860071007 ], [ -77.122148790731444, 42.492221067376761 ], [ -77.122148790731444, 42.492155267376859 ], [ -77.122170990731433, 42.492138800710222 ], [ -77.122156124064759, 42.492111400710257 ], [ -77.122244990731303, 42.492029000710431 ], [ -77.122326524064533, 42.491963067377185 ], [ -77.122370924064455, 42.491908200710611 ], [ -77.122370924064455, 42.491875267377281 ], [ -77.122422790731036, 42.49182026737742 ], [ -77.122430190730995, 42.491781867377426 ], [ -77.122504190730922, 42.491727000710853 ], [ -77.122526524064199, 42.491738000710882 ], [ -77.122608124064072, 42.4916994673776 ], [ -77.12264519073068, 42.4916994673776 ], [ -77.122667390730669, 42.491683000710964 ], [ -77.122689724063946, 42.491694000710936 ], [ -77.122726590730565, 42.491672000710935 ], [ -77.122785990730449, 42.491666467377627 ], [ -77.122882324063653, 42.491611467377709 ], [ -77.122949124063553, 42.491534600711191 ], [ -77.122978590730156, 42.491479800711261 ], [ -77.123008190730104, 42.491452267377952 ], [ -77.123067390730057, 42.491364467378105 ], [ -77.123089724063334, 42.491342600711448 ], [ -77.12308959072999, 42.49128760071153 ], [ -77.123097124063293, 42.491287667378231 ], [ -77.12314892406323, 42.491254600711613 ], [ -77.123245324063078, 42.491172267378374 ], [ -77.123289590729712, 42.491117400711801 ], [ -77.123652790729125, 42.490859200712237 ], [ -77.123823190728842, 42.490760400712361 ], [ -77.12386032406215, 42.490716400712415 ], [ -77.12407519072849, 42.490562667379322 ], [ -77.124178924061653, 42.490507667379404 ], [ -77.124215924061559, 42.49048566737946 ], [ -77.124245524061507, 42.490480200712796 ], [ -77.124297390728145, 42.490452800712831 ], [ -77.124512524061117, 42.490414200712905 ], [ -77.12461632406098, 42.490397667379625 ], [ -77.124645990727572, 42.490419600712926 ], [ -77.124665190727569, 42.490431800712884 ], [ -77.124723990727432, 42.49046166737952 ], [ -77.12474779072744, 42.490471800712839 ], [ -77.124807190727324, 42.490482800712812 ], [ -77.124896124060513, 42.490460867379511 ], [ -77.124903590727172, 42.490455400712847 ], [ -77.124940590727135, 42.490444400712875 ], [ -77.124962924060412, 42.49041700071291 ], [ -77.124992590727061, 42.490400600712917 ], [ -77.125000124060364, 42.49036220071298 ], [ -77.125037190726971, 42.490329267379707 ], [ -77.125103990726871, 42.490247000713168 ], [ -77.125140990726834, 42.490208600713231 ], [ -77.125148590726781, 42.490175600713258 ], [ -77.125163390726755, 42.490142667379985 ], [ -77.12521539072668, 42.490082400713447 ], [ -77.12523759072667, 42.490060400713446 ], [ -77.125371190726469, 42.489972667380243 ], [ -77.125571524059467, 42.489841067380439 ], [ -77.125638190726022, 42.489813600713831 ], [ -77.125675390725974, 42.489786267380566 ], [ -77.125771790725821, 42.489731467380636 ], [ -77.125816324059087, 42.489704000714028 ], [ -77.125905324058976, 42.48966020071407 ], [ -77.126016724058786, 42.489616267380825 ], [ -77.126179790725189, 42.489539467380951 ], [ -77.126231790725114, 42.489512067380986 ], [ -77.126291124058355, 42.489484667381021 ], [ -77.126313390724988, 42.489468267381028 ], [ -77.126365190724925, 42.489457267381056 ], [ -77.126476524058091, 42.489402467381126 ], [ -77.12655072405795, 42.489386000714489 ], [ -77.126684190724404, 42.489320267381288 ], [ -77.12679552405757, 42.489292867381323 ], [ -77.126862190724125, 42.489276400714687 ], [ -77.127069924057139, 42.489260067381394 ], [ -77.12712932405708, 42.489260067381394 ], [ -77.127195990723635, 42.489265600714702 ], [ -77.127218190723568, 42.489287600714647 ], [ -77.127277524056808, 42.489293067381311 ], [ -77.12740352405666, 42.489293200714656 ], [ -77.127455390723242, 42.489265800714691 ], [ -77.12751492405647, 42.489249400714698 ], [ -77.127648324056281, 42.489183600714796 ], [ -77.127722590722783, 42.489167067381516 ], [ -77.127752190722731, 42.489150667381523 ], [ -77.127826390722646, 42.489128800714923 ], [ -77.127982124055734, 42.489106867381622 ], [ -77.128271390721977, 42.489085000714965 ], [ -77.128486324054961, 42.489090600714974 ], [ -77.128753390721215, 42.489057867381689 ], [ -77.128812724054455, 42.489030467381724 ], [ -77.128842324054403, 42.489035867381745 ], [ -77.128938724054251, 42.489019467381752 ], [ -77.128960990720884, 42.489003000715115 ], [ -77.129220524053835, 42.488986667381766 ], [ -77.129428124053504, 42.488986800715111 ], [ -77.129465190720111, 42.488975800715139 ], [ -77.129502324053362, 42.488986800715111 ], [ -77.129554324053288, 42.488975867381782 ], [ -77.129687590719755, 42.488975867381782 ], [ -77.12973959071968, 42.488986867381811 ], [ -77.13025132405221, 42.488998067381772 ], [ -77.130495924051843, 42.489014667381753 ], [ -77.130658990718246, 42.489047667381726 ], [ -77.130703524051512, 42.489047667381726 ], [ -77.130792524051401, 42.489069667381671 ], [ -77.130822124051349, 42.489086200714951 ], [ -77.130948190717788, 42.489102800714932 ], [ -77.130970390717778, 42.489124667381589 ], [ -77.131059324050966, 42.489141200714869 ], [ -77.131155724050814, 42.489185200714815 ], [ -77.131192924050765, 42.489196067381442 ], [ -77.131229790717384, 42.489196067381442 ], [ -77.131244724050646, 42.489196067381442 ], [ -77.131281790717253, 42.489212600714779 ], [ -77.131422590717079, 42.489218200714788 ], [ -77.131444924050356, 42.489212800714768 ], [ -77.131496790716938, 42.489212800714768 ], [ -77.131637790716752, 42.489179867381495 ], [ -77.131852924049724, 42.489114067381593 ], [ -77.131912190716321, 42.489086667381628 ], [ -77.131986324049535, 42.489059267381663 ], [ -77.132060590716094, 42.489020867381726 ], [ -77.132097524049357, 42.489020867381726 ], [ -77.13222372404914, 42.488960600715188 ], [ -77.132305324049014, 42.488933200715223 ], [ -77.132342390715621, 42.488911267381923 ], [ -77.132446190715484, 42.488883867381958 ], [ -77.132668790715115, 42.488829067382028 ], [ -77.132861590714811, 42.488796267382099 ], [ -77.133135924047735, 42.488768867382134 ], [ -77.133172990714343, 42.488758000715507 ], [ -77.13341772404732, 42.488736067382206 ], [ -77.133454724047226, 42.488741600715514 ], [ -77.133914524046531, 42.488747267382166 ], [ -77.133966390713113, 42.488741800715502 ], [ -77.134018324046338, 42.488736400715538 ], [ -77.134203790712718, 42.488709000715573 ], [ -77.134374324045837, 42.488676067382301 ], [ -77.134596790712123, 42.488621400715715 ], [ -77.134633924045431, 42.488604867382378 ], [ -77.134678390711997, 42.488599400715714 ], [ -77.134819390711812, 42.488566467382441 ], [ -77.134923124044974, 42.488555667382457 ], [ -77.135197590711186, 42.488528267382492 ], [ -77.135249390711124, 42.488528267382492 ], [ -77.135375390710919, 42.488555800715801 ], [ -77.135471790710767, 42.488616200715683 ], [ -77.13550879071073, 42.488621800715691 ], [ -77.135545924043981, 42.488621800715691 ], [ -77.135568324043959, 42.488605267382411 ], [ -77.13557559071063, 42.488605267382411 ], [ -77.135642324043829, 42.488561467382453 ], [ -77.13564239071053, 42.48852846738248 ], [ -77.135671990710478, 42.488512000715843 ], [ -77.135679590710481, 42.488479067382571 ], [ -77.135709190710429, 42.488451667382606 ], [ -77.135753790710339, 42.48838580071606 ], [ -77.135835324043569, 42.488298067382857 ], [ -77.135842924043516, 42.48826506738294 ], [ -77.135909590710071, 42.488199267383038 ], [ -77.135916990710086, 42.488166400716409 ], [ -77.13598392404333, 42.488100600716507 ], [ -77.136057990709844, 42.48801280071666 ], [ -77.136132190709759, 42.487919467383449 ], [ -77.136176790709669, 42.487848200716883 ], [ -77.136288124042835, 42.487711000717127 ], [ -77.136325190709442, 42.487661667383861 ], [ -77.13647372404256, 42.487530067384057 ], [ -77.136688790708888, 42.487360000717672 ], [ -77.136918790708535, 42.487217400717896 ], [ -77.136963190708457, 42.487195467384595 ], [ -77.137178390708129, 42.487080267384727 ], [ -77.137230324041354, 42.487052867384818 ], [ -77.137282190707992, 42.487041867384789 ], [ -77.137319324041243, 42.487025467384854 ], [ -77.13744539070774, 42.486987067384916 ], [ -77.137571524040823, 42.486970667384924 ], [ -77.137630790707419, 42.486959800718296 ], [ -77.137905324040332, 42.486778800718525 ], [ -77.138038790706787, 42.48671300071868 ], [ -77.138150124039953, 42.486647067385434 ], [ -77.13820939070655, 42.486630667385441 ], [ -77.138261324039775, 42.486603267385476 ], [ -77.138305790706397, 42.486592267385504 ], [ -77.138372524039596, 42.486559400718875 ], [ -77.138417124039563, 42.486548400718902 ], [ -77.138446724039511, 42.48653200071891 ], [ -77.138491190706077, 42.486521000718938 ], [ -77.13852819070604, 42.486504467385657 ], [ -77.138565324039291, 42.486493600718973 ], [ -77.13863959070585, 42.486455267385736 ], [ -77.138684124039116, 42.486449800719072 ], [ -77.138787924038979, 42.486422267385763 ], [ -77.139195724038302, 42.486318267385911 ], [ -77.139344124038075, 42.486290800719303 ], [ -77.139388524038054, 42.486285400719339 ], [ -77.139566590704419, 42.486247067386046 ], [ -77.139692724037559, 42.486208667386109 ], [ -77.140048590703657, 42.486137467386243 ], [ -77.140211790703404, 42.486099067386249 ], [ -77.140552790702884, 42.486049867386328 ], [ -77.140693790702699, 42.486017000719755 ], [ -77.140968124035567, 42.486000600719763 ], [ -77.141057124035456, 42.485995067386455 ], [ -77.141590924034631, 42.486006267386415 ], [ -77.1422287240336, 42.486001067386439 ], [ -77.142310190700186, 42.486012067386412 ], [ -77.142480724033248, 42.486045067386385 ], [ -77.142784724032765, 42.4860342007197 ], [ -77.143355724031892, 42.485995867386407 ], [ -77.143414990698432, 42.485985000719779 ], [ -77.143600390698168, 42.485963067386479 ], [ -77.143733924031267, 42.485930200719849 ], [ -77.143882190697695, 42.48593026738655 ], [ -77.144015590697506, 42.485935800719858 ], [ -77.144200990697243, 42.485974200719795 ], [ -77.144267724030442, 42.486001667386404 ], [ -77.144312190697065, 42.48601280071972 ], [ -77.144349324030316, 42.486029200719713 ], [ -77.14446039069685, 42.486056600719678 ], [ -77.144497524030101, 42.486073067386315 ], [ -77.14451972403009, 42.486078667386323 ], [ -77.144712524029785, 42.486111600719596 ], [ -77.144808924029633, 42.486106200719576 ], [ -77.14484599069624, 42.486106200719576 ], [ -77.14490532402948, 42.486051400719703 ], [ -77.144935324029404, 42.485535467387137 ], [ -77.144957590696038, 42.485480600720564 ], [ -77.145016990695979, 42.485420267387326 ], [ -77.145091190695837, 42.485365400720752 ], [ -77.145491524028557, 42.485288667387522 ], [ -77.145602790695023, 42.485233867387592 ], [ -77.14564739069499, 42.485206467387684 ], [ -77.145713990694901, 42.485135067387773 ], [ -77.145736390694822, 42.485052800721235 ], [ -77.145736390694822, 42.485014400721298 ], [ -77.145721724028192, 42.484910067388114 ], [ -77.145699390694915, 42.484877067388197 ], [ -77.145677190694926, 42.484805800721631 ], [ -77.145654990694993, 42.484789400721638 ], [ -77.145654990694993, 42.484761867388329 ], [ -77.14561799069503, 42.484734467388421 ], [ -77.14561799069503, 42.484707000721755 ], [ -77.145551324028474, 42.484624667388573 ], [ -77.145432790695338, 42.484421600722214 ], [ -77.145403190695333, 42.48436666738894 ], [ -77.145358790695411, 42.484284400722402 ], [ -77.145269790695579, 42.484108800722709 ], [ -77.14524759069559, 42.484026400722826 ], [ -77.145255190695593, 42.483795867389858 ], [ -77.145270190695555, 42.483554467390206 ], [ -77.145284990695529, 42.483527000723598 ], [ -77.145299990695548, 42.483285600724003 ], [ -77.145322324028825, 42.483115467390917 ], [ -77.145374324028751, 42.48297820072446 ], [ -77.145411390695358, 42.482928867391195 ], [ -77.145426324028676, 42.482896000724566 ], [ -77.145463390695284, 42.482857467391284 ], [ -77.145485590695216, 42.482824600724712 ], [ -77.14550039069519, 42.482802667391411 ], [ -77.145537590695142, 42.482764267391474 ], [ -77.145559790695131, 42.482720400724872 ], [ -77.145663724028282, 42.482616067391689 ], [ -77.145849124028018, 42.482457000725276 ], [ -77.145960390694484, 42.482352800725437 ], [ -77.146034590694399, 42.482292467392199 ], [ -77.146079124027665, 42.482237600725625 ], [ -77.14633872402726, 42.482023667392582 ], [ -77.146390724027185, 42.4819632673927 ], [ -77.146449990693725, 42.481897400726155 ], [ -77.146516790693624, 42.48181520072626 ], [ -77.14652419069364, 42.481776667392978 ], [ -77.146531724026943, 42.481727400726413 ], [ -77.146576190693565, 42.481634067393202 ], [ -77.146591124026827, 42.481612067393257 ], [ -77.146650390693424, 42.481595667393265 ], [ -77.146798724026553, 42.481557267393327 ], [ -77.146887590693041, 42.481513400726726 ], [ -77.1469619240263, 42.481458667393497 ], [ -77.147073124026122, 42.481348867393649 ], [ -77.147110190692729, 42.481315867393675 ], [ -77.147184524025931, 42.481228200727173 ], [ -77.147310590692427, 42.48107446739408 ], [ -77.147369924025668, 42.481008800727523 ], [ -77.147733324025069, 42.480729000727933 ], [ -77.148029990691271, 42.480537000728248 ], [ -77.148193190691018, 42.480443667395036 ], [ -77.148385924024069, 42.480356000728534 ], [ -77.148474990690602, 42.480306600728625 ], [ -77.148593590690382, 42.480235267395358 ], [ -77.149008990689765, 42.479972000729106 ], [ -77.14920179068946, 42.479862267395958 ], [ -77.149387324022484, 42.47972520072949 ], [ -77.149498524022363, 42.479620867396306 ], [ -77.14966172402211, 42.479500200729831 ], [ -77.14984712402179, 42.479341067396774 ], [ -77.149995390688218, 42.479231467396914 ], [ -77.150084390688107, 42.479176600730341 ], [ -77.150329124021027, 42.479039400730585 ], [ -77.150410724020901, 42.478984600730655 ], [ -77.150492324020775, 42.478907800730781 ], [ -77.150499790687434, 42.478874800730807 ], [ -77.150536924020741, 42.478825467397542 ], [ -77.150566590687333, 42.478715667397751 ], [ -77.150566590687333, 42.478633400731212 ], [ -77.150618590687259, 42.478479800731407 ], [ -77.150685324020515, 42.478304200731714 ], [ -77.15072259068711, 42.478156000731929 ], [ -77.150804190686983, 42.477958467398935 ], [ -77.15082652402026, 42.477942000732241 ], [ -77.150841324020234, 42.477892600732332 ], [ -77.150863590686868, 42.477865200732367 ], [ -77.150937724020082, 42.477755400732576 ], [ -77.150989724020008, 42.477695067399338 ], [ -77.151301190686183, 42.47738240073312 ], [ -77.151412524019349, 42.477267200733309 ], [ -77.151486724019264, 42.477184800733426 ], [ -77.151494124019223, 42.477146400733488 ], [ -77.15153119068583, 42.477108067400252 ], [ -77.151582990685768, 42.477047667400313 ], [ -77.151716724018911, 42.476910467400558 ], [ -77.151753790685518, 42.476888600733901 ], [ -77.151931724018539, 42.476806267400718 ], [ -77.152027990685099, 42.476735000734152 ], [ -77.152050324018376, 42.476707600734187 ], [ -77.152094924018286, 42.476499067401164 ], [ -77.152094990684986, 42.476394800734681 ], [ -77.152117324018263, 42.476241067401588 ], [ -77.152154524018215, 42.476114867401748 ], [ -77.152191524018178, 42.476021600735237 ], [ -77.152206390684796, 42.476005067401957 ], [ -77.152213724018111, 42.47596666740202 ], [ -77.15228799068467, 42.475889867402145 ], [ -77.15248819068438, 42.47566500073583 ], [ -77.152503124017699, 42.475648467402493 ], [ -77.152636590684153, 42.475533267402682 ], [ -77.152821990683833, 42.475363200736297 ], [ -77.152888724017089, 42.475319267402995 ], [ -77.153022324016888, 42.475237000736456 ], [ -77.153096390683402, 42.475171200736554 ], [ -77.153266990683164, 42.474990200736841 ], [ -77.153467190682818, 42.474759667403873 ], [ -77.153482124016136, 42.474726800737244 ], [ -77.15350439068277, 42.4747048007373 ], [ -77.153556324016051, 42.474622467404117 ], [ -77.153615590682591, 42.474551200737551 ], [ -77.153645324015883, 42.474496267404277 ], [ -77.153667590682517, 42.474468867404312 ], [ -77.153674990682532, 42.474452400737675 ], [ -77.153689790682506, 42.474430467404375 ], [ -77.153704724015824, 42.474397600737746 ], [ -77.153726924015757, 42.474375600737801 ], [ -77.153741724015731, 42.474342667404528 ], [ -77.153801124015672, 42.474276867404626 ], [ -77.153867790682227, 42.47417806740475 ], [ -77.153964324015419, 42.474068267404959 ], [ -77.154053324015251, 42.473986067405065 ], [ -77.154238724014988, 42.473848867405309 ], [ -77.154335124014835, 42.473794067405379 ], [ -77.154386924014773, 42.473783067405407 ], [ -77.154475924014605, 42.473744667405469 ], [ -77.154572324014453, 42.473728267405477 ], [ -77.154735390680855, 42.47368986740554 ], [ -77.154757724014189, 42.473673467405547 ], [ -77.15480952401407, 42.473662467405575 ], [ -77.154891124013943, 42.473629467405658 ], [ -77.155002390680465, 42.473558267405735 ], [ -77.155032124013758, 42.473536267405791 ], [ -77.155032124013758, 42.473497867405854 ], [ -77.155032190680402, 42.473272867406195 ], [ -77.155076724013668, 42.473064400739815 ], [ -77.155128590680249, 42.472943600740052 ], [ -77.155150924013583, 42.472921667406752 ], [ -77.155202790680164, 42.472839400740213 ], [ -77.155306724013315, 42.472740600740337 ], [ -77.155454990679743, 42.472576000740617 ], [ -77.155462524013103, 42.472537600740679 ], [ -77.155492124013051, 42.472521200740687 ], [ -77.155566324012909, 42.472395000740903 ], [ -77.155573790679568, 42.472356600740966 ], [ -77.155603390679516, 42.472334600740965 ], [ -77.155714590679338, 42.472175400741207 ], [ -77.155773990679279, 42.472104200741342 ], [ -77.155862990679111, 42.471983400741522 ], [ -77.155870524012471, 42.471945000741584 ], [ -77.155900124012419, 42.47192300074164 ], [ -77.155959390678959, 42.471846267408409 ], [ -77.155996524012266, 42.471813267408436 ], [ -77.156107724012088, 42.471698067408624 ], [ -77.156307990678442, 42.471582867408813 ], [ -77.156515524011468, 42.471506067408939 ], [ -77.156567390678049, 42.471500600742274 ], [ -77.1566045240113, 42.471478667408974 ], [ -77.156700924011147, 42.471445800742345 ], [ -77.156752924011073, 42.471434800742372 ], [ -77.156774990677718, 42.47141840074238 ], [ -77.156826990677644, 42.471407400742407 ], [ -77.15688619067754, 42.471380000742442 ], [ -77.157101190677224, 42.471352600742478 ], [ -77.157175390677082, 42.471325200742513 ], [ -77.157219924010349, 42.471286800742575 ], [ -77.157234724010323, 42.471259267409323 ], [ -77.157219990676992, 42.471177000742784 ], [ -77.157197590677072, 42.471160467409447 ], [ -77.157175390677082, 42.471105600742874 ], [ -77.157123590677145, 42.470957467409789 ], [ -77.157131124010505, 42.470880600743214 ], [ -77.157160790677096, 42.470831267409949 ], [ -77.157190390677044, 42.470814800743312 ], [ -77.157227524010352, 42.470814800743312 ], [ -77.157249724010285, 42.47080380074334 ], [ -77.157271990676918, 42.470776400743375 ], [ -77.157249790676985, 42.47074900074341 ], [ -77.157175724010415, 42.470694067410193 ], [ -77.157138590677164, 42.470628200743647 ], [ -77.157168324010456, 42.470491000743834 ], [ -77.157212790677022, 42.470392267410659 ], [ -77.15724992401033, 42.470348267410714 ], [ -77.157301790676911, 42.470277000744147 ], [ -77.157309324010214, 42.47023860074421 ], [ -77.157383524010072, 42.470139867411035 ], [ -77.157398324010103, 42.470101400744454 ], [ -77.157420524010035, 42.470085000744461 ], [ -77.157427924010051, 42.470052000744545 ], [ -77.157464990676658, 42.470002600744579 ], [ -77.157502124009909, 42.469920267411396 ], [ -77.157546590676532, 42.469854467411494 ], [ -77.15756152400985, 42.469816067411557 ], [ -77.157583724009783, 42.469799667411564 ], [ -77.157635590676364, 42.469717400745026 ], [ -77.157709924009566, 42.469624000745171 ], [ -77.1578209906761, 42.469514267412023 ], [ -77.157828524009403, 42.469503400745396 ], [ -77.157880390675984, 42.469453867412085 ], [ -77.157895324009303, 42.469415600745492 ], [ -77.157917390675948, 42.46938806741224 ], [ -77.157969324009173, 42.469305800745701 ], [ -77.157984190675847, 42.469267400745707 ], [ -77.158021390675799, 42.469223467412462 ], [ -77.158117724008946, 42.469075400746021 ], [ -77.158154790675553, 42.468987600746175 ], [ -77.158243924008787, 42.468877867413028 ], [ -77.158303190675326, 42.468812000746425 ], [ -77.158332790675274, 42.468795467413145 ], [ -77.158369924008582, 42.468784467413172 ], [ -77.158429190675122, 42.468757067413208 ], [ -77.158443990675096, 42.468751600746543 ], [ -77.158540390674943, 42.468713200746606 ], [ -77.158592324008225, 42.468702267413278 ], [ -77.158621924008173, 42.468685800746641 ], [ -77.158666390674796, 42.468674800746669 ], [ -77.158710924008062, 42.468636400746732 ], [ -77.158747990674669, 42.46859246741343 ], [ -77.158777724007962, 42.468455267413674 ], [ -77.158777790674606, 42.468411467413716 ], [ -77.158807524007898, 42.468197400747385 ], [ -77.158837124007846, 42.468109600747539 ], [ -77.158911324007704, 42.468016267414328 ], [ -77.158940990674353, 42.467972467414427 ], [ -77.159422924006947, 42.467593867415019 ], [ -77.159467390673512, 42.46753346741508 ], [ -77.159504590673464, 42.467495067415143 ], [ -77.159608390673327, 42.467341467415395 ], [ -77.159615790673286, 42.467303067415457 ], [ -77.159645524006578, 42.467281200748801 ], [ -77.159719590673149, 42.467149467415709 ], [ -77.159808590672981, 42.467067067415826 ], [ -77.159904990672828, 42.467001267415924 ], [ -77.160053324005958, 42.466968400749295 ], [ -77.160142124005802, 42.46694640074935 ], [ -77.160334924005497, 42.466913467416077 ], [ -77.160364590672145, 42.46689160074942 ], [ -77.160512924005218, 42.466858800749492 ], [ -77.160846524004739, 42.466842267416155 ], [ -77.161009524004442, 42.466842400749499 ], [ -77.161580190670236, 42.466815000749534 ], [ -77.161646924003492, 42.466820467416198 ], [ -77.16172112400335, 42.466815067416235 ], [ -77.161758190669957, 42.466787600749569 ], [ -77.161743390669983, 42.46673820074966 ], [ -77.161706324003376, 42.466710800749695 ], [ -77.161698924003417, 42.46668340074973 ], [ -77.161669190670125, 42.466655867416478 ], [ -77.161261724004078, 42.466310067416998 ], [ -77.161202524004182, 42.466183867417215 ], [ -77.161194990670822, 42.466123467417276 ], [ -77.161202524004182, 42.466090600750647 ], [ -77.161202590670825, 42.466052067417365 ], [ -77.161232190670773, 42.466008200750821 ], [ -77.16123212400413, 42.465975400750835 ], [ -77.161254390670763, 42.465936867417554 ], [ -77.161276590670695, 42.465854600751015 ], [ -77.161306324003988, 42.465832667417715 ], [ -77.161313790670647, 42.465777800751141 ], [ -77.161343524003939, 42.465750400751176 ], [ -77.161380590670547, 42.465690000751295 ], [ -77.16141759067051, 42.465596667418083 ], [ -77.161439924003787, 42.465580200751447 ], [ -77.16146219067042, 42.465530800751537 ], [ -77.161565924003582, 42.465443067418335 ], [ -77.161595590670231, 42.465421200751678 ], [ -77.161736390670001, 42.465360800751796 ], [ -77.161847590669822, 42.465283867418577 ], [ -77.161877324003115, 42.465201667418739 ], [ -77.161877324003115, 42.465152267418773 ], [ -77.161840324003208, 42.465015067419017 ], [ -77.161810590669916, 42.464993067419016 ], [ -77.161773590669952, 42.464910800752477 ], [ -77.161781124003255, 42.464790067419358 ], [ -77.161825724003222, 42.464691267419482 ], [ -77.161840390669852, 42.464674800752846 ], [ -77.161862724003129, 42.464609000752944 ], [ -77.161884924003118, 42.464592467419664 ], [ -77.161899790669736, 42.464576000753027 ], [ -77.16191459066971, 42.464537667419734 ], [ -77.161936790669699, 42.464521200753097 ], [ -77.161988724002924, 42.464438800753214 ], [ -77.162025790669531, 42.464389467419949 ], [ -77.162114924002765, 42.464252267420193 ], [ -77.162137124002697, 42.464197400753619 ], [ -77.162159390669331, 42.464180867420282 ], [ -77.16224839066922, 42.463999867420569 ], [ -77.162278124002512, 42.463873667420785 ], [ -77.162300324002445, 42.463851667420784 ], [ -77.162315190669119, 42.46367606742109 ], [ -77.162367124002344, 42.463418200754802 ], [ -77.162404190668951, 42.463270000755017 ], [ -77.162433924002244, 42.463209600755135 ], [ -77.162485790668825, 42.463099867421988 ], [ -77.162507990668814, 42.463028600755422 ], [ -77.162537724002107, 42.46299006742214 ], [ -77.162545190668766, 42.46293526742221 ], [ -77.162574790668714, 42.462891267422322 ], [ -77.162582190668672, 42.462858400755692 ], [ -77.162597124001991, 42.462825467422419 ], [ -77.162611924001965, 42.46279260075579 ], [ -77.162693524001838, 42.462671867422614 ], [ -77.162760324001738, 42.462600600756105 ], [ -77.162982590668094, 42.462414000756382 ], [ -77.163116124001192, 42.462337200756508 ], [ -77.163182790667747, 42.462287867423242 ], [ -77.163190190667763, 42.462243867423297 ], [ -77.163190190667763, 42.46220546742336 ], [ -77.163219924001055, 42.462106667423541 ], [ -77.163227390667714, 42.462035400756974 ], [ -77.163242190667688, 42.461996867423693 ], [ -77.163264524000965, 42.461925600757127 ], [ -77.16335339066751, 42.461843267423944 ], [ -77.163434990667383, 42.461788400757371 ], [ -77.163486924000608, 42.461733600757441 ], [ -77.163501724000582, 42.461706067424132 ], [ -77.163486924000608, 42.461437200757871 ], [ -77.163457390667361, 42.461349400758024 ], [ -77.163427724000712, 42.461327467424724 ], [ -77.163390724000749, 42.461190200758267 ], [ -77.163398124000764, 42.46103106742521 ], [ -77.163435324000716, 42.46085006742544 ], [ -77.163472324000622, 42.460745800758957 ], [ -77.163494590667256, 42.460696400759048 ], [ -77.163501990667271, 42.460647000759138 ], [ -77.163516924000589, 42.460608600759201 ], [ -77.163546590667181, 42.46051526742599 ], [ -77.163568790667171, 42.460498867425997 ], [ -77.163583590667145, 42.460400067426178 ], [ -77.163605924000422, 42.460378067426177 ], [ -77.163613324000437, 42.460312200759631 ], [ -77.163628190667055, 42.46026840075973 ], [ -77.163657924000347, 42.460158600759883 ], [ -77.163680124000336, 42.460142067426546 ], [ -77.16370239066697, 42.460065267426671 ], [ -77.163739390666876, 42.459993867426817 ], [ -77.163769124000169, 42.459911600760279 ], [ -77.163791390666802, 42.459895200760286 ], [ -77.163798724000117, 42.459862200760313 ], [ -77.16382099066675, 42.45982926742704 ], [ -77.163858124000058, 42.459741467427193 ], [ -77.163880390666691, 42.459714067427228 ], [ -77.163991590666512, 42.459549467427507 ], [ -77.164006390666486, 42.45951106742757 ], [ -77.164028590666476, 42.459489067427569 ], [ -77.164080523999701, 42.459417800761003 ], [ -77.164191790666223, 42.459302600761191 ], [ -77.164213990666155, 42.459253200761282 ], [ -77.164273323999396, 42.459198267428008 ], [ -77.164340123999295, 42.459099467428189 ], [ -77.164347390665966, 42.45906660076156 ], [ -77.164362323999285, 42.459028200761622 ], [ -77.164391990665877, 42.458918400761775 ], [ -77.164414190665866, 42.458896467428474 ], [ -77.16441432399921, 42.458715400762117 ], [ -77.164392123999221, 42.458644000762206 ], [ -77.164392123999221, 42.458550667429051 ], [ -77.164414390665854, 42.45850680076245 ], [ -77.164488523999069, 42.45845200076252 ], [ -77.16449579066574, 42.45843546742924 ], [ -77.164488390665724, 42.458408067429275 ], [ -77.164488523999069, 42.458380600762609 ], [ -77.164466323999079, 42.45827640076277 ], [ -77.164473723999095, 42.458100667429733 ], [ -77.164503390665686, 42.457985467429921 ], [ -77.16452572399902, 42.457958067429956 ], [ -77.164592390665575, 42.457875800763418 ], [ -77.164762990665338, 42.457727667430333 ], [ -77.164799990665244, 42.457667267430395 ], [ -77.164859323998485, 42.457601400763849 ], [ -77.165207790664624, 42.457316067430952 ], [ -77.165237390664572, 42.457272200764351 ], [ -77.165267123997864, 42.45698680076481 ], [ -77.165296790664456, 42.456910067431579 ], [ -77.165318990664446, 42.45688260076497 ], [ -77.165370923997727, 42.456816667431724 ], [ -77.165496923997523, 42.456701467431913 ], [ -77.16553399066413, 42.456663067431975 ], [ -77.165571123997381, 42.456613667432066 ], [ -77.165578523997397, 42.456602800765381 ], [ -77.165630390663978, 42.456525867432163 ], [ -77.165719323997166, 42.45642160076568 ], [ -77.165726790663825, 42.456333867432477 ], [ -77.165756523997118, 42.45617466743272 ], [ -77.16577872399705, 42.456147267432755 ], [ -77.165808390663699, 42.456130800766118 ], [ -77.165867590663595, 42.456092400766181 ], [ -77.165964123996787, 42.456092467432825 ], [ -77.166015923996724, 42.456065000766216 ], [ -77.166015923996724, 42.455993667433006 ], [ -77.166038190663357, 42.455872867433186 ], [ -77.166067923996593, 42.45580160076662 ], [ -77.166112323996572, 42.45573566743343 ], [ -77.166142123996508, 42.455653400766892 ], [ -77.166141990663164, 42.455620467433562 ], [ -77.16612719066319, 42.455483267433806 ], [ -77.166105123996545, 42.455433867433896 ], [ -77.16611252399656, 42.455247267434174 ], [ -77.166127390663178, 42.455181467434272 ], [ -77.166127390663178, 42.455082667434397 ], [ -77.166090390663271, 42.45497300076795 ], [ -77.166031123996675, 42.454918067434676 ], [ -77.166023590663372, 42.454912467434667 ], [ -77.166016323996701, 42.454863067434758 ], [ -77.165971790663434, 42.454797267434856 ], [ -77.165979323996737, 42.454758800768275 ], [ -77.166045923996649, 42.454687467435008 ], [ -77.166068190663282, 42.454632667435135 ], [ -77.166134923996538, 42.454566800768532 ], [ -77.166134990663181, 42.454385667435474 ], [ -77.166105390663233, 42.454314400768965 ], [ -77.166142523996484, 42.454177200769152 ], [ -77.166172123996432, 42.454149800769187 ], [ -77.166216590663055, 42.454056400769332 ], [ -77.166246190663003, 42.454029000769367 ], [ -77.166253723996306, 42.453963200769465 ], [ -77.166260990662977, 42.45386986743631 ], [ -77.166342790662839, 42.453436400770329 ], [ -77.166372390662787, 42.453387000770363 ], [ -77.166379790662802, 42.45335946743711 ], [ -77.16639472399612, 42.453315600770509 ], [ -77.166416923996053, 42.453205867437305 ], [ -77.166446590662702, 42.453189400770668 ], [ -77.16645399066266, 42.453140067437459 ], [ -77.166490990662624, 42.453052200770912 ], [ -77.166557723995879, 42.452980867437702 ], [ -77.166594923995774, 42.4529150674378 ], [ -77.166728323995585, 42.452761400771351 ], [ -77.166869123995355, 42.452640667438232 ], [ -77.166906190661962, 42.452569400771665 ], [ -77.16687652399537, 42.452520000771756 ], [ -77.166854390662081, 42.452146800772312 ], [ -77.166884123995374, 42.451971067439274 ], [ -77.166906390662007, 42.451954667439281 ], [ -77.166913790661965, 42.451921800772652 ], [ -77.166928590661939, 42.451888867439379 ], [ -77.166965723995247, 42.451806467439496 ], [ -77.166980523995221, 42.451790067439504 ], [ -77.166995323995195, 42.451751600772923 ], [ -77.167017590661828, 42.45173520077293 ], [ -77.167032523995147, 42.451696800772993 ], [ -77.167054590661735, 42.451680400773057 ], [ -77.16706199066175, 42.451647400773084 ], [ -77.167076990661712, 42.451625467439783 ], [ -77.167106523995017, 42.451559600773237 ], [ -77.16712879066165, 42.451532200773272 ], [ -77.167143590661624, 42.451499200773299 ], [ -77.167165923994901, 42.451471800773334 ], [ -77.167202923994864, 42.451416867440116 ], [ -77.167239990661471, 42.451367467440207 ], [ -77.16725492399479, 42.451340067440242 ], [ -77.167276990661435, 42.451323667440249 ], [ -77.167291923994696, 42.451263267440368 ], [ -77.167314123994686, 42.451241267440366 ], [ -77.167328990661304, 42.451087667440618 ], [ -77.167329123994648, 42.450687067441265 ], [ -77.167366190661255, 42.450555400774761 ], [ -77.167388523994589, 42.450500467441543 ], [ -77.167418123994537, 42.45041806744166 ], [ -77.16744032399447, 42.450401667441668 ], [ -77.167469990661118, 42.450330267441814 ], [ -77.167477390661077, 42.450308400775157 ], [ -77.167492190661051, 42.450253600775227 ], [ -77.167514523994384, 42.450237067441947 ], [ -77.167536790661018, 42.4501492007754 ], [ -77.167551590660992, 42.450127400775443 ], [ -77.167573790660924, 42.450006600775623 ], [ -77.167640590660824, 42.449754200775999 ], [ -77.167662790660813, 42.449732267442698 ], [ -77.167677590660787, 42.449660867442844 ], [ -77.167699923994064, 42.449644400776208 ], [ -77.16770732399408, 42.449600467442906 ], [ -77.167729590660713, 42.449567600776334 ], [ -77.16775192399399, 42.449507200776395 ], [ -77.167781523993938, 42.449485200776451 ], [ -77.167788790660609, 42.449430400776521 ], [ -77.167818590660545, 42.449413867443241 ], [ -77.16784819066055, 42.449238267443491 ], [ -77.167877923993785, 42.449139600776959 ], [ -77.167900123993775, 42.449112200776995 ], [ -77.167914990660393, 42.449057200777077 ], [ -77.167937323993726, 42.449040800777141 ], [ -77.167951990660356, 42.448996867443839 ], [ -77.167974323993633, 42.448975000777239 ], [ -77.167981723993648, 42.448936467443957 ], [ -77.168026190660271, 42.448848667444111 ], [ -77.168040990660245, 42.448832200777474 ], [ -77.168063190660177, 42.448766400777572 ], [ -77.168085523993511, 42.448744467444271 ], [ -77.168100323993485, 42.448695067444305 ], [ -77.168122590660118, 42.448667667444397 ], [ -77.168137323993392, 42.448640200777731 ], [ -77.168159590660025, 42.448612800777767 ], [ -77.168174523993343, 42.448574400777829 ], [ -77.168203990659947, 42.448557867444549 ], [ -77.168211523993307, 42.448492000778003 ], [ -77.168241190659899, 42.448464600778038 ], [ -77.168248523993213, 42.448409667444764 ], [ -77.168278190659862, 42.448393200778128 ], [ -77.168285723993165, 42.448327400778226 ], [ -77.168315323993113, 42.448310867444945 ], [ -77.168337523993102, 42.448228600778407 ], [ -77.168359790659736, 42.448206667445106 ], [ -77.168411723992961, 42.448091400778594 ], [ -77.16843392399295, 42.448069467445293 ], [ -77.168448723992924, 42.448036467445377 ], [ -77.168470990659557, 42.44801460077872 ], [ -77.168500590659505, 42.447959667445502 ], [ -77.168508123992808, 42.44794326744551 ], [ -77.168522990659483, 42.447904867445573 ], [ -77.168582190659379, 42.447828000778998 ], [ -77.168596990659353, 42.447789667445761 ], [ -77.16861932399263, 42.447767600779116 ], [ -77.168745190659138, 42.447570067446065 ], [ -77.168819390658996, 42.447482267446219 ], [ -77.16883419065897, 42.44744940077959 ], [ -77.168856523992304, 42.44743286744631 ], [ -77.168871323992278, 42.447389067446352 ], [ -77.168893590658911, 42.447361600779743 ], [ -77.168967723992125, 42.447268400779876 ], [ -77.169004790658732, 42.447229867446595 ], [ -77.169041790658696, 42.447169467446713 ], [ -77.16905659065867, 42.447131067446776 ], [ -77.169078923991947, 42.447114667446783 ], [ -77.169093723991921, 42.447076200780202 ], [ -77.16911592399191, 42.44705980078021 ], [ -77.169130723991884, 42.447021400780272 ], [ -77.169152990658517, 42.446994000780307 ], [ -77.169189990658424, 42.446939067447033 ], [ -77.16924199065835, 42.446873200780487 ], [ -77.169308723991605, 42.446801867447277 ], [ -77.169330923991538, 42.446730467447367 ], [ -77.169353123991527, 42.446708600780767 ], [ -77.169367923991501, 42.446675667447494 ], [ -77.169390190658135, 42.446648267447529 ], [ -77.169397590658093, 42.446615267447555 ], [ -77.169419790658083, 42.446582400780926 ], [ -77.169442123991359, 42.446511000781072 ], [ -77.169464323991349, 42.446483600781107 ], [ -77.169479123991323, 42.446384867447932 ], [ -77.169501323991312, 42.446362867447931 ], [ -77.169523590657946, 42.446258600781448 ], [ -77.169553390657882, 42.445863467448703 ], [ -77.16958299065783, 42.445808600782129 ], [ -77.169664590657703, 42.445660467449045 ], [ -77.169753590657592, 42.445578067449162 ], [ -77.169812790657488, 42.445528800782597 ], [ -77.169849923990739, 42.445484867449295 ], [ -77.169975923990535, 42.445232400783027 ], [ -77.170035190657131, 42.445166600783125 ], [ -77.170109390656989, 42.445040400783341 ], [ -77.17012412399032, 42.444985467450067 ], [ -77.170153790656968, 42.444969067450131 ], [ -77.170161190656927, 42.444914200783558 ], [ -77.170190923990219, 42.444886800783593 ], [ -77.170198323990235, 42.444831867450318 ], [ -77.170227990656826, 42.444809867450374 ], [ -77.170235323990141, 42.444766000783773 ], [ -77.170265123990077, 42.44474960078378 ], [ -77.170272390656748, 42.444683667450533 ], [ -77.170302123990041, 42.444667267450598 ], [ -77.170309523990056, 42.444584867450715 ], [ -77.170316923990015, 42.444497067450868 ], [ -77.170302190656685, 42.444283067451181 ], [ -77.170331790656689, 42.443992200784976 ], [ -77.170361523989982, 42.443904400785129 ], [ -77.170428190656537, 42.44382206745189 ], [ -77.17043572398984, 42.443789067451974 ], [ -77.170465190656444, 42.443761667452009 ], [ -77.170472723989803, 42.443734267452044 ], [ -77.170561723989636, 42.44362460078554 ], [ -77.170709923989421, 42.443416067452517 ], [ -77.170732123989353, 42.443350200785972 ], [ -77.170761723989358, 42.443333667452634 ], [ -77.170835923989216, 42.443174600786222 ], [ -77.170858190655849, 42.443092200786339 ], [ -77.170887790655797, 42.443075800786403 ], [ -77.170895123989112, 42.443031867453101 ], [ -77.170924790655761, 42.443004467453193 ], [ -77.170932190655719, 42.442955067453227 ], [ -77.170961923989012, 42.442927600786618 ], [ -77.170984123989001, 42.442872800786688 ], [ -77.170998990655619, 42.442856267453408 ], [ -77.171006390655634, 42.442817867453471 ], [ -77.171035990655582, 42.442801400786834 ], [ -77.171080523988849, 42.442680667453658 ], [ -77.17111019065544, 42.442664200787021 ], [ -77.171147190655404, 42.442598400787119 ], [ -77.171184190655367, 42.442565400787203 ], [ -77.171206523988644, 42.442516000787236 ], [ -77.171265790655241, 42.442455667453999 ], [ -77.17133252398844, 42.44237340078746 ], [ -77.171354723988429, 42.442351467454159 ], [ -77.171384390655021, 42.44230746745427 ], [ -77.171362123988388, 42.442137467454529 ], [ -77.171399323988339, 42.441956267454771 ], [ -77.171458590654936, 42.441758800788421 ], [ -77.171466123988239, 42.441692867455174 ], [ -77.171480923988213, 42.441671000788574 ], [ -77.171503123988202, 42.441588600788691 ], [ -77.171532790654794, 42.441533800788761 ], [ -77.171569790654758, 42.441478867455544 ], [ -77.171584590654732, 42.441440467455607 ], [ -77.171628990654654, 42.441374600789004 ], [ -77.171658723987946, 42.441314200789122 ], [ -77.171680923987878, 42.441292267455822 ], [ -77.171703190654512, 42.441237467455892 ], [ -77.171732923987804, 42.441210000789283 ], [ -77.171732790654517, 42.441182467455974 ], [ -77.171755123987793, 42.441155067456009 ], [ -77.171792123987757, 42.441100267456136 ], [ -77.171806990654375, 42.441067267456162 ], [ -77.171843990654338, 42.44102900078957 ], [ -77.171881123987589, 42.440935667456358 ], [ -77.171999723987426, 42.440754600790001 ], [ -77.172066323987281, 42.440683267456791 ], [ -77.172125590653877, 42.440584400790272 ], [ -77.17222939065374, 42.44049106745706 ], [ -77.172273923987007, 42.440452667457123 ], [ -77.172459123986698, 42.440354000790592 ], [ -77.172525923986598, 42.440337600790656 ], [ -77.172696190652971, 42.440310067457347 ], [ -77.172785123986216, 42.440271667457409 ], [ -77.173044523985766, 42.440255200790773 ], [ -77.173103723985719, 42.440216800790836 ], [ -77.173125990652352, 42.440200400790843 ], [ -77.173200123985566, 42.440118067457661 ], [ -77.173214990652184, 42.439937000791247 ], [ -77.173237190652173, 42.439854600791364 ], [ -77.17327419065208, 42.439788800791518 ], [ -77.173289123985398, 42.439750400791524 ], [ -77.173311323985388, 42.439723000791616 ], [ -77.173377990651943, 42.439679000791671 ], [ -77.173474323985147, 42.439651600791706 ], [ -77.173563190651635, 42.439635200791713 ], [ -77.173600390651586, 42.439607667458461 ], [ -77.173600323984942, 42.439311400792235 ], [ -77.173637323984849, 42.43926746745899 ], [ -77.173674390651456, 42.439240067459025 ], [ -77.173726323984738, 42.439229067459053 ], [ -77.173800390651309, 42.439251000792353 ], [ -77.173815190651283, 42.439245600792333 ], [ -77.173844923984575, 42.439070000792583 ], [ -77.173881990651182, 42.438877867459553 ], [ -77.17391159065113, 42.438795600793014 ], [ -77.174044990650884, 42.43870226745986 ], [ -77.174037590650926, 42.438625400793285 ], [ -77.174074723984177, 42.438554067460075 ], [ -77.174045123984229, 42.438482800793508 ], [ -77.174022790650952, 42.438466267460228 ], [ -77.174000590650962, 42.438416867460262 ], [ -77.173993190651004, 42.438395000793662 ], [ -77.174000590650962, 42.438367467460353 ], [ -77.17403772398427, 42.438318067460443 ], [ -77.174045123984229, 42.438279667460506 ], [ -77.174022790650952, 42.438235800793905 ], [ -77.174022790650952, 42.43820840079394 ], [ -77.173985790650988, 42.438137000794029 ], [ -77.173948790651025, 42.438098600794092 ], [ -77.173933990651051, 42.438021800794218 ], [ -77.173911790651118, 42.437999867460917 ], [ -77.173874723984511, 42.437851600794488 ], [ -77.173867390651196, 42.437791200794607 ], [ -77.17388219065117, 42.437571800794956 ], [ -77.173911923984463, 42.437429067461835 ], [ -77.173941523984411, 42.437385200795234 ], [ -77.17394899065107, 42.437352267461961 ], [ -77.173985923984333, 42.437275400795386 ], [ -77.17400079065095, 42.437237000795449 ], [ -77.174052723984232, 42.437187600795539 ], [ -77.174060123984191, 42.43713820079563 ], [ -77.174089723984139, 42.437121800795637 ], [ -77.174111990650772, 42.437055867462391 ], [ -77.174141723984064, 42.437028467462426 ], [ -77.174163923984054, 42.436995600795854 ], [ -77.174178723984028, 42.436973600795852 ], [ -77.174289790650505, 42.436836400796096 ], [ -77.174386190650353, 42.436726667462892 ], [ -77.174423190650316, 42.436644400796354 ], [ -77.174445390650305, 42.436556467463163 ], [ -77.17451952398352, 42.436424800796715 ], [ -77.174645523983315, 42.436309600796903 ], [ -77.174682523983222, 42.436282200796938 ], [ -77.174815923983033, 42.436199867463756 ], [ -77.174830790649708, 42.436161400797118 ], [ -77.174860390649656, 42.436145000797126 ], [ -77.174860390649656, 42.436106600797189 ], [ -77.174897523982906, 42.435963867464068 ], [ -77.174882590649588, 42.435881467464242 ], [ -77.174897523982906, 42.43581566746434 ], [ -77.17493452398287, 42.435771800797738 ], [ -77.174941923982828, 42.435733400797801 ], [ -77.174971590649477, 42.4357114674645 ], [ -77.175008590649384, 42.435640200797934 ], [ -77.175045790649335, 42.435607200797961 ], [ -77.175053190649351, 42.435557800798051 ], [ -77.175082723982598, 42.435541267464771 ], [ -77.175090190649257, 42.435502867464834 ], [ -77.17511992398255, 42.435475467464869 ], [ -77.175127190649221, 42.43544260079824 ], [ -77.175156923982513, 42.435420600798295 ], [ -77.175164190649184, 42.435376667464993 ], [ -77.175193923982476, 42.435360267465057 ], [ -77.175208790649094, 42.435294400798455 ], [ -77.175230923982383, 42.435278000798519 ], [ -77.175253190649016, 42.435223067465245 ], [ -77.17526799064899, 42.4352010674653 ], [ -77.175290323982324, 42.435140800798706 ], [ -77.175342123982205, 42.435085800798788 ], [ -77.175356990648879, 42.435069400798795 ], [ -77.17549032398199, 42.434932200799039 ], [ -77.175549590648586, 42.434855400799165 ], [ -77.175586723981837, 42.434773000799282 ], [ -77.175616323981785, 42.434729200799325 ], [ -77.175623723981801, 42.434685200799436 ], [ -77.175638523981775, 42.434646867466142 ], [ -77.175653390648392, 42.434630400799506 ], [ -77.175668190648366, 42.43446026746642 ], [ -77.175705323981674, 42.434356000799937 ], [ -77.175727523981607, 42.434334000799936 ], [ -77.175742323981581, 42.434301200800007 ], [ -77.175786790648203, 42.434246267466733 ], [ -77.175816390648151, 42.434224267466789 ], [ -77.175823790648167, 42.434169400800215 ], [ -77.175853523981402, 42.43414200080025 ], [ -77.175853523981402, 42.434114467466941 ], [ -77.175875590648047, 42.434087067467033 ], [ -77.175897923981381, 42.434026800800439 ], [ -77.175927590647973, 42.433999267467129 ], [ -77.175964590647936, 42.433944467467256 ], [ -77.176075790647758, 42.433768800800863 ], [ -77.176112790647721, 42.433735867467533 ], [ -77.176149790647628, 42.433670067467631 ], [ -77.176186923980936, 42.43363160080105 ], [ -77.176194323980894, 42.433598667467777 ], [ -77.176223990647543, 42.433571267467812 ], [ -77.176231390647501, 42.433521867467903 ], [ -77.176261123980794, 42.433505400801266 ], [ -77.176290723980742, 42.433362667468145 ], [ -77.17632032398069, 42.433274867468242 ], [ -77.176349990647338, 42.433253000801642 ], [ -77.176357323980653, 42.433231000801698 ], [ -77.17659452398027, 42.433033467468647 ], [ -77.176683390646815, 42.432940200802136 ], [ -77.176690790646774, 42.432896267468834 ], [ -77.176727923980081, 42.432704200802505 ], [ -77.176757523980029, 42.432682200802503 ], [ -77.176779723980019, 42.432600000802665 ], [ -77.176809323979967, 42.432578000802664 ], [ -77.176816723979925, 42.43255600080272 ], [ -77.176905723979814, 42.43248466746951 ], [ -77.177001990646318, 42.43242986746958 ], [ -77.177001990646318, 42.432402400802971 ], [ -77.177031590646266, 42.43238046746967 ], [ -77.177031590646266, 42.432270667469822 ], [ -77.177001990646318, 42.432199267469912 ], [ -77.177001990646318, 42.432161000803319 ], [ -77.177039123979569, 42.432117000803373 ], [ -77.177076190646176, 42.432089600803465 ], [ -77.177202123979328, 42.4320622008035 ], [ -77.177239123979291, 42.432045667470163 ], [ -77.177298390645831, 42.43199080080359 ], [ -77.177305790645846, 42.431645067470811 ], [ -77.177328123979123, 42.431579200804208 ], [ -77.177402190645694, 42.431540800804271 ], [ -77.177453990645631, 42.431524267470991 ], [ -77.177535523978804, 42.431453000804424 ], [ -77.177624390645349, 42.431370667471242 ], [ -77.177646723978626, 42.431321267471276 ], [ -77.17775779064516, 42.431195067471492 ], [ -77.177846723978348, 42.431085267471644 ], [ -77.177883723978255, 42.431047000805052 ], [ -77.17795792397817, 42.430931667471896 ], [ -77.177950390644867, 42.430789067472119 ], [ -77.177950523978154, 42.430662800805635 ], [ -77.17795792397817, 42.43061886747239 ], [ -77.177987590644761, 42.430591467472425 ], [ -77.177994923978133, 42.430564000805816 ], [ -77.178024590644725, 42.430536600805851 ], [ -77.17803192397804, 42.430388400806066 ], [ -77.178083923977965, 42.43027306747291 ], [ -77.178106123977955, 42.430201800806344 ], [ -77.178135723977903, 42.4301798008064 ], [ -77.178180190644468, 42.430081067473225 ], [ -77.178209923977761, 42.430053600806616 ], [ -77.178231990644406, 42.430009800806658 ], [ -77.178261723977698, 42.429982267473406 ], [ -77.178261590644354, 42.429954867473441 ], [ -77.178298723977662, 42.429905467473475 ], [ -77.178343123977584, 42.429823200806936 ], [ -77.178417323977442, 42.429746400807062 ], [ -77.178565523977227, 42.429559667474052 ], [ -77.178750723976918, 42.429400600807639 ], [ -77.178787790643526, 42.429362200807702 ], [ -77.1788025906435, 42.429312800807736 ], [ -77.178824790643489, 42.429279867474463 ], [ -77.1788913906434, 42.429214000807917 ], [ -77.178950723976641, 42.42917560080798 ], [ -77.179061790643118, 42.429142667474707 ], [ -77.179224790642877, 42.429060400808169 ], [ -77.179276723976102, 42.429043867474832 ], [ -77.179313790642709, 42.429022000808231 ], [ -77.179387790642636, 42.429005467474894 ], [ -77.179484123975783, 42.428950600808321 ], [ -77.17954339064238, 42.428906667475076 ], [ -77.179609990642291, 42.428840867475174 ], [ -77.179647123975542, 42.428769600808607 ], [ -77.179669323975531, 42.428621400808822 ], [ -77.179743390642045, 42.42855560080892 ], [ -77.179817390641915, 42.428473200809037 ], [ -77.179832323975234, 42.428429267475792 ], [ -77.179913923975107, 42.428358000809226 ], [ -77.180002590641664, 42.428264667476071 ], [ -77.180017523974982, 42.428209800809441 ], [ -77.180039790641615, 42.428155000809568 ], [ -77.180224990641307, 42.427973800809809 ], [ -77.180239790641281, 42.427935467476573 ], [ -77.180224990641307, 42.427798200810116 ], [ -77.180254590641255, 42.427770667476807 ], [ -77.180291590641218, 42.427743400810186 ], [ -77.18040279064104, 42.427672000810276 ], [ -77.18040279064104, 42.427644600810368 ], [ -77.180373123974391, 42.427628067477031 ], [ -77.180350990641102, 42.427578667477121 ], [ -77.180343590641144, 42.427551267477156 ], [ -77.180365790641076, 42.427452467477281 ], [ -77.180410190640998, 42.427397667477408 ], [ -77.18048432397427, 42.427364667477434 ], [ -77.180521323974176, 42.427331800810805 ], [ -77.180499123974244, 42.427298800810888 ], [ -77.180447190640962, 42.427260400810951 ], [ -77.180425123974317, 42.427216600810993 ], [ -77.180432390640988, 42.427084800811201 ], [ -77.180447323974306, 42.427029867477984 ], [ -77.180491723974228, 42.426958600811417 ], [ -77.180499123974244, 42.426925667478145 ], [ -77.180573190640757, 42.426843267478262 ], [ -77.180624990640695, 42.426799467478304 ], [ -77.180899190640275, 42.426492067478819 ], [ -77.180936123973538, 42.426464667478854 ], [ -77.180995390640135, 42.426404267478915 ], [ -77.181010323973453, 42.426349400812342 ], [ -77.181032523973386, 42.426333000812349 ], [ -77.18104732397336, 42.426228667479222 ], [ -77.181069523973349, 42.426184800812621 ], [ -77.181069590639993, 42.426140867479319 ], [ -77.181136190639904, 42.426075067479417 ], [ -77.181158523973181, 42.42605860081278 ], [ -77.181217723973077, 42.425992800812878 ], [ -77.181232523973108, 42.425954267479653 ], [ -77.181269590639715, 42.425872000813115 ], [ -77.1814177239728, 42.425734800813302 ], [ -77.181425123972758, 42.425658000813428 ], [ -77.181439923972732, 42.425625067480155 ], [ -77.181469590639381, 42.42559766748019 ], [ -77.181551123972611, 42.425542667480272 ], [ -77.181580790639202, 42.425389067480523 ], [ -77.181580723972559, 42.42530666748064 ], [ -77.181602990639192, 42.425290267480648 ], [ -77.18161039063915, 42.425240867480738 ], [ -77.181617790639166, 42.425224400814102 ], [ -77.181691790639036, 42.425142200814207 ], [ -77.181736323972302, 42.425114667480955 ], [ -77.181840123972108, 42.425032400814416 ], [ -77.181877123972072, 42.424988467481114 ], [ -77.181891923972046, 42.424922600814568 ], [ -77.181914123972035, 42.424906067481231 ], [ -77.181928923972009, 42.424796400814785 ], [ -77.181951123971942, 42.42476900081482 ], [ -77.181988123971905, 42.424686600814937 ], [ -77.182091923971768, 42.42457686748179 ], [ -77.182410390637926, 42.424269467482247 ], [ -77.182462323971151, 42.424231200815655 ], [ -77.182617923970952, 42.42408300081587 ], [ -77.182817790637273, 42.423869000816183 ], [ -77.182832590637247, 42.423847000816238 ], [ -77.182965990637058, 42.423731800816427 ], [ -77.183217923970005, 42.423594600816614 ], [ -77.183277123969901, 42.423545200816704 ], [ -77.183439990636316, 42.423435467483557 ], [ -77.1834993906362, 42.423408000816892 ], [ -77.183551190636138, 42.423375067483619 ], [ -77.183565990636112, 42.4232762674838 ], [ -77.183588190636101, 42.423248867483835 ], [ -77.18359559063606, 42.423210400817197 ], [ -77.183625323969352, 42.423166600817297 ], [ -77.183625190636008, 42.423073267484085 ], [ -77.183669723969274, 42.422990867484259 ], [ -77.183669723969274, 42.422947067484301 ], [ -77.183706790635881, 42.422809800817845 ], [ -77.183847523969007, 42.422672600818032 ], [ -77.183869723968996, 42.422650667484731 ], [ -77.183921523968934, 42.422595800818158 ], [ -77.18394379063551, 42.422513400818332 ], [ -77.183973390635515, 42.422469600818374 ], [ -77.183973390635515, 42.422442067485065 ], [ -77.183995590635448, 42.422387267485192 ], [ -77.184069723968662, 42.422304867485309 ], [ -77.184380790634862, 42.422052467485685 ], [ -77.184454790634732, 42.421975600819167 ], [ -77.184617923967835, 42.421767067486144 ], [ -77.18463999063448, 42.421739667486179 ], [ -77.184788190634208, 42.421613467486395 ], [ -77.184832723967475, 42.42158600081973 ], [ -77.185010390633863, 42.421487200819911 ], [ -77.185032723967197, 42.42146526748661 ], [ -77.185084523967078, 42.421421400820009 ], [ -77.185136390633659, 42.42133906748677 ], [ -77.185165923966963, 42.421004267487319 ], [ -77.185195590633612, 42.420965867487382 ], [ -77.185262190633466, 42.420911000820809 ], [ -77.185321590633407, 42.420872600820871 ], [ -77.185417790633267, 42.420845200820906 ], [ -77.185469723966492, 42.420839667487598 ], [ -77.185528923966388, 42.420812267487634 ], [ -77.185595590633, 42.420762800821024 ], [ -77.185706723966121, 42.420664067487849 ], [ -77.185706723966121, 42.42063660082124 ], [ -77.185728790632766, 42.420620067487903 ], [ -77.185743723966084, 42.420526800821392 ], [ -77.185765923966017, 42.420455467488182 ], [ -77.185802990632681, 42.420389600821579 ], [ -77.185973323965698, 42.42021946748855 ], [ -77.186106723965509, 42.420126267488683 ], [ -77.18638819063176, 42.419989067488871 ], [ -77.186432523964982, 42.419978000822255 ], [ -77.186521390631526, 42.419945067488982 ], [ -77.186706723964562, 42.419906667489045 ], [ -77.187091790630632, 42.419862800822443 ], [ -77.187247323963732, 42.419862800822443 ], [ -77.18750652396335, 42.419835267489134 ], [ -77.187558390629931, 42.419797000822541 ], [ -77.187580723963208, 42.419769467489232 ], [ -77.18758052396322, 42.419742067489267 ], [ -77.187602790629853, 42.419637800822784 ], [ -77.187691590629697, 42.419434800823069 ], [ -77.187699123963057, 42.419412800823125 ], [ -77.187691723963042, 42.41939080082318 ], [ -77.187691723963042, 42.419385267489815 ], [ -77.18772139062969, 42.419352400823186 ], [ -77.187728723963005, 42.41933600082325 ], [ -77.187743590629623, 42.419314000823249 ], [ -77.18779539062956, 42.419198667490093 ], [ -77.18781759062955, 42.419149400823528 ], [ -77.187824990629508, 42.419072467490309 ], [ -77.187847323962785, 42.419034067490372 ], [ -77.187876790629446, 42.419006667490407 ], [ -77.18795092396266, 42.419067067490346 ], [ -77.188024990629231, 42.41903960082368 ], [ -77.188054590629179, 42.4190230674904 ], [ -77.188047123962519, 42.418962667490462 ], [ -77.18806952396244, 42.418929800823889 ], [ -77.188106390629059, 42.418913267490552 ], [ -77.188217523962237, 42.418885867490587 ], [ -77.188328723962059, 42.418853000824015 ], [ -77.188373123961981, 42.418853000824015 ], [ -77.188461990628525, 42.418880400823923 ], [ -77.188498990628489, 42.418853000824015 ], [ -77.188484190628515, 42.418798200824085 ], [ -77.188498990628489, 42.418770667490776 ], [ -77.188521190628421, 42.418748667490831 ], [ -77.188550790628369, 42.418693867490902 ], [ -77.188550923961714, 42.418639000824328 ], [ -77.188535990628395, 42.418540200824452 ], [ -77.188513790628463, 42.418523667491172 ], [ -77.188498990628489, 42.418419467491333 ], [ -77.188498990628489, 42.418392000824724 ], [ -77.188476790628499, 42.418320600824813 ], [ -77.188476790628499, 42.41828226749152 ], [ -77.188498990628489, 42.418199867491694 ], [ -77.188521123961777, 42.418145067491764 ], [ -77.188550790628369, 42.41801880082528 ], [ -77.188573123961703, 42.417975000825322 ], [ -77.188580390628317, 42.417931067492077 ], [ -77.188602723961651, 42.417903600825468 ], [ -77.18861012396161, 42.417865200825531 ], [ -77.18869892396151, 42.417755467492384 ], [ -77.188750723961391, 42.41768400082583 ], [ -77.188824790627962, 42.417590800825963 ], [ -77.188980323961061, 42.417426200826185 ], [ -77.189128523960846, 42.417305400826365 ], [ -77.189217390627334, 42.417217600826518 ], [ -77.189432190627031, 42.417069400826733 ], [ -77.18966172396, 42.416899267493704 ], [ -77.189698723959964, 42.416866267493731 ], [ -77.189809790626441, 42.416751067493919 ], [ -77.189846790626348, 42.416690667494038 ], [ -77.1899727906262, 42.416569867494218 ], [ -77.190194923959154, 42.41640526749444 ], [ -77.190357923958913, 42.416306600827966 ], [ -77.190454190625417, 42.416251667494691 ], [ -77.190506123958698, 42.416240667494719 ], [ -77.190528190625344, 42.416224200828083 ], [ -77.190631923958506, 42.41620780082809 ], [ -77.190705923958376, 42.416169267494809 ], [ -77.190950390624664, 42.415922400828549 ], [ -77.191024390624534, 42.415801667495373 ], [ -77.191024390624534, 42.415774200828764 ], [ -77.191046590624524, 42.415757667495484 ], [ -77.191061523957842, 42.415713800828883 ], [ -77.19108359062443, 42.415697267495545 ], [ -77.191098390624461, 42.41564800082898 ], [ -77.191157723957701, 42.415587600829042 ], [ -77.191209590624283, 42.41552180082914 ], [ -77.191291123957456, 42.415466867495923 ], [ -77.191402123957289, 42.41540100082932 ], [ -77.19145399062387, 42.415373467496067 ], [ -77.191646523956933, 42.415263800829564 ], [ -77.191942790623102, 42.415104600829807 ], [ -77.191979790623066, 42.415093667496478 ], [ -77.192031590623003, 42.415088200829814 ], [ -77.192187190622747, 42.415055200829897 ], [ -77.192342723955846, 42.415033200829896 ], [ -77.192394590622428, 42.415022200829924 ], [ -77.192853590621723, 42.414978267496679 ], [ -77.193253723954399, 42.414956400830022 ], [ -77.193423990620829, 42.414956267496677 ], [ -77.193616523953835, 42.414961800830042 ], [ -77.19370539062038, 42.414923400830105 ], [ -77.193794323953568, 42.414841067496866 ], [ -77.193801590620239, 42.414769667497012 ], [ -77.193831323953532, 42.414714800830438 ], [ -77.193831323953532, 42.414665467497173 ], [ -77.193868190620151, 42.414446000830822 ], [ -77.193868323953438, 42.414440467497514 ], [ -77.193890523953428, 42.414413000830905 ], [ -77.193912723953417, 42.414319800831038 ], [ -77.193920123953376, 42.414281267497756 ], [ -77.193957123953339, 42.414149600831308 ], [ -77.19393492395335, 42.414023400831468 ], [ -77.193905323953402, 42.413930000831613 ], [ -77.193882990620125, 42.41387520083174 ], [ -77.193882990620125, 42.413770867498556 ], [ -77.193905190620058, 42.413743467498591 ], [ -77.193927390620047, 42.413710600831962 ], [ -77.19396439062001, 42.413677667498689 ], [ -77.194193990619624, 42.413518467498932 ], [ -77.194349523952724, 42.413447067499021 ], [ -77.194534723952415, 42.41333726749923 ], [ -77.194638390618934, 42.4132824674993 ], [ -77.194712390618804, 42.413227600832727 ], [ -77.19475692395207, 42.413205600832725 ], [ -77.195267790617947, 42.412881800833247 ], [ -77.195304790617911, 42.412848867499974 ], [ -77.195489923950959, 42.412717067500182 ], [ -77.195586190617462, 42.412662200833608 ], [ -77.195660190617332, 42.412645800833616 ], [ -77.195867723950357, 42.412618400833651 ], [ -77.195934323950269, 42.412590867500398 ], [ -77.195993590616808, 42.412541467500432 ], [ -77.196045390616746, 42.412497467500543 ], [ -77.196082390616709, 42.412431667500641 ], [ -77.196082390616709, 42.412404200833976 ], [ -77.196104723949986, 42.41238780083404 ], [ -77.19613419061659, 42.412321867500793 ], [ -77.196178590616569, 42.412289000834164 ], [ -77.196319390616338, 42.41219566750101 ], [ -77.196400923949511, 42.412151800834408 ], [ -77.196659990615785, 42.412025600834568 ], [ -77.196697123949093, 42.412003600834623 ], [ -77.19680819061557, 42.411976200834658 ], [ -77.196837723948875, 42.411987067501286 ], [ -77.196941523948681, 42.411976067501314 ], [ -77.197052523948514, 42.411954200834714 ], [ -77.197178390615022, 42.411926667501405 ], [ -77.197311723948133, 42.411910200834768 ], [ -77.197444990614599, 42.411893800834775 ], [ -77.197733790614109, 42.411833267501549 ], [ -77.197763390614114, 42.411816867501557 ], [ -77.197970790613738, 42.411762000834983 ], [ -77.198059590613639, 42.411734600835018 ], [ -77.198341123946534, 42.411707000835065 ], [ -77.198548390612871, 42.4116796008351 ], [ -77.198570723946148, 42.411674067501792 ], [ -77.198600190612808, 42.411663200835164 ], [ -77.198652123946033, 42.411652200835192 ], [ -77.198711323945929, 42.411619200835219 ], [ -77.198770523945882, 42.411553267501972 ], [ -77.1987853906125, 42.411509467502071 ], [ -77.198807590612489, 42.41148746750207 ], [ -77.198822390612463, 42.411427200835533 ], [ -77.198844590612396, 42.411405067502187 ], [ -77.198859523945714, 42.411333800835678 ], [ -77.198881590612359, 42.411317267502341 ], [ -77.198888990612318, 42.411257000835803 ], [ -77.198911323945651, 42.411213067502501 ], [ -77.198933390612297, 42.411130800835963 ], [ -77.198963123945532, 42.41110326750271 ], [ -77.198970390612203, 42.411048467502781 ], [ -77.199000123945495, 42.411032000836144 ], [ -77.199007523945511, 42.410993600836207 ], [ -77.199037123945459, 42.410971600836206 ], [ -77.199044523945417, 42.410938667502933 ], [ -77.199081523945381, 42.410905667503016 ], [ -77.199111190611973, 42.410850867503086 ], [ -77.199133390611962, 42.410752067503211 ], [ -77.199125923945303, 42.410669800836672 ], [ -77.199155523945251, 42.410516067503579 ], [ -77.199140723945277, 42.41026920083732 ], [ -77.199170190611881, 42.410203267504073 ], [ -77.199221990611818, 42.4101484008375 ], [ -77.19940719061151, 42.409994667504407 ], [ -77.199458923944803, 42.409956400837814 ], [ -77.199592323944557, 42.409901400837896 ], [ -77.199740390610998, 42.409863000837959 ], [ -77.199829190610899, 42.409835467504649 ], [ -77.199888390610795, 42.409808067504684 ], [ -77.199910723944072, 42.409808067504684 ], [ -77.199947790610679, 42.409780600838076 ], [ -77.200088523943805, 42.409731200838166 ], [ -77.200132790610382, 42.409720267504838 ], [ -77.200206923943654, 42.4096818008382 ], [ -77.200310590610115, 42.409627000838327 ], [ -77.200369790610068, 42.409555600838416 ], [ -77.200384523943342, 42.409517067505135 ], [ -77.200406790609975, 42.409500667505199 ], [ -77.200443790609938, 42.409429400838633 ], [ -77.200480923943189, 42.409390867505351 ], [ -77.200495723943163, 42.409352467505414 ], [ -77.200517790609808, 42.409336067505421 ], [ -77.200547390609756, 42.409253667505538 ], [ -77.200621523942971, 42.409193267505657 ], [ -77.200806590609375, 42.409111000839118 ], [ -77.200954723942459, 42.409034200839244 ], [ -77.200999123942381, 42.408995667505963 ], [ -77.201065723942293, 42.408924400839396 ], [ -77.201110190608915, 42.408842067506214 ], [ -77.201198990608759, 42.408765200839639 ], [ -77.20123612394201, 42.408732200839722 ], [ -77.201487790608326, 42.408551200839952 ], [ -77.201687723941347, 42.408435800840152 ], [ -77.201954323940924, 42.408309600840369 ], [ -77.202339190607006, 42.408062600840765 ], [ -77.202435523940153, 42.408007800840835 ], [ -77.202642923939834, 42.407881467507707 ], [ -77.202746523939709, 42.407826467507789 ], [ -77.202827990606238, 42.407804600841132 ], [ -77.202901990606108, 42.407810067507796 ], [ -77.203013123939286, 42.407832000841097 ], [ -77.203079790605841, 42.407826467507789 ], [ -77.203138990605737, 42.407826467507789 ], [ -77.203227790605581, 42.407782600841188 ], [ -77.203272323938847, 42.407733200841221 ], [ -77.203316590605482, 42.407475200841645 ], [ -77.203360990605404, 42.407387400841799 ], [ -77.203472123938582, 42.407332600841869 ], [ -77.204323523937262, 42.406723267509506 ], [ -77.204501190603651, 42.406640867509623 ], [ -77.204553123936876, 42.406613467509658 ], [ -77.204612323936772, 42.406586000843049 ], [ -77.204775190603186, 42.406569467509712 ], [ -77.204849323936401, 42.406547600843112 ], [ -77.204930723936286, 42.40650366750981 ], [ -77.204982523936224, 42.406459667509864 ], [ -77.205019590602831, 42.406306067510116 ], [ -77.205108390602675, 42.406212800843605 ], [ -77.205263923935775, 42.406103000843757 ], [ -77.205537723935379, 42.405921800844055 ], [ -77.205745123935003, 42.405812000844207 ], [ -77.205789390601637, 42.405784600844299 ], [ -77.205870990601511, 42.405746067511018 ], [ -77.2061373906011, 42.405576000844576 ], [ -77.206500190600536, 42.405400267511538 ], [ -77.206811190600035, 42.405246600845089 ], [ -77.206863123933317, 42.405241067511781 ], [ -77.206885190599905, 42.405219067511837 ], [ -77.207144523932868, 42.4052026008452 ], [ -77.207181523932775, 42.405191600845171 ], [ -77.207292523932608, 42.405147667511926 ], [ -77.207425790599075, 42.40505986751208 ], [ -77.207514590598976, 42.404977600845541 ], [ -77.207536790598908, 42.404911667512295 ], [ -77.207536790598908, 42.404873267512357 ], [ -77.207514590598976, 42.404851267512413 ], [ -77.207529323932249, 42.404818400845784 ], [ -77.207951390598282, 42.404511000846242 ], [ -77.20815119059796, 42.404384667513114 ], [ -77.20828452393107, 42.404307800846539 ], [ -77.208365923930955, 42.404274867513266 ], [ -77.208632590597233, 42.404285800846594 ], [ -77.208676923930454, 42.404285867513238 ], [ -77.208736190597051, 42.404285800846594 ], [ -77.208899123930109, 42.404258267513285 ], [ -77.208987990596654, 42.404219867513348 ], [ -77.209106390596503, 42.40414300084683 ], [ -77.209165590596399, 42.404104600846892 ], [ -77.209284123929535, 42.404049667513618 ], [ -77.209469123929239, 42.403923467513835 ], [ -77.209506190595846, 42.403885067513897 ], [ -77.209513590595861, 42.40384666751396 ], [ -77.209543190595809, 42.403819200847295 ], [ -77.209550523929124, 42.403764400847422 ], [ -77.209580123929072, 42.403731400847448 ], [ -77.209594923929046, 42.403682000847539 ], [ -77.209617190595679, 42.403660000847594 ], [ -77.209713390595539, 42.403599667514356 ], [ -77.209787523928753, 42.403566667514383 ], [ -77.209861390595336, 42.403517267514474 ], [ -77.209972523928457, 42.4034624008479 ], [ -77.210083590594991, 42.403434867514591 ], [ -77.210164990594819, 42.403402000847962 ], [ -77.210275990594653, 42.403330600848108 ], [ -77.21048332392769, 42.403226267514924 ], [ -77.210653590594063, 42.403138400848377 ], [ -77.210742523927252, 42.403116467515076 ], [ -77.210779523927215, 42.403116467515076 ], [ -77.210853590593786, 42.403138467515021 ], [ -77.210890723927037, 42.403154867515013 ], [ -77.210986790593552, 42.403176800848314 ], [ -77.211046123926792, 42.403165800848342 ], [ -77.211134923926693, 42.403121867515097 ], [ -77.211171923926599, 42.403094467515132 ], [ -77.211186723926573, 42.403056000848494 ], [ -77.211208990593207, 42.403039600848558 ], [ -77.211231123926495, 42.402984667515284 ], [ -77.21124599059317, 42.402962800848627 ], [ -77.211260790593144, 42.40292980084871 ], [ -77.211379123926292, 42.402820067515563 ], [ -77.211564323925984, 42.402721200849044 ], [ -77.211616123925921, 42.402710200849071 ], [ -77.21171979059244, 42.402655267515797 ], [ -77.211764123925661, 42.402644267515825 ], [ -77.21179379059231, 42.402627800849189 ], [ -77.211889990592169, 42.402600400849224 ], [ -77.212015923925321, 42.402583867515887 ], [ -77.212075123925217, 42.402583867515887 ], [ -77.21219359059171, 42.402594867515916 ], [ -77.212238123924976, 42.402611267515852 ], [ -77.212378723924758, 42.402594800849215 ], [ -77.212534190591157, 42.402567267515906 ], [ -77.213119190590248, 42.40250680084938 ], [ -77.2132451239234, 42.402512200849344 ], [ -77.213637523922785, 42.402621867515847 ], [ -77.213889323922388, 42.402660267515785 ], [ -77.213911523922377, 42.402676800849122 ], [ -77.214022590588854, 42.40268766751575 ], [ -77.21422259058852, 42.402715067515715 ], [ -77.214318790588379, 42.402742467515679 ], [ -77.214540990588034, 42.402852200848827 ], [ -77.214563323921368, 42.402863200848799 ], [ -77.214711390587809, 42.402945400848694 ], [ -77.215000323920663, 42.403126400848407 ], [ -77.215126190587114, 42.403203200848282 ], [ -77.215178123920396, 42.40323066751489 ], [ -77.215311323920162, 42.403313000848129 ], [ -77.215474323919921, 42.403400800847976 ], [ -77.215790528086131, 42.403721301889163 ], [ -77.216178086418836, 42.403999332097044 ], [ -77.216523517668293, 42.40431106334654 ], [ -77.216826823917813, 42.404555393554517 ], [ -77.217138555167367, 42.40483342480411 ], [ -77.217416586416903, 42.405094605011982 ], [ -77.217787293708, 42.405423186261487 ], [ -77.217960069749381, 42.405609252927889 ], [ -77.217981071832696, 42.405684366469416 ], [ -77.21791367079112, 42.405785468552608 ], [ -77.217854694749576, 42.405852869594185 ], [ -77.217854694749576, 42.405920271677417 ] ] ] ] } }
]
}
